-- phpMyAdmin SQL Dump
-- version 4.0.10deb1
-- http://www.phpmyadmin.net
--
-- Host: localhost
-- Generation Time: Jan 05, 2016 at 06:33 PM
-- Server version: 5.5.38-0ubuntu0.14.04.1
-- PHP Version: 5.5.9-1ubuntu4.4

SET SQL_MODE = "NO_AUTO_VALUE_ON_ZERO";
SET time_zone = "+00:00";


/*!40101 SET @OLD_CHARACTER_SET_CLIENT=@@CHARACTER_SET_CLIENT */;
/*!40101 SET @OLD_CHARACTER_SET_RESULTS=@@CHARACTER_SET_RESULTS */;
/*!40101 SET @OLD_COLLATION_CONNECTION=@@COLLATION_CONNECTION */;
/*!40101 SET NAMES utf8 */;

--
-- Database: `lb_demo`
--

-- --------------------------------------------------------

--
-- Table structure for table `lb_account_basic_permission`
--

CREATE TABLE IF NOT EXISTS `lb_account_basic_permission` (
  `lb_record_primary_key` int(11) NOT NULL AUTO_INCREMENT,
  `account_id` int(11) NOT NULL,
  `module_id` int(11) NOT NULL,
  `basic_permission_id` int(11) NOT NULL,
  `basic_permission_status` int(1) NOT NULL,
  PRIMARY KEY (`lb_record_primary_key`)
) ENGINE=InnoDB DEFAULT CHARSET=latin1 AUTO_INCREMENT=1 ;

-- --------------------------------------------------------

--
-- Table structure for table `lb_account_define_permission`
--

CREATE TABLE IF NOT EXISTS `lb_account_define_permission` (
  `lb_record_primary_key` int(11) NOT NULL AUTO_INCREMENT,
  `define_permission_id` int(11) NOT NULL,
  `account_id` int(11) NOT NULL,
  `module_id` int(11) NOT NULL,
  PRIMARY KEY (`lb_record_primary_key`)
) ENGINE=InnoDB DEFAULT CHARSET=latin1 AUTO_INCREMENT=1 ;

-- --------------------------------------------------------

--
-- Table structure for table `lb_account_roles`
--

CREATE TABLE IF NOT EXISTS `lb_account_roles` (
  `lb_record_primary_key` int(11) NOT NULL AUTO_INCREMENT,
  `accout_id` int(11) NOT NULL,
  `role_id` int(11) NOT NULL,
  PRIMARY KEY (`lb_record_primary_key`)
) ENGINE=InnoDB  DEFAULT CHARSET=latin1 AUTO_INCREMENT=5 ;

--
-- Dumping data for table `lb_account_roles`
--

INSERT INTO `lb_account_roles` (`lb_record_primary_key`, `accout_id`, `role_id`) VALUES
(4, 1, 1);

-- --------------------------------------------------------

--
-- Table structure for table `lb_bank_account`
--

CREATE TABLE IF NOT EXISTS `lb_bank_account` (
  `lb_record_primary_key` int(11) NOT NULL AUTO_INCREMENT,
  `lb_account_id` int(11) NOT NULL,
  `lb_bank_account` varchar(255) NOT NULL,
  PRIMARY KEY (`lb_record_primary_key`)
) ENGINE=MyISAM DEFAULT CHARSET=utf8 AUTO_INCREMENT=1 ;

-- --------------------------------------------------------

--
-- Table structure for table `lb_basic_permission`
--

CREATE TABLE IF NOT EXISTS `lb_basic_permission` (
  `basic_permission_id` int(11) NOT NULL AUTO_INCREMENT,
  `basic_permission_name` varchar(100) NOT NULL,
  `basic_permission_description` varchar(255) NOT NULL,
  `basic_permission_hidden` int(1) NOT NULL,
  PRIMARY KEY (`basic_permission_id`)
) ENGINE=InnoDB DEFAULT CHARSET=latin1 AUTO_INCREMENT=1 ;

-- --------------------------------------------------------

--
-- Table structure for table `lb_comment`
--

CREATE TABLE IF NOT EXISTS `lb_comment` (
  `lb_record_primary_key` int(11) NOT NULL AUTO_INCREMENT,
  `lb_module_name` varchar(100) NOT NULL,
  `lb_comment_description` longtext NOT NULL,
  `lb_item_module_id` int(11) NOT NULL,
  `lb_account_id` int(11) NOT NULL,
  `lb_comment_date` date NOT NULL,
  `lb_parent_comment_id` int(11) NOT NULL,
  PRIMARY KEY (`lb_record_primary_key`)
) ENGINE=InnoDB DEFAULT CHARSET=latin1 AUTO_INCREMENT=1 ;

-- --------------------------------------------------------

--
-- Table structure for table `lb_contracts`
--

CREATE TABLE IF NOT EXISTS `lb_contracts` (
  `lb_record_primary_key` int(11) NOT NULL AUTO_INCREMENT,
  `lb_customer_id` int(11) NOT NULL,
  `lb_address_id` int(11) NOT NULL,
  `lb_contact_id` int(11) NOT NULL,
  `lb_contract_no` varchar(50) NOT NULL,
  `lb_contract_notes` varchar(255) NOT NULL,
  `lb_contract_date_start` date NOT NULL,
  `lb_contract_date_end` date NOT NULL,
  `lb_contract_type` varchar(100) NOT NULL,
  `lb_contract_amount` decimal(10,2) NOT NULL,
  `lb_contract_parent` int(11) NOT NULL,
  `lb_contract_status` varchar(50) NOT NULL,
  PRIMARY KEY (`lb_record_primary_key`)
) ENGINE=InnoDB  DEFAULT CHARSET=latin1 AUTO_INCREMENT=5 ;

--
-- Dumping data for table `lb_contracts`
--

INSERT INTO `lb_contracts` (`lb_record_primary_key`, `lb_customer_id`, `lb_address_id`, `lb_contact_id`, `lb_contract_no`, `lb_contract_notes`, `lb_contract_date_start`, `lb_contract_date_end`, `lb_contract_type`, `lb_contract_amount`, `lb_contract_parent`, `lb_contract_status`) VALUES
(1, 8, 3, 3, 'C-20150000001', '', '2015-07-01', '2015-07-01', 'service', 300000.00, 0, 'Ended'),
(2, 8, 7, 8, 'C-20150000002', '', '2015-01-01', '2015-12-31', 'Kiosk A-14', 57000000.00, 0, 'Active'),
(3, 16, 10, 0, 'C-20150000003', 'CONTRACT SAMPLE', '2015-10-06', '2015-12-01', 'House Rent', 5000000.00, 0, 'Active'),
(4, 8, 3, 3, 'C-20150000001', '', '2016-01-04', '2016-01-04', 'service', 300000.00, 1, 'Active');

-- --------------------------------------------------------

--
-- Table structure for table `lb_contract_document`
--

CREATE TABLE IF NOT EXISTS `lb_contract_document` (
  `lb_record_primary_key` int(11) NOT NULL AUTO_INCREMENT,
  `lb_contract_id` int(11) NOT NULL,
  `lb_document_url` varchar(255) NOT NULL,
  `lb_document_name` varchar(255) NOT NULL,
  `lb_document_url_icon` varchar(255) NOT NULL,
  PRIMARY KEY (`lb_record_primary_key`)
) ENGINE=InnoDB DEFAULT CHARSET=latin1 AUTO_INCREMENT=1 ;

-- --------------------------------------------------------

--
-- Table structure for table `lb_contract_invoice`
--

CREATE TABLE IF NOT EXISTS `lb_contract_invoice` (
  `lb_record_primary_key` int(11) NOT NULL AUTO_INCREMENT,
  `lb_contract_id` int(11) NOT NULL,
  `lb_invoice_id` int(11) NOT NULL,
  PRIMARY KEY (`lb_record_primary_key`)
) ENGINE=InnoDB  DEFAULT CHARSET=latin1 AUTO_INCREMENT=6 ;

--
-- Dumping data for table `lb_contract_invoice`
--

INSERT INTO `lb_contract_invoice` (`lb_record_primary_key`, `lb_contract_id`, `lb_invoice_id`) VALUES
(1, 1, 78),
(2, 2, 98),
(3, 2, 99),
(4, 2, 100),
(5, 4, 255);

-- --------------------------------------------------------

--
-- Table structure for table `lb_core_entities`
--

CREATE TABLE IF NOT EXISTS `lb_core_entities` (
  `lb_record_primary_key` int(11) NOT NULL AUTO_INCREMENT,
  `lb_entity_type` char(100) COLLATE utf8_unicode_ci NOT NULL COMMENT 'INVOICE, QUOTATION, CUSTOMER,...',
  `lb_entity_primary_key` int(11) NOT NULL,
  `lb_created_by` int(11) NOT NULL,
  `lb_created_date` datetime NOT NULL,
  `lb_last_updated_by` int(11) NOT NULL,
  `lb_last_update` datetime NOT NULL,
  `lb_subscription_id` int(11) NOT NULL,
  `lb_locked_from_deletion` tinyint(1) NOT NULL COMMENT 'e.g. already paid or written-off invoices',
  PRIMARY KEY (`lb_record_primary_key`)
) ENGINE=InnoDB  DEFAULT CHARSET=utf8 COLLATE=utf8_unicode_ci COMMENT='attributes that almost all important models should have' AUTO_INCREMENT=1787 ;

--
-- Dumping data for table `lb_core_entities`
--

INSERT INTO `lb_core_entities` (`lb_record_primary_key`, `lb_entity_type`, `lb_entity_primary_key`, `lb_created_by`, `lb_created_date`, `lb_last_updated_by`, `lb_last_update`, `lb_subscription_id`, `lb_locked_from_deletion`) VALUES
(1, 'lbGenera', 1, 1, '2015-06-15 04:15:38', 1, '2015-12-31 17:00:43', 1, 0),
(2, 'lbNextId', 1, 1, '2015-06-15 04:15:38', 1, '2016-01-04 21:29:53', 1, 0),
(3, 'lbDefaultNote', 1, 1, '2015-06-15 04:15:38', 1, '2015-06-15 04:15:38', 1, 0),
(5, 'modules', 2, 1, '2015-06-15 04:15:49', 1, '2015-12-05 14:43:32', 1, 0),
(7, 'modules', 4, 1, '2015-06-15 04:15:55', 1, '2015-09-24 01:23:07', 1, 0),
(8, 'modules', 5, 1, '2015-06-15 04:15:58', 1, '2015-07-20 04:58:51', 1, 0),
(10, 'modules', 7, 1, '2015-06-15 04:16:06', 1, '2015-07-09 01:56:48', 1, 0),
(13, 'lbCustomerAddress', 1, 1, '2015-06-22 17:44:22', 1, '2015-06-22 17:44:22', 1, 0),
(14, 'lbCustomerContact', 1, 1, '2015-06-22 17:44:22', 1, '2015-06-22 17:44:22', 1, 0),
(15, 'lbCustomerAddressContact', 1, 1, '2015-06-22 17:44:22', 1, '2015-06-22 17:44:22', 1, 0),
(16, 'lbInvoice', 1, 1, '2015-06-22 17:44:46', 1, '2015-06-22 17:50:36', 1, 0),
(17, 'lbInvoiceItem', 1, 1, '2015-06-22 17:44:46', 1, '2015-10-29 15:03:46', 1, 0),
(19, 'lbInvoiceTotal', 1, 1, '2015-06-22 17:44:46', 1, '2015-12-23 15:37:17', 1, 0),
(20, 'lbCustomer', 7, 1, '2015-06-22 17:46:58', 1, '2015-12-31 07:10:55', 1, 0),
(21, 'lbCustomerAddress', 2, 1, '2015-06-22 17:47:15', 1, '2015-06-22 17:47:15', 1, 0),
(22, 'lbCustomerContact', 2, 1, '2015-06-22 17:47:24', 1, '2015-06-22 17:47:24', 1, 0),
(23, 'lbTax', 1, 1, '2015-06-22 17:47:45', 1, '2015-06-22 17:47:45', 1, 0),
(24, 'lbInvoiceItem', 3, 1, '2015-06-22 17:47:45', 1, '2015-10-29 15:03:54', 1, 0),
(25, 'lbVendor', 1, 1, '2015-06-22 21:26:17', 1, '2015-06-22 21:26:17', 1, 0),
(26, 'lbInvoice', 2, 1, '2015-06-23 09:32:18', 1, '2015-06-23 09:32:18', 1, 0),
(27, 'lbInvoiceItem', 4, 1, '2015-06-23 09:32:18', 1, '2015-06-23 09:32:18', 1, 0),
(28, 'lbInvoiceItem', 5, 1, '2015-06-23 09:32:18', 1, '2015-06-23 09:32:18', 1, 0),
(29, 'lbInvoiceTotal', 2, 1, '2015-06-23 09:32:18', 1, '2015-06-23 20:43:54', 1, 0),
(30, 'lbInvoice', 3, 1, '2015-06-23 11:16:41', 1, '2015-06-23 11:16:41', 1, 0),
(31, 'lbInvoiceItem', 6, 1, '2015-06-23 11:16:41', 1, '2015-06-23 11:16:41', 1, 0),
(32, 'lbInvoiceItem', 7, 1, '2015-06-23 11:16:41', 1, '2015-06-23 11:16:41', 1, 0),
(33, 'lbInvoiceTotal', 3, 1, '2015-06-23 11:16:41', 1, '2015-06-24 10:08:55', 1, 0),
(34, 'lbCustomer', 8, 1, '2015-06-23 11:25:44', 1, '2015-10-25 17:31:57', 1, 0),
(35, 'lbInvoice', 4, 1, '2015-06-23 11:26:14', 1, '2015-06-23 11:26:14', 1, 0),
(36, 'lbInvoiceItem', 8, 1, '2015-06-23 11:26:14', 1, '2015-06-23 11:26:14', 1, 0),
(37, 'lbInvoiceItem', 9, 1, '2015-06-23 11:26:14', 1, '2015-06-23 11:26:14', 1, 0),
(38, 'lbInvoiceTotal', 4, 1, '2015-06-23 11:26:14', 1, '2015-06-23 11:26:17', 1, 0),
(39, 'lbInvoice', 5, 1, '2015-06-23 16:48:23', 1, '2015-06-29 01:39:37', 1, 0),
(40, 'lbInvoiceItem', 10, 1, '2015-06-23 16:48:23', 1, '2015-06-29 01:40:07', 1, 0),
(41, 'lbInvoiceItem', 11, 1, '2015-06-23 16:48:23', 1, '2015-06-29 01:40:08', 1, 0),
(42, 'lbInvoiceTotal', 5, 1, '2015-06-23 16:48:23', 1, '2015-08-20 00:06:43', 1, 0),
(43, 'lbCustomer', 9, 1, '2015-06-23 16:48:44', 1, '2015-10-25 17:31:57', 1, 0),
(44, 'lbCustomerAddress', 3, 1, '2015-06-23 16:48:53', 1, '2015-06-23 16:48:53', 1, 0),
(45, 'lbCustomerContact', 3, 1, '2015-06-23 16:49:01', 1, '2015-06-23 16:49:01', 1, 0),
(46, 'lbInvoice', 6, 1, '2015-06-23 17:57:00', 1, '2015-06-23 17:57:00', 1, 0),
(47, 'lbInvoiceItem', 12, 1, '2015-06-23 17:57:01', 1, '2015-06-23 17:57:01', 1, 0),
(48, 'lbInvoiceItem', 13, 1, '2015-06-23 17:57:01', 1, '2015-06-23 17:57:01', 1, 0),
(49, 'lbInvoiceTotal', 6, 1, '2015-06-23 17:57:01', 1, '2015-06-23 17:57:02', 1, 0),
(50, 'lbInvoice', 7, 1, '2015-06-24 05:56:23', 1, '2015-06-24 05:56:23', 1, 0),
(51, 'lbInvoiceItem', 14, 1, '2015-06-24 05:56:23', 1, '2015-06-24 05:56:23', 1, 0),
(52, 'lbInvoiceItem', 15, 1, '2015-06-24 05:56:23', 1, '2015-06-24 05:56:23', 1, 0),
(53, 'lbInvoiceTotal', 7, 1, '2015-06-24 05:56:23', 1, '2015-06-25 17:12:26', 1, 0),
(54, 'lbInvoice', 8, 1, '2015-06-24 10:08:39', 1, '2015-06-24 10:08:39', 1, 0),
(55, 'lbInvoiceItem', 16, 1, '2015-06-24 10:08:39', 1, '2015-06-24 10:08:39', 1, 0),
(56, 'lbInvoiceItem', 17, 1, '2015-06-24 10:08:39', 1, '2015-06-24 10:08:39', 1, 0),
(57, 'lbInvoiceTotal', 8, 1, '2015-06-24 10:08:39', 1, '2015-06-24 10:08:39', 1, 0),
(58, 'lbInvoice', 9, 1, '2015-06-24 10:11:23', 1, '2015-06-24 10:11:23', 1, 0),
(59, 'lbInvoiceItem', 18, 1, '2015-06-24 10:11:23', 1, '2015-06-24 10:11:23', 1, 0),
(60, 'lbInvoiceItem', 19, 1, '2015-06-24 10:11:23', 1, '2015-06-24 10:11:23', 1, 0),
(61, 'lbInvoiceTotal', 9, 1, '2015-06-24 10:11:23', 1, '2015-06-24 10:11:24', 1, 0),
(62, 'lbQuotation', 1, 1, '2015-06-25 00:28:37', 1, '2015-06-25 00:28:37', 1, 0),
(63, 'lbQuotationItem', 1, 1, '2015-06-25 00:28:37', 1, '2015-06-25 00:28:37', 1, 0),
(64, 'lbQuotationTax', 1, 1, '2015-06-25 00:28:37', 1, '2015-06-25 00:28:37', 1, 0),
(65, 'lbQuotationTotal', 1, 1, '2015-06-25 00:28:37', 1, '2015-06-25 00:28:37', 1, 0),
(66, 'lbQuotation', 2, 1, '2015-06-25 00:28:47', 1, '2015-06-25 00:28:47', 1, 0),
(67, 'lbQuotationItem', 2, 1, '2015-06-25 00:28:47', 1, '2015-06-25 00:29:13', 1, 0),
(68, 'lbQuotationTax', 2, 1, '2015-06-25 00:28:47', 1, '2015-06-25 00:29:58', 1, 0),
(69, 'lbQuotationTotal', 2, 1, '2015-06-25 00:28:47', 1, '2015-06-25 00:29:58', 1, 0),
(70, 'lbInvoiceItemTemplate', 1, 1, '2015-06-25 00:29:37', 1, '2015-06-25 00:29:37', 1, 0),
(71, 'lbTax', 2, 1, '2015-06-25 00:29:58', 1, '2015-06-25 00:29:58', 1, 0),
(72, 'lbQuotationTax', 3, 1, '2015-06-25 00:29:58', 1, '2015-06-25 00:29:58', 1, 0),
(73, 'lbInvoice', 10, 1, '2015-06-25 00:30:55', 1, '2015-06-25 00:31:05', 1, 0),
(74, 'lbInvoiceItem', 20, 1, '2015-06-25 00:30:55', 1, '2015-10-29 15:03:47', 1, 0),
(75, 'lbInvoiceItem', 21, 1, '2015-06-25 00:30:55', 1, '2015-10-29 15:03:54', 1, 0),
(76, 'lbInvoiceTotal', 10, 1, '2015-06-25 00:30:55', 1, '2015-10-29 15:03:54', 1, 0),
(77, 'lbInvoiceItem', 22, 1, '2015-06-25 00:33:04', 1, '2015-10-29 15:03:47', 1, 0),
(78, 'lbInvoice', 11, 1, '2015-06-25 17:39:42', 1, '2015-11-23 18:41:00', 1, 0),
(79, 'lbInvoiceItem', 23, 1, '2015-06-25 17:39:42', 1, '2015-10-29 15:03:47', 1, 0),
(81, 'lbInvoiceTotal', 11, 1, '2015-06-25 17:39:42', 1, '2015-12-07 09:34:25', 1, 0),
(82, 'lbInvoiceItemTemplate', 2, 1, '2015-06-25 17:40:08', 1, '2015-06-25 17:40:08', 1, 0),
(83, 'lbCustomerAddress', 4, 1, '2015-06-25 17:40:55', 1, '2015-07-14 22:28:46', 1, 0),
(84, 'lbCustomerContact', 4, 1, '2015-06-25 17:41:05', 1, '2015-06-25 17:41:05', 1, 0),
(85, 'lbInvoiceItem', 25, 1, '2015-06-25 17:41:28', 1, '2015-10-29 15:03:48', 1, 0),
(86, 'lbInvoiceItemTemplate', 3, 1, '2015-06-25 17:41:34', 1, '2015-06-25 17:41:34', 1, 0),
(87, 'lbInvoiceItem', 26, 1, '2015-06-25 17:41:39', 1, '2015-10-29 15:03:48', 1, 0),
(88, 'lbInvoice', 12, 1, '2015-06-26 05:58:09', 1, '2015-06-26 05:58:09', 1, 0),
(89, 'lbInvoiceItem', 27, 1, '2015-06-26 05:58:09', 1, '2015-10-29 15:03:48', 1, 0),
(90, 'lbInvoiceItem', 28, 1, '2015-06-26 05:58:09', 1, '2015-10-29 15:03:54', 1, 0),
(91, 'lbInvoiceTotal', 12, 1, '2015-06-26 05:58:09', 1, '2015-10-29 15:03:54', 1, 0),
(92, 'lbInvoice', 13, 1, '2015-06-26 06:16:05', 1, '2015-06-26 06:17:11', 1, 0),
(93, 'lbInvoiceItem', 29, 1, '2015-06-26 06:16:05', 1, '2015-10-29 15:03:48', 1, 0),
(94, 'lbInvoiceItem', 30, 1, '2015-06-26 06:16:05', 1, '2015-10-29 15:03:54', 1, 0),
(95, 'lbInvoiceTotal', 13, 1, '2015-06-26 06:16:05', 1, '2015-10-29 15:03:54', 1, 0),
(96, 'lbInvoice', 14, 1, '2015-06-26 06:21:44', 1, '2015-06-26 06:21:44', 1, 0),
(97, 'lbInvoiceItem', 31, 1, '2015-06-26 06:21:44', 1, '2015-10-29 15:03:48', 1, 0),
(98, 'lbInvoiceItem', 32, 1, '2015-06-26 06:21:44', 1, '2015-10-29 15:03:54', 1, 0),
(99, 'lbInvoiceTotal', 14, 1, '2015-06-26 06:21:44', 1, '2015-10-29 15:03:54', 1, 0),
(100, 'lbInvoice', 15, 1, '2015-06-26 06:26:34', 1, '2015-06-26 06:26:34', 1, 0),
(102, 'lbInvoiceItem', 34, 1, '2015-06-26 06:26:34', 1, '2015-10-29 15:03:54', 1, 0),
(103, 'lbInvoiceTotal', 15, 1, '2015-06-26 06:26:34', 1, '2015-10-29 15:03:54', 1, 0),
(104, 'lbInvoice', 16, 1, '2015-06-26 20:19:08', 1, '2015-06-26 20:19:08', 1, 0),
(105, 'lbInvoiceItem', 35, 1, '2015-06-26 20:19:08', 1, '2015-10-29 15:03:48', 1, 0),
(106, 'lbInvoiceItem', 36, 1, '2015-06-26 20:19:08', 1, '2015-10-29 15:03:54', 1, 0),
(107, 'lbInvoiceTotal', 16, 1, '2015-06-26 20:19:08', 1, '2015-10-29 15:03:54', 1, 0),
(108, 'lbVendor', 2, 1, '2015-06-27 03:39:16', 1, '2015-06-27 03:39:16', 1, 0),
(110, 'lbCustomer', 10, 1, '2015-06-27 07:48:03', 1, '2015-10-25 17:31:57', 1, 0),
(111, 'lbQuotation', 3, 1, '2015-06-27 16:32:56', 1, '2015-06-27 16:34:49', 1, 0),
(112, 'lbQuotationItem', 3, 1, '2015-06-27 16:32:57', 1, '2015-06-27 16:34:15', 1, 0),
(114, 'lbQuotationTotal', 3, 1, '2015-06-27 16:32:57', 1, '2015-12-29 15:49:35', 1, 0),
(115, 'lbQuotationItem', 4, 1, '2015-06-27 16:33:40', 1, '2015-06-27 16:34:15', 1, 0),
(116, 'lbQuotationDiscount', 1, 1, '2015-06-27 16:34:18', 1, '2015-06-27 16:34:25', 1, 0),
(117, 'lbInvoice', 17, 1, '2015-06-28 19:22:21', 1, '2015-06-28 19:22:21', 1, 0),
(118, 'lbInvoiceItem', 37, 1, '2015-06-28 19:22:22', 1, '2015-10-29 15:03:49', 1, 0),
(119, 'lbInvoiceItem', 38, 1, '2015-06-28 19:22:22', 1, '2015-10-29 15:03:54', 1, 0),
(120, 'lbInvoiceTotal', 17, 1, '2015-06-28 19:22:22', 1, '2015-10-29 15:03:54', 1, 0),
(121, 'lbInvoiceItemTemplate', 4, 1, '2015-06-28 19:23:54', 1, '2015-06-28 19:23:54', 1, 0),
(122, 'lbInvoiceItemTemplate', 5, 1, '2015-06-28 19:24:18', 1, '2015-06-28 19:24:18', 1, 0),
(123, 'lbInvoiceItem', 39, 1, '2015-06-28 19:24:20', 1, '2015-10-29 15:03:49', 1, 0),
(124, 'lbInvoiceItem', 40, 1, '2015-06-28 19:24:29', 1, '2015-10-29 15:03:49', 1, 0),
(125, 'lbInvoice', 18, 1, '2015-06-28 20:26:00', 1, '2015-06-28 20:26:00', 1, 0),
(126, 'lbInvoiceItem', 41, 1, '2015-06-28 20:26:00', 1, '2015-10-29 15:03:49', 1, 0),
(127, 'lbInvoiceItem', 42, 1, '2015-06-28 20:26:00', 1, '2015-10-29 15:03:54', 1, 0),
(128, 'lbInvoiceTotal', 18, 1, '2015-06-28 20:26:01', 1, '2015-10-29 15:03:54', 1, 0),
(129, 'lbInvoiceItem', 43, 1, '2015-06-28 21:51:14', 1, '2015-06-29 01:40:07', 1, 0),
(130, 'lbInvoiceItem', 44, 1, '2015-06-29 01:39:53', 1, '2015-06-29 01:40:07', 1, 0),
(131, 'lbInvoiceItem', 45, 1, '2015-06-29 02:55:44', 1, '2015-10-29 15:03:49', 1, 0),
(132, 'lbInvoice', 19, 1, '2015-06-30 10:53:34', 1, '2015-07-02 03:43:34', 1, 0),
(133, 'lbInvoiceItem', 46, 1, '2015-06-30 10:53:34', 1, '2015-10-29 15:03:49', 1, 0),
(135, 'lbInvoiceTotal', 19, 1, '2015-06-30 10:53:34', 1, '2015-12-07 09:34:29', 1, 0),
(136, 'lbCustomer', 11, 1, '2015-06-30 10:55:23', 1, '2015-10-25 17:31:57', 1, 0),
(137, 'lbCustomerAddress', 5, 1, '2015-06-30 10:55:43', 1, '2015-06-30 10:55:43', 1, 0),
(138, 'lbInvoiceItem', 48, 1, '2015-06-30 10:56:02', 1, '2015-10-29 15:03:49', 1, 0),
(139, 'lbVendor', 3, 1, '2015-06-30 11:12:52', 1, '2015-06-30 11:12:52', 1, 0),
(140, 'lbVendorInvoice', 1, 1, '2015-06-30 11:13:26', 1, '2015-07-21 16:50:44', 1, 0),
(141, 'lbInvoice', 20, 1, '2015-06-30 15:48:01', 1, '2015-06-30 15:49:22', 1, 0),
(142, 'lbInvoiceItem', 49, 1, '2015-06-30 15:48:02', 1, '2015-06-30 15:48:02', 1, 0),
(143, 'lbInvoiceItem', 50, 1, '2015-06-30 15:48:02', 1, '2015-06-30 15:48:02', 1, 0),
(144, 'lbInvoiceTotal', 20, 1, '2015-06-30 15:48:02', 1, '2015-07-09 01:10:14', 1, 0),
(145, 'lbCustomer', 12, 1, '2015-06-30 15:48:35', 1, '2015-10-25 17:31:57', 1, 0),
(146, 'lbCustomerAddress', 6, 1, '2015-06-30 15:49:09', 1, '2015-06-30 15:49:09', 1, 0),
(147, 'lbCustomerContact', 5, 1, '2015-06-30 15:49:22', 1, '2015-06-30 15:49:22', 1, 0),
(148, 'lbDocument', 1, 1, '2015-06-30 15:49:46', 1, '2015-06-30 15:49:46', 1, 0),
(149, 'lbInvoice', 21, 1, '2015-06-30 21:57:31', 1, '2015-06-30 22:02:39', 1, 0),
(150, 'lbInvoiceItem', 51, 1, '2015-06-30 21:57:31', 1, '2015-10-29 15:03:49', 1, 0),
(151, 'lbInvoiceItem', 52, 1, '2015-06-30 21:57:31', 1, '2015-10-29 15:03:54', 1, 0),
(152, 'lbInvoiceTotal', 21, 1, '2015-06-30 21:57:31', 1, '2015-10-29 15:03:54', 1, 0),
(153, 'lbInvoiceItem', 53, 1, '2015-06-30 21:57:45', 1, '2015-10-29 15:03:49', 1, 0),
(154, 'lbInvoice', 22, 1, '2015-06-30 22:03:53', 1, '2015-08-02 17:42:26', 1, 0),
(155, 'lbInvoiceItem', 54, 1, '2015-06-30 22:03:53', 1, '2015-06-30 22:04:54', 1, 0),
(156, 'lbInvoiceItem', 55, 1, '2015-06-30 22:03:53', 1, '2015-06-30 22:04:55', 1, 0),
(157, 'lbInvoiceTotal', 22, 1, '2015-06-30 22:03:53', 1, '2015-08-02 17:42:31', 1, 0),
(158, 'lbInvoiceItem', 56, 1, '2015-06-30 22:04:53', 1, '2015-06-30 22:04:54', 1, 0),
(159, 'lbContracts', 1, 1, '2015-07-01 16:02:40', 1, '2015-08-28 03:34:59', 1, 0),
(161, 'lbVendorTax', 4, 1, '2015-07-01 16:04:30', 1, '2015-12-24 13:20:01', 1, 0),
(162, 'lbCustomer', 13, 1, '2015-07-02 03:44:31', 1, '2015-10-25 17:31:57', 1, 0),
(163, 'lbCustomerContact', 6, 1, '2015-07-02 03:45:14', 1, '2015-07-02 03:45:14', 1, 0),
(164, 'lbInvoice', 23, 1, '2015-07-02 03:46:06', 1, '2015-08-02 17:42:26', 1, 0),
(165, 'lbInvoiceItem', 57, 1, '2015-07-02 03:46:06', 1, '2015-07-02 03:47:27', 1, 0),
(166, 'lbInvoiceItem', 58, 1, '2015-07-02 03:46:06', 1, '2015-07-02 03:47:28', 1, 0),
(167, 'lbInvoiceTotal', 23, 1, '2015-07-02 03:46:06', 1, '2015-09-02 01:40:36', 1, 0),
(168, 'lbCustomerAddress', 7, 1, '2015-07-02 03:46:40', 1, '2015-07-02 03:46:40', 1, 0),
(169, 'lbPayment', 1, 1, '2015-07-02 03:49:10', 1, '2015-07-02 03:49:10', 1, 0),
(170, 'lbPaymentItem', 1, 1, '2015-07-02 03:49:10', 1, '2015-07-02 03:49:10', 1, 0),
(171, 'lbInvoice', 24, 1, '2015-07-02 05:46:26', 1, '2015-07-02 05:46:26', 1, 0),
(172, 'lbInvoiceItem', 59, 1, '2015-07-02 05:46:26', 1, '2015-07-02 05:46:26', 1, 0),
(173, 'lbInvoiceItem', 60, 1, '2015-07-02 05:46:26', 1, '2015-07-02 05:46:26', 1, 0),
(174, 'lbInvoiceTotal', 24, 1, '2015-07-02 05:46:26', 1, '2015-07-02 05:46:26', 1, 0),
(175, 'lbInvoice', 25, 1, '2015-07-02 05:58:29', 1, '2015-07-02 05:58:29', 1, 0),
(176, 'lbInvoiceItem', 61, 1, '2015-07-02 05:58:29', 1, '2015-07-02 05:58:35', 1, 0),
(177, 'lbInvoiceItem', 62, 1, '2015-07-02 05:58:29', 1, '2015-07-04 11:20:33', 1, 0),
(178, 'lbInvoiceTotal', 25, 1, '2015-07-02 05:58:29', 1, '2015-07-04 11:20:33', 1, 0),
(179, 'lbQuotation', 4, 1, '2015-07-02 06:16:16', 1, '2015-07-02 06:16:16', 1, 0),
(180, 'lbQuotationItem', 5, 1, '2015-07-02 06:16:16', 1, '2015-07-02 06:16:16', 1, 0),
(181, 'lbQuotationTax', 5, 1, '2015-07-02 06:16:16', 1, '2015-07-02 06:16:16', 1, 0),
(182, 'lbQuotationTotal', 4, 1, '2015-07-02 06:16:16', 1, '2015-07-02 06:16:16', 1, 0),
(183, 'lbInvoice', 26, 1, '2015-07-02 07:23:00', 1, '2015-07-02 07:23:00', 1, 0),
(184, 'lbInvoiceItem', 63, 1, '2015-07-02 07:23:00', 1, '2015-07-02 07:26:50', 1, 0),
(185, 'lbInvoiceItem', 64, 1, '2015-07-02 07:23:00', 1, '2015-07-02 07:26:50', 1, 0),
(186, 'lbInvoiceTotal', 26, 1, '2015-07-02 07:23:00', 1, '2015-07-02 07:26:50', 1, 0),
(187, 'lbInvoiceItem', 65, 1, '2015-07-02 07:26:50', 1, '2015-07-02 07:26:50', 1, 0),
(188, 'lbInvoice', 27, 1, '2015-07-02 07:50:10', 1, '2015-07-02 07:50:10', 1, 0),
(189, 'lbInvoiceItem', 66, 1, '2015-07-02 07:50:10', 1, '2015-07-02 07:50:10', 1, 0),
(190, 'lbInvoiceItem', 67, 1, '2015-07-02 07:50:10', 1, '2015-07-02 07:50:10', 1, 0),
(191, 'lbInvoiceTotal', 27, 1, '2015-07-02 07:50:10', 1, '2015-07-02 07:50:11', 1, 0),
(192, 'lbInvoice', 28, 1, '2015-07-02 07:50:36', 1, '2015-07-02 07:50:36', 1, 0),
(193, 'lbInvoiceItem', 68, 1, '2015-07-02 07:50:36', 1, '2015-07-02 07:50:36', 1, 0),
(194, 'lbInvoiceItem', 69, 1, '2015-07-02 07:50:36', 1, '2015-07-02 07:50:36', 1, 0),
(195, 'lbInvoiceTotal', 28, 1, '2015-07-02 07:50:37', 1, '2015-07-02 07:50:40', 1, 0),
(196, 'lbInvoice', 29, 1, '2015-07-02 11:31:31', 1, '2015-07-02 11:31:31', 1, 0),
(197, 'lbInvoiceItem', 70, 1, '2015-07-02 11:31:31', 1, '2015-07-02 11:32:24', 1, 0),
(198, 'lbInvoiceItem', 71, 1, '2015-07-02 11:31:31', 1, '2015-07-02 11:32:24', 1, 0),
(199, 'lbInvoiceTotal', 29, 1, '2015-07-02 11:31:31', 1, '2015-07-02 11:32:24', 1, 0),
(200, 'lbInvoiceItem', 72, 1, '2015-07-02 11:32:04', 1, '2015-07-02 11:32:24', 1, 0),
(201, 'lbInvoice', 30, 1, '2015-07-03 15:49:17', 1, '2015-07-03 15:49:45', 1, 0),
(202, 'lbInvoiceItem', 73, 1, '2015-07-03 15:49:17', 1, '2015-08-02 17:38:44', 1, 0),
(204, 'lbInvoiceTotal', 30, 1, '2015-07-03 15:49:17', 1, '2015-08-02 17:38:44', 1, 0),
(205, 'lbInvoice', 31, 1, '2015-07-04 17:24:05', 1, '2015-07-05 04:20:25', 1, 0),
(206, 'lbInvoiceItem', 75, 1, '2015-07-04 17:24:05', 1, '2015-10-29 15:03:50', 1, 0),
(207, 'lbInvoiceItem', 76, 1, '2015-07-04 17:24:05', 1, '2015-10-29 15:03:54', 1, 0),
(208, 'lbInvoiceTotal', 31, 1, '2015-07-04 17:24:06', 1, '2015-10-29 15:03:54', 1, 0),
(209, 'lbInvoice', 32, 1, '2015-07-04 22:56:34', 1, '2015-07-04 22:56:34', 1, 0),
(210, 'lbInvoiceItem', 77, 1, '2015-07-04 22:56:34', 1, '2015-07-04 22:56:34', 1, 0),
(211, 'lbInvoiceItem', 78, 1, '2015-07-04 22:56:34', 1, '2015-07-04 22:56:34', 1, 0),
(212, 'lbInvoiceTotal', 32, 1, '2015-07-04 22:56:34', 1, '2015-07-06 14:34:57', 1, 0),
(213, 'lbInvoiceItem', 79, 1, '2015-07-05 04:17:56', 1, '2015-10-29 15:03:50', 1, 0),
(214, 'lbInvoiceItem', 80, 1, '2015-07-05 04:18:36', 1, '2015-07-05 04:18:52', 1, 0),
(215, 'lbCustomerContact', 7, 1, '2015-07-05 04:20:06', 1, '2015-07-05 04:20:06', 1, 0),
(216, 'lbInvoice', 33, 1, '2015-07-05 12:30:34', 1, '2015-07-05 12:30:34', 1, 0),
(217, 'lbInvoiceItem', 81, 1, '2015-07-05 12:30:34', 1, '2015-07-05 12:30:34', 1, 0),
(218, 'lbInvoiceItem', 82, 1, '2015-07-05 12:30:34', 1, '2015-07-05 12:30:34', 1, 0),
(219, 'lbInvoiceTotal', 33, 1, '2015-07-05 12:30:34', 1, '2015-07-05 12:30:35', 1, 0),
(220, 'lbInvoice', 34, 1, '2015-07-05 22:41:13', 1, '2015-07-05 22:41:13', 1, 0),
(221, 'lbInvoiceItem', 83, 1, '2015-07-05 22:41:13', 1, '2015-07-05 22:41:13', 1, 0),
(222, 'lbInvoiceItem', 84, 1, '2015-07-05 22:41:13', 1, '2015-07-05 22:41:13', 1, 0),
(223, 'lbInvoiceTotal', 34, 1, '2015-07-05 22:41:13', 1, '2015-07-10 15:23:57', 1, 0),
(225, 'lbInvoice', 35, 1, '2015-07-05 22:44:52', 1, '2015-07-05 22:44:52', 1, 0),
(226, 'lbInvoiceItem', 85, 1, '2015-07-05 22:44:52', 1, '2015-07-05 22:44:58', 1, 0),
(227, 'lbInvoiceItem', 86, 1, '2015-07-05 22:44:52', 1, '2015-07-05 22:44:59', 1, 0),
(228, 'lbInvoiceTotal', 35, 1, '2015-07-05 22:44:52', 1, '2015-07-05 22:45:36', 1, 0),
(229, 'lbInvoiceItemTemplate', 6, 1, '2015-07-05 22:45:22', 1, '2015-07-05 22:45:22', 1, 0),
(230, 'lbInvoice', 36, 1, '2015-07-06 19:54:18', 1, '2015-07-06 19:57:12', 1, 0),
(231, 'lbInvoiceItem', 87, 1, '2015-07-06 19:54:19', 1, '2015-07-06 19:56:48', 1, 0),
(232, 'lbInvoiceItem', 88, 1, '2015-07-06 19:54:19', 1, '2015-07-06 19:57:08', 1, 0),
(233, 'lbInvoiceTotal', 36, 1, '2015-07-06 19:54:19', 1, '2015-07-07 13:42:20', 1, 0),
(235, 'lbInvoiceItem', 90, 1, '2015-07-06 19:57:06', 1, '2015-07-06 19:57:07', 1, 0),
(237, 'lbCustomerContact', 8, 1, '2015-07-07 07:12:17', 1, '2015-07-07 07:12:17', 1, 0),
(238, 'lbPayment', 2, 1, '2015-07-07 07:13:07', 1, '2015-07-07 07:13:07', 1, 0),
(239, 'lbPaymentItem', 2, 1, '2015-07-07 07:13:07', 1, '2015-07-07 07:13:07', 1, 0),
(240, 'lbInvoice', 37, 1, '2015-07-07 13:43:15', 1, '2015-07-07 13:43:15', 1, 0),
(241, 'lbInvoiceItem', 91, 1, '2015-07-07 13:43:15', 1, '2015-07-07 13:43:15', 1, 0),
(242, 'lbInvoiceItem', 92, 1, '2015-07-07 13:43:15', 1, '2015-07-07 13:43:15', 1, 0),
(243, 'lbInvoiceTotal', 37, 1, '2015-07-07 13:43:15', 1, '2015-07-09 01:54:20', 1, 0),
(244, 'lbInvoice', 38, 1, '2015-07-07 15:55:50', 1, '2015-07-07 15:56:23', 1, 0),
(245, 'lbInvoiceItem', 93, 1, '2015-07-07 15:55:50', 1, '2015-07-07 15:55:50', 1, 0),
(246, 'lbInvoiceItem', 94, 1, '2015-07-07 15:55:50', 1, '2015-07-07 15:55:50', 1, 0),
(247, 'lbInvoiceTotal', 38, 1, '2015-07-07 15:55:50', 1, '2015-08-19 18:04:08', 1, 0),
(248, 'lbInvoice', 39, 1, '2015-07-07 16:29:55', 1, '2015-08-20 00:07:33', 1, 0),
(249, 'lbInvoiceItem', 95, 1, '2015-07-07 16:29:55', 1, '2015-07-07 16:32:08', 1, 0),
(250, 'lbInvoiceItem', 96, 1, '2015-07-07 16:29:55', 1, '2015-07-07 16:32:09', 1, 0),
(251, 'lbInvoiceTotal', 39, 1, '2015-07-07 16:29:55', 1, '2015-08-20 00:07:33', 1, 0),
(252, 'lbInvoice', 40, 1, '2015-07-07 20:57:18', 1, '2015-07-07 20:57:18', 1, 0),
(253, 'lbInvoiceItem', 97, 1, '2015-07-07 20:57:18', 1, '2015-07-07 20:57:18', 1, 0),
(254, 'lbInvoiceItem', 98, 1, '2015-07-07 20:57:18', 1, '2015-07-07 20:57:18', 1, 0),
(255, 'lbInvoiceTotal', 40, 1, '2015-07-07 20:57:18', 1, '2015-07-07 20:57:19', 1, 0),
(256, 'lbPayment', 3, 1, '2015-07-07 22:52:33', 1, '2015-07-07 22:52:33', 1, 0),
(257, 'lbPaymentItem', 3, 1, '2015-07-07 22:52:33', 1, '2015-07-07 22:52:33', 1, 0),
(258, 'lbPayment', 4, 1, '2015-07-07 22:53:54', 1, '2015-07-07 22:53:54', 1, 0),
(259, 'lbPaymentItem', 4, 1, '2015-07-07 22:53:54', 1, '2015-07-07 22:53:54', 1, 0),
(260, 'lbVendor', 4, 1, '2015-07-07 22:58:53', 1, '2015-07-07 23:00:41', 1, 0),
(261, 'lbVendorTax', 5, 1, '2015-07-07 22:59:45', 1, '2015-07-07 23:00:21', 1, 0),
(265, 'lbInvoice', 41, 1, '2015-07-08 10:47:47', 1, '2015-07-08 10:48:51', 1, 0),
(266, 'lbInvoiceItem', 99, 1, '2015-07-08 10:47:47', 1, '2015-10-29 15:03:50', 1, 0),
(267, 'lbInvoiceItem', 100, 1, '2015-07-08 10:47:47', 1, '2015-10-29 15:03:54', 1, 0),
(268, 'lbInvoiceTotal', 41, 1, '2015-07-08 10:47:48', 1, '2015-10-29 15:03:54', 1, 0),
(269, 'lbQuotation', 5, 1, '2015-07-08 10:54:15', 1, '2015-07-08 10:55:15', 1, 0),
(270, 'lbQuotationItem', 6, 1, '2015-07-08 10:54:15', 1, '2015-07-08 10:54:51', 1, 0),
(271, 'lbQuotationTax', 6, 1, '2015-07-08 10:54:15', 1, '2015-12-29 16:02:20', 1, 0),
(272, 'lbQuotationTotal', 5, 1, '2015-07-08 10:54:15', 1, '2015-12-29 16:02:20', 1, 0),
(273, 'lbInvoice', 42, 1, '2015-07-08 14:24:37', 1, '2015-07-08 14:24:37', 1, 0),
(274, 'lbInvoiceItem', 101, 1, '2015-07-08 14:24:37', 1, '2015-07-08 14:24:37', 1, 0),
(275, 'lbInvoiceItem', 102, 1, '2015-07-08 14:24:37', 1, '2015-07-08 14:24:37', 1, 0),
(276, 'lbInvoiceTotal', 42, 1, '2015-07-08 14:24:37', 1, '2015-07-09 00:59:35', 1, 0),
(277, 'lbQuotation', 6, 1, '2015-07-08 15:58:32', 1, '2015-12-29 15:50:32', 1, 0),
(278, 'lbQuotationItem', 7, 1, '2015-07-08 15:58:32', 1, '2015-07-08 15:58:52', 1, 0),
(279, 'lbQuotationTax', 7, 1, '2015-07-08 15:58:32', 1, '2015-12-29 15:50:21', 1, 0),
(280, 'lbQuotationTotal', 6, 1, '2015-07-08 15:58:32', 1, '2015-12-29 15:50:21', 1, 0),
(281, 'lbQuotationItem', 8, 1, '2015-07-08 15:58:52', 1, '2015-07-08 15:58:52', 1, 0),
(282, 'lbQuotation', 7, 1, '2015-07-08 16:52:51', 1, '2015-07-08 16:52:51', 1, 0),
(283, 'lbQuotationItem', 9, 1, '2015-07-08 16:52:51', 1, '2015-07-08 16:52:51', 1, 0),
(284, 'lbQuotationTax', 8, 1, '2015-07-08 16:52:51', 1, '2015-07-08 16:52:51', 1, 0),
(285, 'lbQuotationTotal', 7, 1, '2015-07-08 16:52:51', 1, '2015-07-08 16:52:51', 1, 0),
(286, 'lbQuotation', 8, 1, '2015-07-08 16:52:51', 1, '2015-07-08 16:52:52', 1, 0),
(287, 'lbQuotationItem', 10, 1, '2015-07-08 16:52:52', 1, '2015-07-08 16:52:52', 1, 0),
(288, 'lbQuotationTax', 9, 1, '2015-07-08 16:52:52', 1, '2015-07-08 16:52:52', 1, 0),
(289, 'lbQuotationTotal', 8, 1, '2015-07-08 16:52:52', 1, '2015-07-08 16:52:52', 1, 0),
(290, 'lbInvoice', 43, 1, '2015-07-08 19:38:38', 1, '2015-07-08 19:38:38', 1, 0),
(291, 'lbInvoiceItem', 103, 1, '2015-07-08 19:38:39', 1, '2015-07-08 19:38:39', 1, 0),
(292, 'lbInvoiceItem', 104, 1, '2015-07-08 19:38:39', 1, '2015-07-08 19:38:39', 1, 0),
(293, 'lbInvoiceTotal', 43, 1, '2015-07-08 19:38:39', 1, '2015-07-08 19:38:40', 1, 0),
(294, 'lbQuotation', 9, 1, '2015-07-08 21:32:55', 1, '2015-07-08 21:32:56', 1, 0),
(295, 'lbQuotationItem', 11, 1, '2015-07-08 21:32:56', 1, '2015-07-08 21:32:56', 1, 0),
(296, 'lbQuotationTax', 10, 1, '2015-07-08 21:32:56', 1, '2015-07-08 21:32:56', 1, 0),
(297, 'lbQuotationTotal', 9, 1, '2015-07-08 21:32:56', 1, '2015-07-08 21:32:56', 1, 0),
(298, 'lbInvoice', 44, 1, '2015-07-09 01:09:23', 1, '2015-07-09 01:09:23', 1, 0),
(299, 'lbInvoiceItem', 105, 1, '2015-07-09 01:09:23', 1, '2015-07-09 01:09:23', 1, 0),
(300, 'lbInvoiceItem', 106, 1, '2015-07-09 01:09:23', 1, '2015-07-09 01:09:23', 1, 0),
(301, 'lbInvoiceTotal', 44, 1, '2015-07-09 01:09:23', 1, '2015-07-09 12:03:04', 1, 0),
(302, 'lbQuotation', 10, 1, '2015-07-09 15:54:13', 1, '2015-07-09 15:54:13', 1, 0),
(303, 'lbQuotationItem', 12, 1, '2015-07-09 15:54:13', 1, '2015-07-09 15:54:13', 1, 0),
(304, 'lbQuotationTax', 11, 1, '2015-07-09 15:54:13', 1, '2015-07-09 15:54:13', 1, 0),
(305, 'lbQuotationTotal', 10, 1, '2015-07-09 15:54:13', 1, '2015-07-09 15:54:13', 1, 0),
(306, 'lbInvoice', 45, 1, '2015-07-10 15:24:12', 1, '2015-07-10 15:26:48', 1, 0),
(307, 'lbInvoiceItem', 107, 1, '2015-07-10 15:24:12', 1, '2015-07-12 23:01:25', 1, 0),
(308, 'lbInvoiceItem', 108, 1, '2015-07-10 15:24:12', 1, '2015-07-12 23:01:26', 1, 0),
(309, 'lbInvoiceTotal', 45, 1, '2015-07-10 15:24:12', 1, '2015-07-12 23:02:44', 1, 0),
(310, 'lbTax', 3, 1, '2015-07-10 15:24:54', 1, '2015-07-10 15:24:54', 1, 0),
(311, 'lbInvoiceItem', 109, 1, '2015-07-10 15:24:54', 1, '2015-07-12 23:01:26', 1, 0),
(312, 'lbInvoiceItem', 110, 1, '2015-07-10 15:26:58', 1, '2015-07-12 23:01:25', 1, 0),
(313, 'lbQuotation', 11, 1, '2015-07-10 15:32:08', 1, '2015-07-10 15:32:08', 1, 0),
(314, 'lbQuotationItem', 13, 1, '2015-07-10 15:32:08', 1, '2015-07-10 15:32:08', 1, 0),
(315, 'lbQuotationTax', 12, 1, '2015-07-10 15:32:08', 1, '2015-07-10 15:32:08', 1, 0),
(316, 'lbQuotationTotal', 11, 1, '2015-07-10 15:32:08', 1, '2015-07-10 15:32:08', 1, 0),
(317, 'lbInvoice', 46, 1, '2015-07-10 21:01:30', 1, '2015-07-10 21:01:46', 1, 0),
(318, 'lbInvoiceItem', 111, 1, '2015-07-10 21:01:30', 1, '2015-07-10 21:02:31', 1, 0),
(319, 'lbInvoiceItem', 112, 1, '2015-07-10 21:01:30', 1, '2015-07-10 21:02:32', 1, 0),
(320, 'lbInvoiceTotal', 46, 1, '2015-07-10 21:01:30', 1, '2015-07-13 07:16:41', 1, 0),
(321, 'lbInvoice', 47, 1, '2015-07-12 05:55:56', 1, '2015-07-12 05:55:56', 1, 0),
(322, 'lbInvoiceItem', 113, 1, '2015-07-12 05:55:57', 1, '2015-07-12 05:56:04', 1, 0),
(323, 'lbInvoiceItem', 114, 1, '2015-07-12 05:55:57', 1, '2015-07-12 05:56:05', 1, 0),
(324, 'lbInvoiceTotal', 47, 1, '2015-07-12 05:55:57', 1, '2015-07-12 05:56:05', 1, 0),
(325, 'lbInvoice', 48, 1, '2015-07-12 22:53:53', 1, '2015-07-12 22:55:52', 1, 0),
(326, 'lbInvoiceItem', 115, 1, '2015-07-12 22:53:53', 1, '2015-12-03 18:35:09', 1, 0),
(327, 'lbInvoiceItem', 116, 1, '2015-07-12 22:53:53', 1, '2015-12-03 18:35:36', 1, 0),
(328, 'lbInvoiceTotal', 48, 1, '2015-07-12 22:53:53', 1, '2015-12-19 16:06:46', 1, 0),
(329, 'lbInvoiceItemTemplate', 7, 1, '2015-07-12 23:01:13', 1, '2015-07-12 23:01:13', 1, 0),
(330, 'lbInvoice', 49, 1, '2015-07-13 14:21:26', 1, '2015-07-15 14:30:22', 1, 0),
(331, 'lbInvoiceItem', 117, 1, '2015-07-13 14:21:26', 1, '2015-07-13 14:21:26', 1, 0),
(332, 'lbInvoiceItem', 118, 1, '2015-07-13 14:21:26', 1, '2015-07-13 14:21:26', 1, 0),
(333, 'lbInvoiceTotal', 49, 1, '2015-07-13 14:21:26', 1, '2015-07-15 14:29:51', 1, 0),
(334, 'lbInvoice', 50, 1, '2015-07-13 19:02:05', 1, '2015-07-13 19:02:05', 1, 0),
(335, 'lbInvoiceItem', 119, 1, '2015-07-13 19:02:05', 1, '2015-07-13 19:02:05', 1, 0),
(336, 'lbInvoiceItem', 120, 1, '2015-07-13 19:02:05', 1, '2015-07-13 19:02:05', 1, 0),
(337, 'lbInvoiceTotal', 50, 1, '2015-07-13 19:02:05', 1, '2015-07-13 19:02:06', 1, 0),
(338, 'lbInvoice', 51, 1, '2015-07-13 19:06:07', 1, '2015-07-13 19:06:07', 1, 0),
(339, 'lbInvoiceItem', 121, 1, '2015-07-13 19:06:07', 1, '2015-10-29 15:03:50', 1, 0),
(340, 'lbInvoiceItem', 122, 1, '2015-07-13 19:06:07', 1, '2015-10-29 15:03:54', 1, 0),
(341, 'lbInvoiceTotal', 51, 1, '2015-07-13 19:06:07', 1, '2015-10-29 15:03:54', 1, 0),
(342, 'lbInvoice', 52, 1, '2015-07-13 23:42:39', 1, '2015-07-13 23:42:39', 1, 0),
(343, 'lbInvoiceItem', 123, 1, '2015-07-13 23:42:39', 1, '2015-07-13 23:42:39', 1, 0),
(344, 'lbInvoiceItem', 124, 1, '2015-07-13 23:42:39', 1, '2015-07-13 23:42:55', 1, 0),
(345, 'lbInvoiceTotal', 52, 1, '2015-07-13 23:42:39', 1, '2015-07-13 23:42:55', 1, 0),
(346, 'lbInvoice', 53, 1, '2015-07-14 11:16:45', 1, '2015-07-14 11:18:58', 1, 0),
(347, 'lbInvoiceItem', 125, 1, '2015-07-14 11:16:45', 1, '2015-07-14 11:17:52', 1, 0),
(348, 'lbInvoiceItem', 126, 1, '2015-07-14 11:16:46', 1, '2015-07-14 11:18:23', 1, 0),
(349, 'lbInvoiceTotal', 53, 1, '2015-07-14 11:16:46', 1, '2015-07-14 11:18:23', 1, 0),
(350, 'lbInvoiceItem', 127, 1, '2015-07-14 11:17:33', 1, '2015-07-14 11:17:52', 1, 0),
(351, 'lbQuotation', 12, 1, '2015-07-14 11:21:18', 1, '2015-07-14 11:21:18', 1, 0),
(352, 'lbQuotationItem', 14, 1, '2015-07-14 11:21:18', 1, '2015-07-14 11:21:18', 1, 0),
(353, 'lbQuotationTax', 13, 1, '2015-07-14 11:21:18', 1, '2015-07-14 11:21:18', 1, 0),
(354, 'lbQuotationTotal', 12, 1, '2015-07-14 11:21:18', 1, '2015-07-14 11:21:18', 1, 0),
(355, 'lbInvoiceItem', 128, 1, '2015-07-14 16:45:21', 1, '2015-10-29 15:03:50', 1, 0),
(356, 'lbInvoiceItem', 129, 1, '2015-07-14 16:45:24', 1, '2015-10-29 15:03:50', 1, 0),
(357, 'lbInvoice', 54, 1, '2015-07-15 03:26:38', 1, '2015-07-15 03:26:38', 1, 0),
(358, 'lbInvoiceItem', 130, 1, '2015-07-15 03:26:38', 1, '2015-07-15 03:26:38', 1, 0),
(359, 'lbInvoiceItem', 131, 1, '2015-07-15 03:26:38', 1, '2015-07-15 03:26:38', 1, 0),
(360, 'lbInvoiceTotal', 54, 1, '2015-07-15 03:26:38', 1, '2015-07-16 15:09:05', 1, 0),
(361, 'lbInvoice', 55, 1, '2015-07-15 11:47:57', 1, '2015-07-16 11:08:17', 1, 0),
(362, 'lbInvoiceItem', 132, 1, '2015-07-15 11:47:57', 1, '2015-07-15 11:48:59', 1, 0),
(363, 'lbInvoiceItem', 133, 1, '2015-07-15 11:47:58', 1, '2015-07-15 11:48:59', 1, 0),
(364, 'lbInvoiceTotal', 55, 1, '2015-07-15 11:47:58', 1, '2015-07-17 12:17:33', 1, 0),
(365, 'lbInvoiceItem', 134, 1, '2015-07-15 11:48:50', 1, '2015-07-15 11:48:59', 1, 0),
(366, 'lbInvoice', 56, 1, '2015-07-15 12:17:42', 1, '2015-07-15 12:18:28', 1, 0),
(367, 'lbInvoiceItem', 135, 1, '2015-07-15 12:17:42', 1, '2015-07-15 13:52:47', 1, 0),
(368, 'lbInvoiceItem', 136, 1, '2015-07-15 12:17:42', 1, '2015-07-15 13:52:48', 1, 0),
(369, 'lbInvoiceTotal', 56, 1, '2015-07-15 12:17:42', 1, '2015-08-24 22:54:50', 1, 0),
(370, 'lbPayment', 5, 1, '2015-07-15 15:04:26', 1, '2015-07-15 15:04:26', 1, 0),
(371, 'lbPaymentItem', 5, 1, '2015-07-15 15:04:26', 1, '2015-07-15 15:04:26', 1, 0),
(372, 'lbInvoice', 57, 1, '2015-07-15 15:17:42', 1, '2015-07-15 15:17:42', 1, 0),
(373, 'lbInvoiceItem', 137, 1, '2015-07-15 15:17:42', 1, '2015-07-15 15:17:42', 1, 0),
(374, 'lbInvoiceItem', 138, 1, '2015-07-15 15:17:42', 1, '2015-07-15 15:17:42', 1, 0),
(375, 'lbInvoiceTotal', 57, 1, '2015-07-15 15:17:42', 1, '2015-07-15 15:17:42', 1, 0),
(376, 'lbInvoice', 58, 1, '2015-07-15 18:48:35', 1, '2015-07-15 18:48:35', 1, 0),
(377, 'lbInvoiceItem', 139, 1, '2015-07-15 18:48:35', 1, '2015-07-15 18:48:35', 1, 0),
(378, 'lbInvoiceItem', 140, 1, '2015-07-15 18:48:35', 1, '2015-07-15 18:48:35', 1, 0),
(379, 'lbInvoiceTotal', 58, 1, '2015-07-15 18:48:35', 1, '2015-07-15 18:48:36', 1, 0),
(380, 'lbQuotation', 13, 1, '2015-07-15 18:48:40', 1, '2015-07-15 18:48:40', 1, 0),
(381, 'lbQuotationItem', 15, 1, '2015-07-15 18:48:40', 1, '2015-07-15 18:48:40', 1, 0),
(382, 'lbQuotationTax', 14, 1, '2015-07-15 18:48:40', 1, '2015-07-15 18:48:40', 1, 0),
(383, 'lbQuotationTotal', 13, 1, '2015-07-15 18:48:40', 1, '2015-07-15 18:48:40', 1, 0),
(384, 'lbQuotation', 14, 1, '2015-07-15 18:48:57', 1, '2015-07-15 18:48:57', 1, 0),
(385, 'lbQuotationItem', 16, 1, '2015-07-15 18:48:57', 1, '2015-07-15 18:48:57', 1, 0),
(386, 'lbQuotationTax', 15, 1, '2015-07-15 18:48:57', 1, '2015-07-15 18:48:57', 1, 0),
(387, 'lbQuotationTotal', 14, 1, '2015-07-15 18:48:57', 1, '2015-07-15 18:48:57', 1, 0),
(388, 'lbCustomerAddress', 8, 1, '2015-07-16 03:40:13', 1, '2015-07-16 03:40:13', 1, 0),
(389, 'lbQuotation', 15, 1, '2015-07-16 03:47:08', 1, '2015-07-16 03:47:49', 1, 0),
(390, 'lbQuotationItem', 17, 1, '2015-07-16 03:47:08', 1, '2015-07-25 23:24:24', 1, 0),
(391, 'lbQuotationTax', 16, 1, '2015-07-16 03:47:08', 1, '2015-07-25 23:24:36', 1, 0),
(392, 'lbQuotationTotal', 15, 1, '2015-07-16 03:47:08', 1, '2015-07-25 23:24:37', 1, 0),
(393, 'lbInvoice', 59, 1, '2015-07-16 11:08:44', 1, '2015-07-16 11:08:44', 2, 0),
(394, 'lbInvoiceItem', 141, 1, '2015-07-16 11:08:44', 1, '2015-07-16 11:08:44', 2, 0),
(395, 'lbInvoiceItem', 142, 1, '2015-07-16 11:08:44', 1, '2015-07-16 11:08:44', 2, 0),
(396, 'lbInvoiceTotal', 59, 1, '2015-07-16 11:08:44', 1, '2015-07-16 11:08:45', 2, 0),
(397, 'lbGenera', 2, 1, '2015-07-16 11:08:45', 1, '2015-07-16 11:08:45', 2, 0),
(398, 'lbInvoice', 60, 1, '2015-07-17 21:50:58', 1, '2015-07-17 21:51:28', 1, 0),
(399, 'lbInvoiceItem', 143, 1, '2015-07-17 21:50:58', 1, '2015-07-17 21:51:10', 1, 0),
(400, 'lbInvoiceItem', 144, 1, '2015-07-17 21:50:58', 1, '2015-07-17 21:51:14', 1, 0),
(401, 'lbInvoiceTotal', 60, 1, '2015-07-17 21:50:58', 1, '2015-07-17 21:51:14', 1, 0),
(402, 'lbQuotation', 16, 1, '2015-07-18 10:19:18', 1, '2015-07-18 10:19:18', 1, 0),
(403, 'lbQuotationItem', 18, 1, '2015-07-18 10:19:18', 1, '2015-07-18 10:19:18', 1, 0),
(404, 'lbQuotationTax', 17, 1, '2015-07-18 10:19:18', 1, '2015-07-18 10:19:18', 1, 0),
(405, 'lbQuotationTotal', 16, 1, '2015-07-18 10:19:18', 1, '2015-07-18 10:19:18', 1, 0),
(406, 'lbInvoice', 61, 1, '2015-07-19 15:42:08', 1, '2015-07-19 15:42:08', 1, 0),
(407, 'lbInvoiceItem', 145, 1, '2015-07-19 15:42:09', 1, '2015-10-29 15:03:50', 1, 0),
(408, 'lbInvoiceItem', 146, 1, '2015-07-19 15:42:09', 1, '2015-10-29 15:03:54', 1, 0),
(409, 'lbInvoiceTotal', 61, 1, '2015-07-19 15:42:09', 1, '2015-10-29 15:03:54', 1, 0),
(410, 'lbQuotation', 17, 1, '2015-07-20 04:07:45', 1, '2015-07-20 04:07:45', 1, 0),
(411, 'lbQuotationItem', 19, 1, '2015-07-20 04:07:45', 1, '2015-07-20 04:07:45', 1, 0),
(412, 'lbQuotationTax', 18, 1, '2015-07-20 04:07:45', 1, '2015-07-20 04:07:45', 1, 0),
(413, 'lbQuotationTotal', 17, 1, '2015-07-20 04:07:45', 1, '2015-07-20 04:07:45', 1, 0),
(415, 'lbInvoice', 62, 1, '2015-07-20 12:31:54', 1, '2015-07-20 12:31:54', 1, 0),
(416, 'lbInvoiceItem', 147, 1, '2015-07-20 12:31:54', 1, '2015-07-20 12:33:09', 1, 0),
(417, 'lbInvoiceItem', 148, 1, '2015-07-20 12:31:54', 1, '2015-07-20 12:33:10', 1, 0),
(418, 'lbInvoiceTotal', 62, 1, '2015-07-20 12:31:54', 1, '2015-07-20 12:33:10', 1, 0),
(419, 'lbInvoiceItem', 149, 1, '2015-07-20 12:33:09', 1, '2015-07-20 12:33:09', 1, 0),
(420, 'lbInvoice', 63, 1, '2015-07-20 16:11:36', 1, '2015-07-20 16:11:36', 1, 0),
(421, 'lbInvoiceItem', 150, 1, '2015-07-20 16:11:36', 1, '2015-07-20 16:11:36', 1, 0),
(422, 'lbInvoiceItem', 151, 1, '2015-07-20 16:11:37', 1, '2015-07-20 16:11:37', 1, 0),
(423, 'lbInvoiceTotal', 63, 1, '2015-07-20 16:11:37', 1, '2015-07-20 16:11:38', 1, 0),
(424, 'lbInvoice', 64, 1, '2015-07-20 18:15:28', 1, '2015-07-20 18:15:42', 1, 0),
(425, 'lbInvoiceItem', 152, 1, '2015-07-20 18:15:28', 1, '2015-07-20 18:15:28', 1, 0),
(426, 'lbInvoiceItem', 153, 1, '2015-07-20 18:15:28', 1, '2015-07-20 18:15:28', 1, 0),
(427, 'lbInvoiceTotal', 64, 1, '2015-07-20 18:15:28', 1, '2015-07-20 18:15:29', 1, 0),
(428, 'lbInvoice', 65, 1, '2015-07-21 01:05:53', 1, '2015-07-21 01:05:53', 1, 0),
(429, 'lbInvoiceItem', 154, 1, '2015-07-21 01:05:53', 1, '2015-07-21 01:05:53', 1, 0),
(430, 'lbInvoiceItem', 155, 1, '2015-07-21 01:05:53', 1, '2015-07-21 01:05:53', 1, 0),
(431, 'lbInvoiceTotal', 65, 1, '2015-07-21 01:05:53', 1, '2015-07-22 10:57:05', 1, 0),
(445, 'lbCustomer', 14, 1, '2015-07-23 12:25:10', 1, '2015-10-25 17:31:57', 1, 0),
(446, 'lbCustomerAddress', 9, 1, '2015-07-23 12:25:10', 1, '2015-07-23 12:25:10', 1, 0),
(447, 'lbInvoice', 68, 1, '2015-07-23 17:08:08', 1, '2015-07-24 09:34:49', 1, 0),
(448, 'lbInvoiceItem', 164, 1, '2015-07-23 17:08:08', 1, '2015-07-24 11:19:05', 1, 0),
(449, 'lbInvoiceItem', 165, 1, '2015-07-23 17:08:08', 1, '2015-07-24 11:19:06', 1, 0),
(450, 'lbInvoiceTotal', 68, 1, '2015-07-23 17:08:08', 1, '2015-07-24 11:19:06', 1, 0),
(451, 'lbQuotation', 18, 1, '2015-07-23 17:08:12', 1, '2015-07-23 17:08:12', 1, 0),
(452, 'lbQuotationItem', 20, 1, '2015-07-23 17:08:12', 1, '2015-07-23 17:08:12', 1, 0),
(453, 'lbQuotationTax', 19, 1, '2015-07-23 17:08:12', 1, '2015-07-23 17:08:12', 1, 0),
(454, 'lbQuotationTotal', 18, 1, '2015-07-23 17:08:12', 1, '2015-07-23 17:08:12', 1, 0),
(455, 'lbQuotation', 19, 1, '2015-07-23 21:25:24', 1, '2015-07-23 21:25:25', 1, 0),
(456, 'lbQuotationItem', 21, 1, '2015-07-23 21:25:24', 1, '2015-07-23 21:25:24', 1, 0),
(457, 'lbQuotationTax', 20, 1, '2015-07-23 21:25:24', 1, '2015-07-23 21:25:24', 1, 0),
(458, 'lbQuotationTotal', 19, 1, '2015-07-23 21:25:25', 1, '2015-07-23 21:25:25', 1, 0),
(459, 'lbInvoice', 69, 1, '2015-07-23 21:25:38', 1, '2015-08-21 10:12:00', 1, 0),
(460, 'lbInvoiceItem', 166, 1, '2015-07-23 21:25:38', 1, '2015-08-21 10:10:52', 1, 0),
(461, 'lbInvoiceItem', 167, 1, '2015-07-23 21:25:38', 1, '2015-08-21 10:11:15', 1, 0),
(462, 'lbInvoiceTotal', 69, 1, '2015-07-23 21:25:38', 1, '2015-08-21 10:12:26', 1, 0),
(463, 'lbQuotation', 20, 1, '2015-07-23 21:31:13', 1, '2015-07-23 21:31:13', 1, 0),
(464, 'lbQuotationItem', 22, 1, '2015-07-23 21:31:13', 1, '2015-07-23 21:31:13', 1, 0),
(465, 'lbQuotationTax', 21, 1, '2015-07-23 21:31:13', 1, '2015-07-23 21:31:13', 1, 0),
(466, 'lbQuotationTotal', 20, 1, '2015-07-23 21:31:13', 1, '2015-07-23 21:31:13', 1, 0),
(467, 'lbInvoice', 70, 1, '2015-07-24 11:13:05', 1, '2015-07-24 11:13:05', 1, 0),
(468, 'lbInvoiceItem', 168, 1, '2015-07-24 11:13:05', 1, '2015-07-24 11:13:05', 1, 0),
(469, 'lbInvoiceItem', 169, 1, '2015-07-24 11:13:05', 1, '2015-07-24 11:13:05', 1, 0),
(470, 'lbInvoiceTotal', 70, 1, '2015-07-24 11:13:05', 1, '2015-07-24 11:13:05', 1, 0),
(471, 'lbInvoiceItem', 170, 1, '2015-07-24 11:19:05', 1, '2015-07-24 11:19:05', 1, 0),
(472, 'lbInvoice', 71, 1, '2015-07-24 23:12:21', 1, '2015-07-24 23:12:21', 1, 0),
(473, 'lbInvoiceItem', 171, 1, '2015-07-24 23:12:22', 1, '2015-10-29 15:03:50', 1, 0),
(474, 'lbInvoiceItem', 172, 1, '2015-07-24 23:12:22', 1, '2015-10-29 15:03:54', 1, 0),
(475, 'lbInvoiceTotal', 71, 1, '2015-07-24 23:12:22', 1, '2015-10-29 15:03:54', 1, 0),
(476, 'lbInvoice', 72, 1, '2015-07-25 00:25:39', 1, '2015-07-25 00:25:48', 1, 0),
(477, 'lbInvoiceItem', 173, 1, '2015-07-25 00:25:39', 1, '2015-07-25 00:25:39', 1, 0),
(479, 'lbInvoiceTotal', 72, 1, '2015-07-25 00:25:39', 1, '2015-07-25 21:50:30', 1, 0),
(480, 'lbInvoice', 73, 1, '2015-07-25 05:12:26', 1, '2015-07-25 05:12:26', 1, 0),
(481, 'lbInvoiceItem', 175, 1, '2015-07-25 05:12:26', 1, '2015-07-25 05:12:26', 1, 0),
(482, 'lbInvoiceItem', 176, 1, '2015-07-25 05:12:26', 1, '2015-07-25 05:12:26', 1, 0),
(483, 'lbInvoiceTotal', 73, 1, '2015-07-25 05:12:26', 1, '2015-07-25 05:12:27', 1, 0),
(484, 'lbQuotation', 21, 1, '2015-07-25 05:12:33', 1, '2015-07-25 05:12:34', 1, 0),
(485, 'lbQuotationItem', 23, 1, '2015-07-25 05:12:33', 1, '2015-07-25 05:12:33', 1, 0),
(486, 'lbQuotationTax', 22, 1, '2015-07-25 05:12:34', 1, '2015-07-25 05:12:34', 1, 0),
(487, 'lbQuotationTotal', 21, 1, '2015-07-25 05:12:34', 1, '2015-07-25 05:12:34', 1, 0),
(488, 'lbCustomer', 15, 1, '2015-07-25 18:11:14', 1, '2015-10-25 17:31:57', 1, 0),
(489, 'lbInvoice', 74, 1, '2015-07-25 21:50:33', 1, '2015-10-06 18:23:04', 1, 0),
(490, 'lbInvoiceItem', 177, 1, '2015-07-25 21:50:33', 1, '2015-08-24 22:54:05', 1, 0),
(491, 'lbInvoiceItem', 178, 1, '2015-07-25 21:50:33', 1, '2015-08-24 22:54:06', 1, 0),
(492, 'lbInvoiceTotal', 74, 1, '2015-07-25 21:50:33', 1, '2015-10-06 18:23:04', 1, 0),
(493, 'lbInvoice', 75, 1, '2015-07-26 00:48:05', 1, '2015-08-19 18:05:45', 1, 0),
(494, 'lbInvoiceItem', 179, 1, '2015-07-26 00:48:05', 1, '2015-09-23 11:55:30', 1, 0),
(495, 'lbInvoiceItem', 180, 1, '2015-07-26 00:48:05', 1, '2015-09-23 11:55:37', 1, 0),
(496, 'lbInvoiceTotal', 75, 1, '2015-07-26 00:48:05', 1, '2015-09-23 11:55:37', 1, 0),
(497, 'lbInvoice', 76, 1, '2015-07-26 04:11:35', 1, '2015-07-26 04:11:35', 1, 0),
(498, 'lbInvoiceItem', 181, 1, '2015-07-26 04:11:35', 1, '2015-07-26 04:11:35', 1, 0),
(499, 'lbInvoiceItem', 182, 1, '2015-07-26 04:11:35', 1, '2015-07-26 04:11:35', 1, 0),
(500, 'lbInvoiceTotal', 76, 1, '2015-07-26 04:11:35', 1, '2015-07-26 04:11:37', 1, 0),
(501, 'lbInvoiceItem', 183, 1, '2015-07-27 08:24:59', 1, '2015-09-23 11:55:30', 1, 0),
(502, 'lbInvoiceItem', 184, 1, '2015-07-27 08:25:31', 1, '2015-09-23 11:55:30', 1, 0),
(503, 'lbInvoiceItem', 185, 1, '2015-07-27 08:26:05', 1, '2015-09-23 11:55:30', 1, 0),
(504, 'lbInvoiceItemTemplate', 8, 1, '2015-07-27 08:26:41', 1, '2015-07-27 08:26:41', 1, 0),
(507, 'lbInvoiceItem', 188, 1, '2015-07-27 08:27:23', 1, '2015-07-27 08:27:29', 1, 0),
(508, 'lbVendor', 5, 1, '2015-07-27 08:32:52', 1, '2015-07-27 08:32:52', 1, 0),
(509, 'lbInvoiceItem', 189, 1, '2015-07-28 23:22:26', 1, '2015-10-29 15:03:50', 1, 0),
(510, 'lbInvoice', 77, 1, '2015-07-29 17:22:20', 1, '2015-07-29 17:23:49', 1, 0),
(511, 'lbInvoiceItem', 190, 1, '2015-07-29 17:22:20', 1, '2015-07-29 17:23:14', 1, 0),
(512, 'lbInvoiceItem', 191, 1, '2015-07-29 17:22:21', 1, '2015-08-01 02:13:27', 1, 0),
(513, 'lbInvoiceTotal', 77, 1, '2015-07-29 17:22:21', 1, '2015-08-01 02:13:35', 1, 0),
(514, 'lbInvoiceItem', 192, 1, '2015-07-29 17:23:04', 1, '2015-07-29 17:23:14', 1, 0),
(515, 'lbInvoiceItem', 193, 1, '2015-07-29 17:23:04', 1, '2015-07-29 17:23:15', 1, 0),
(516, 'lbInvoiceItem', 194, 1, '2015-07-29 17:23:06', 1, '2015-07-29 17:23:15', 1, 0),
(517, 'lbInvoiceItem', 195, 1, '2015-07-29 17:23:07', 1, '2015-07-29 17:23:15', 1, 0),
(518, 'lbQuotation', 22, 1, '2015-07-29 20:51:23', 1, '2015-07-30 16:54:14', 1, 0),
(519, 'lbQuotationItem', 24, 1, '2015-07-29 20:51:23', 1, '2015-07-29 20:52:26', 1, 0),
(520, 'lbQuotationTax', 23, 1, '2015-07-29 20:51:23', 1, '2015-07-29 20:52:26', 1, 0),
(521, 'lbQuotationTotal', 22, 1, '2015-07-29 20:51:23', 1, '2015-07-29 20:52:26', 1, 0),
(523, 'lbPayment', 6, 1, '2015-08-01 02:14:49', 1, '2015-08-01 02:14:49', 1, 0),
(524, 'lbPaymentItem', 6, 1, '2015-08-01 02:14:49', 1, '2015-08-01 02:14:49', 1, 0),
(525, 'lbInvoice', 78, 1, '2015-08-01 02:16:29', 1, '2015-08-01 02:16:29', 1, 0),
(526, 'lbContractInvoice', 1, 1, '2015-08-01 02:16:29', 1, '2015-08-01 02:16:29', 1, 0),
(527, 'lbInvoiceItem', 197, 1, '2015-08-01 02:16:30', 1, '2015-08-01 02:16:30', 1, 0),
(528, 'lbInvoiceItem', 198, 1, '2015-08-01 02:16:30', 1, '2015-08-01 02:16:30', 1, 0),
(529, 'lbInvoiceTotal', 78, 1, '2015-08-01 02:16:30', 1, '2015-08-21 09:54:57', 1, 0),
(530, 'lbVendorInvoice', 2, 1, '2015-08-01 02:18:00', 1, '2015-08-01 02:18:00', 1, 0),
(531, 'lbGenera', 3, 1, '2015-08-01 02:19:29', 1, '2015-08-01 02:19:29', 3, 0),
(532, 'lbNextId', 3, 1, '2015-08-01 02:19:29', 1, '2015-08-01 02:19:29', 3, 0),
(533, 'lbInvoiceItemTemplate', 9, 1, '2015-08-02 17:35:59', 1, '2015-08-02 17:35:59', 1, 0),
(534, 'lbPayment', 7, 1, '2015-08-02 17:42:26', 1, '2015-08-02 17:42:26', 1, 0),
(535, 'lbPaymentItem', 7, 1, '2015-08-02 17:42:26', 1, '2015-08-02 17:42:26', 1, 0),
(536, 'lbPaymentItem', 8, 1, '2015-08-02 17:42:26', 1, '2015-08-02 17:42:26', 1, 0),
(537, 'lbPaymentItem', 9, 1, '2015-08-02 17:42:26', 1, '2015-08-02 17:42:26', 1, 0),
(538, 'lbPayment', 8, 1, '2015-08-02 17:42:30', 1, '2015-08-02 17:42:30', 1, 0),
(539, 'lbPaymentItem', 10, 1, '2015-08-02 17:42:30', 1, '2015-08-02 17:42:30', 1, 0),
(540, 'lbPaymentItem', 11, 1, '2015-08-02 17:42:31', 1, '2015-08-02 17:42:31', 1, 0),
(541, 'lbPaymentItem', 12, 1, '2015-08-02 17:42:31', 1, '2015-08-02 17:42:31', 1, 0),
(542, 'lbVendor', 6, 1, '2015-08-19 17:02:57', 1, '2015-08-19 17:02:57', 1, 0),
(543, 'lbDocument', 3, 1, '2015-08-19 18:05:51', 1, '2015-08-19 18:05:51', 1, 0),
(544, 'lbDocument', 4, 1, '2015-08-19 18:06:04', 1, '2015-08-19 18:06:04', 1, 0),
(545, 'lbQuotation', 23, 1, '2015-08-19 18:08:13', 1, '2015-08-19 18:08:13', 1, 0),
(546, 'lbQuotationItem', 25, 1, '2015-08-19 18:08:13', 1, '2015-08-19 18:08:13', 1, 0),
(547, 'lbQuotationTax', 24, 1, '2015-08-19 18:08:13', 1, '2015-08-19 18:08:13', 1, 0),
(548, 'lbQuotationTotal', 23, 1, '2015-08-19 18:08:13', 1, '2015-08-19 18:08:13', 1, 0),
(549, 'lbPayment', 9, 1, '2015-08-20 00:07:33', 1, '2015-08-20 00:07:33', 1, 0),
(550, 'lbPaymentItem', 13, 1, '2015-08-20 00:07:33', 1, '2015-08-20 00:07:33', 1, 0),
(551, 'lbQuotation', 24, 1, '2015-08-20 04:50:49', 1, '2015-08-20 04:50:49', 1, 0),
(552, 'lbQuotationItem', 26, 1, '2015-08-20 04:50:49', 1, '2015-08-20 04:50:49', 1, 0),
(553, 'lbQuotationTax', 25, 1, '2015-08-20 04:50:49', 1, '2015-08-20 04:50:49', 1, 0),
(554, 'lbQuotationTotal', 24, 1, '2015-08-20 04:50:49', 1, '2015-08-20 04:50:49', 1, 0),
(560, 'lbQuotation', 25, 1, '2015-08-20 18:20:20', 1, '2015-08-20 18:27:00', 1, 0),
(561, 'lbQuotationItem', 27, 1, '2015-08-20 18:20:20', 1, '2015-08-20 18:21:43', 1, 0),
(562, 'lbQuotationTax', 26, 1, '2015-08-20 18:20:20', 1, '2015-08-20 18:21:43', 1, 0),
(563, 'lbQuotationTotal', 25, 1, '2015-08-20 18:20:20', 1, '2015-08-20 18:21:43', 1, 0),
(565, 'lbQuotationItem', 29, 1, '2015-08-20 18:21:27', 1, '2015-08-20 18:21:43', 1, 0),
(568, 'lbInvoice', 80, 1, '2015-08-20 20:29:06', 1, '2015-08-20 20:29:06', 1, 0),
(569, 'lbInvoiceItem', 202, 1, '2015-08-20 20:29:06', 1, '2015-08-21 10:42:04', 1, 0),
(570, 'lbInvoiceItem', 203, 1, '2015-08-20 20:29:06', 1, '2015-08-21 10:42:36', 1, 0),
(571, 'lbInvoiceTotal', 80, 1, '2015-08-20 20:29:06', 1, '2015-08-21 10:42:36', 1, 0),
(572, 'lbInvoiceItem', 204, 1, '2015-08-21 10:10:52', 1, '2015-08-21 10:10:52', 1, 0),
(573, 'lbInvoiceItem', 205, 1, '2015-08-21 10:11:08', 1, '2015-08-21 10:11:11', 1, 0),
(575, 'lbPayment', 10, 1, '2015-08-21 10:11:29', 1, '2015-08-21 10:11:38', 1, 0),
(576, 'lbPaymentItem', 14, 1, '2015-08-21 10:11:29', 1, '2015-08-21 10:11:48', 1, 0),
(579, 'lbInvoice', 81, 1, '2015-08-21 14:55:24', 1, '2015-08-21 14:55:24', 1, 0),
(580, 'lbInvoiceItem', 209, 1, '2015-08-21 14:55:25', 1, '2015-10-29 15:03:50', 1, 0),
(581, 'lbInvoiceItem', 210, 1, '2015-08-21 14:55:25', 1, '2015-10-29 15:03:54', 1, 0),
(582, 'lbInvoiceTotal', 81, 1, '2015-08-21 14:55:25', 1, '2015-10-29 15:03:54', 1, 0),
(583, 'lbInvoice', 82, 1, '2015-08-21 14:56:34', 1, '2015-08-21 14:56:34', 1, 0),
(584, 'lbInvoiceItem', 211, 1, '2015-08-21 14:56:34', 1, '2015-08-21 14:56:34', 1, 0),
(585, 'lbInvoiceItem', 212, 1, '2015-08-21 14:56:34', 1, '2015-08-21 14:56:34', 1, 0),
(586, 'lbInvoiceTotal', 82, 1, '2015-08-21 14:56:34', 1, '2015-08-21 14:56:35', 1, 0),
(587, 'lbInvoice', 83, 1, '2015-08-21 19:18:29', 1, '2015-08-21 19:18:29', 1, 0),
(588, 'lbInvoiceItem', 213, 1, '2015-08-21 19:18:29', 1, '2015-08-21 19:18:29', 1, 0),
(589, 'lbInvoiceItem', 214, 1, '2015-08-21 19:18:29', 1, '2015-08-21 19:18:29', 1, 0),
(590, 'lbInvoiceTotal', 83, 1, '2015-08-21 19:18:29', 1, '2015-08-21 19:18:30', 1, 0),
(591, 'lbQuotation', 26, 1, '2015-08-21 19:18:35', 1, '2015-08-21 19:18:35', 1, 0),
(592, 'lbQuotationItem', 30, 1, '2015-08-21 19:18:35', 1, '2015-08-21 19:18:35', 1, 0),
(593, 'lbQuotationTax', 27, 1, '2015-08-21 19:18:35', 1, '2015-08-21 19:18:35', 1, 0),
(594, 'lbQuotationTotal', 26, 1, '2015-08-21 19:18:35', 1, '2015-08-21 19:18:35', 1, 0),
(595, 'lbInvoice', 84, 1, '2015-08-23 13:17:46', 1, '2015-08-23 13:17:46', 1, 0),
(596, 'lbInvoiceItem', 215, 1, '2015-08-23 13:17:46', 1, '2015-08-23 13:17:46', 1, 0),
(597, 'lbInvoiceItem', 216, 1, '2015-08-23 13:17:47', 1, '2015-08-23 13:17:47', 1, 0),
(598, 'lbInvoiceTotal', 84, 1, '2015-08-23 13:17:47', 1, '2015-08-23 13:17:48', 1, 0),
(599, 'lbInvoice', 85, 1, '2015-08-24 00:58:17', 1, '2015-08-24 00:58:17', 1, 0),
(600, 'lbInvoiceItem', 217, 1, '2015-08-24 00:58:17', 1, '2015-08-24 00:58:17', 1, 0),
(601, 'lbInvoiceItem', 218, 1, '2015-08-24 00:58:17', 1, '2015-08-24 00:58:17', 1, 0),
(602, 'lbInvoiceTotal', 85, 1, '2015-08-24 00:58:17', 1, '2015-08-24 00:58:18', 1, 0),
(603, 'lbQuotation', 27, 1, '2015-08-24 00:59:03', 1, '2015-08-24 12:53:22', 1, 0),
(604, 'lbQuotationItem', 31, 1, '2015-08-24 00:59:03', 1, '2015-08-24 00:59:03', 1, 0),
(605, 'lbQuotationTax', 28, 1, '2015-08-24 00:59:03', 1, '2015-08-25 12:32:05', 1, 0),
(606, 'lbQuotationTotal', 27, 1, '2015-08-24 00:59:03', 1, '2015-08-25 12:32:05', 1, 0),
(607, 'lbQuotation', 28, 1, '2015-08-24 04:37:49', 1, '2015-08-24 04:37:49', 1, 0),
(608, 'lbQuotationItem', 32, 1, '2015-08-24 04:37:49', 1, '2015-08-24 04:37:49', 1, 0),
(609, 'lbQuotationTax', 29, 1, '2015-08-24 04:37:49', 1, '2015-08-24 04:37:49', 1, 0),
(610, 'lbQuotationTotal', 28, 1, '2015-08-24 04:37:49', 1, '2015-08-24 04:37:49', 1, 0),
(611, 'lbInvoice', 86, 1, '2015-08-24 08:33:46', 1, '2015-08-24 08:33:46', 1, 0),
(612, 'lbInvoiceItem', 219, 1, '2015-08-24 08:33:46', 1, '2015-08-24 08:33:46', 1, 0),
(613, 'lbInvoiceItem', 220, 1, '2015-08-24 08:33:46', 1, '2015-08-24 08:33:46', 1, 0),
(614, 'lbInvoiceTotal', 86, 1, '2015-08-24 08:33:46', 1, '2015-08-24 08:33:47', 1, 0),
(615, 'lbPayment', 11, 1, '2015-08-24 22:10:45', 1, '2015-08-24 22:10:45', 1, 0),
(616, 'lbPaymentItem', 15, 1, '2015-08-24 22:10:45', 1, '2015-08-24 22:10:45', 1, 0),
(617, 'lbCustomer', 16, 1, '2015-08-24 22:12:29', 1, '2015-10-25 17:31:57', 1, 0),
(618, 'lbInvoice', 87, 1, '2015-08-24 22:13:02', 1, '2015-08-24 22:14:03', 1, 0),
(619, 'lbInvoiceItem', 221, 1, '2015-08-24 22:13:02', 1, '2015-08-24 22:14:46', 1, 0),
(620, 'lbInvoiceItem', 222, 1, '2015-08-24 22:13:02', 1, '2015-08-24 22:14:50', 1, 0),
(621, 'lbInvoiceTotal', 87, 1, '2015-08-24 22:13:02', 1, '2015-08-24 22:14:50', 1, 0),
(622, 'lbCustomerAddress', 10, 1, '2015-08-24 22:14:03', 1, '2015-08-24 22:14:03', 1, 0),
(623, 'lbPayment', 12, 1, '2015-08-24 22:54:50', 1, '2015-08-24 22:54:50', 1, 0),
(624, 'lbPaymentItem', 16, 1, '2015-08-24 22:54:50', 1, '2015-08-24 22:54:50', 1, 0),
(625, 'lbQuotationTax', 30, 1, '2015-08-25 12:31:58', 1, '2015-08-25 12:32:05', 1, 0),
(626, 'lbQuotationTax', 31, 1, '2015-08-25 12:32:05', 1, '2015-08-25 12:32:05', 1, 0),
(627, 'lbQuotationDiscount', 2, 1, '2015-08-25 13:02:40', 1, '2015-08-25 13:02:40', 1, 0),
(628, 'lbInvoice', 88, 1, '2015-08-25 18:17:51', 1, '2015-08-25 18:21:20', 1, 0),
(629, 'lbInvoiceItem', 223, 1, '2015-08-25 18:17:51', 1, '2015-08-25 18:17:51', 1, 0),
(630, 'lbInvoiceItem', 224, 1, '2015-08-25 18:17:51', 1, '2015-08-25 18:17:51', 1, 0),
(631, 'lbInvoiceTotal', 88, 1, '2015-08-25 18:17:51', 1, '2015-08-26 09:14:31', 1, 0),
(640, 'lbInvoice', 90, 1, '2015-08-26 01:11:09', 1, '2015-08-26 01:11:09', 1, 0),
(641, 'lbInvoiceItem', 227, 1, '2015-08-26 01:11:09', 1, '2015-08-26 01:11:09', 1, 0),
(642, 'lbInvoiceItem', 228, 1, '2015-08-26 01:11:09', 1, '2015-08-26 01:11:09', 1, 0),
(643, 'lbInvoiceTotal', 90, 1, '2015-08-26 01:11:09', 1, '2015-08-26 01:11:10', 1, 0),
(648, 'lbInvoice', 92, 1, '2015-08-26 16:45:52', 1, '2015-08-26 16:45:52', 1, 0),
(649, 'lbInvoiceItem', 231, 1, '2015-08-26 16:45:52', 1, '2015-08-26 16:45:52', 1, 0),
(650, 'lbInvoiceItem', 232, 1, '2015-08-26 16:45:52', 1, '2015-08-26 16:45:52', 1, 0),
(651, 'lbInvoiceTotal', 92, 1, '2015-08-26 16:45:52', 1, '2015-08-26 16:45:52', 1, 0),
(652, 'lbInvoice', 93, 1, '2015-08-27 14:10:24', 1, '2015-08-27 14:10:24', 1, 0),
(653, 'lbInvoiceItem', 233, 1, '2015-08-27 14:10:24', 1, '2015-08-27 14:10:24', 1, 0),
(654, 'lbInvoiceItem', 234, 1, '2015-08-27 14:10:24', 1, '2015-08-28 03:35:45', 1, 0),
(655, 'lbInvoiceTotal', 93, 1, '2015-08-27 14:10:24', 1, '2015-08-28 03:35:45', 1, 0);
INSERT INTO `lb_core_entities` (`lb_record_primary_key`, `lb_entity_type`, `lb_entity_primary_key`, `lb_created_by`, `lb_created_date`, `lb_last_updated_by`, `lb_last_update`, `lb_subscription_id`, `lb_locked_from_deletion`) VALUES
(656, 'lbInvoice', 94, 1, '2015-08-27 19:23:54', 1, '2015-08-27 19:23:54', 1, 0),
(657, 'lbInvoiceItem', 235, 1, '2015-08-27 19:23:54', 1, '2015-08-27 19:24:36', 1, 0),
(658, 'lbInvoiceItem', 236, 1, '2015-08-27 19:23:54', 1, '2015-08-27 19:24:37', 1, 0),
(659, 'lbInvoiceTotal', 94, 1, '2015-08-27 19:23:54', 1, '2015-08-27 19:24:37', 1, 0),
(660, 'lbInvoice', 95, 1, '2015-08-27 19:26:41', 1, '2015-08-27 19:26:41', 1, 0),
(661, 'lbInvoiceItem', 237, 1, '2015-08-27 19:26:41', 1, '2015-08-27 19:27:07', 1, 0),
(662, 'lbInvoiceItem', 238, 1, '2015-08-27 19:26:41', 1, '2015-08-27 19:27:07', 1, 0),
(663, 'lbInvoiceTotal', 95, 1, '2015-08-27 19:26:41', 1, '2015-08-27 19:27:07', 1, 0),
(672, 'lbVendor', 7, 1, '2015-08-28 10:14:06', 1, '2015-08-28 10:14:06', 1, 0),
(673, 'lbContracts', 2, 1, '2015-08-28 14:44:32', 1, '2015-08-28 14:44:32', 1, 0),
(674, 'lbInvoice', 98, 1, '2015-08-28 14:48:27', 1, '2015-08-28 14:48:27', 1, 0),
(675, 'lbContractInvoice', 2, 1, '2015-08-28 14:48:27', 1, '2015-08-28 14:48:27', 1, 0),
(676, 'lbInvoiceItem', 243, 1, '2015-08-28 14:48:27', 1, '2015-09-14 16:46:05', 1, 0),
(677, 'lbInvoiceItem', 244, 1, '2015-08-28 14:48:27', 1, '2015-09-14 16:55:44', 1, 0),
(678, 'lbInvoiceTotal', 98, 1, '2015-08-28 14:48:27', 1, '2015-11-23 18:42:50', 1, 0),
(679, 'lbInvoice', 99, 1, '2015-08-28 15:39:16', 1, '2015-08-28 15:39:16', 1, 0),
(680, 'lbContractInvoice', 3, 1, '2015-08-28 15:39:16', 1, '2015-08-28 15:39:16', 1, 0),
(681, 'lbInvoiceItem', 245, 1, '2015-08-28 15:39:16', 1, '2015-08-28 17:31:43', 1, 0),
(683, 'lbInvoiceTotal', 99, 1, '2015-08-28 15:39:16', 1, '2015-08-28 17:31:43', 1, 0),
(684, 'lbInvoiceItem', 247, 1, '2015-08-28 15:39:45', 1, '2015-09-14 16:46:05', 1, 0),
(685, 'lbInvoice', 100, 1, '2015-08-28 15:43:15', 1, '2015-08-28 15:43:15', 1, 0),
(686, 'lbContractInvoice', 4, 1, '2015-08-28 15:43:15', 1, '2015-08-28 15:43:15', 1, 0),
(687, 'lbInvoiceItem', 248, 1, '2015-08-28 15:43:15', 1, '2015-10-29 15:03:50', 1, 0),
(689, 'lbInvoiceTotal', 100, 1, '2015-08-28 15:43:15', 1, '2015-10-29 15:03:50', 1, 0),
(690, 'lbInvoiceItem', 250, 1, '2015-08-28 15:43:29', 1, '2015-10-29 15:03:50', 1, 0),
(691, 'lbDocument', 5, 1, '2015-08-28 17:35:28', 1, '2015-08-28 17:35:28', 1, 0),
(692, 'lbInvoiceItemTemplate', 10, 1, '2015-08-29 13:17:09', 1, '2015-08-29 13:17:09', 1, 0),
(693, 'lbCustomer', 17, 1, '2015-08-30 15:00:12', 1, '2015-10-25 17:31:57', 1, 0),
(694, 'lbCustomer', 18, 1, '2015-08-30 21:14:42', 1, '2015-10-25 17:31:57', 1, 0),
(695, 'lbInvoice', 101, 1, '2015-09-01 20:57:35', 1, '2015-09-01 20:57:35', 1, 0),
(696, 'lbInvoiceItem', 251, 1, '2015-09-01 20:57:35', 1, '2015-10-29 15:03:50', 1, 0),
(697, 'lbInvoiceItem', 252, 1, '2015-09-01 20:57:36', 1, '2015-10-29 15:03:54', 1, 0),
(698, 'lbInvoiceTotal', 101, 1, '2015-09-01 20:57:36', 1, '2015-10-29 15:03:54', 1, 0),
(699, 'lbInvoice', 102, 1, '2015-09-08 10:14:48', 1, '2015-09-08 10:14:48', 1, 0),
(700, 'lbInvoiceItem', 253, 1, '2015-09-08 10:14:48', 1, '2015-10-29 15:03:50', 1, 0),
(701, 'lbInvoiceItem', 254, 1, '2015-09-08 10:14:48', 1, '2015-10-29 15:03:54', 1, 0),
(702, 'lbInvoiceTotal', 102, 1, '2015-09-08 10:14:48', 1, '2015-10-29 15:03:54', 1, 0),
(703, 'lbInvoice', 103, 1, '2015-09-09 11:38:06', 1, '2015-09-11 12:36:50', 1, 0),
(704, 'lbInvoiceItem', 255, 1, '2015-09-09 11:38:06', 1, '2015-10-29 15:03:50', 1, 0),
(705, 'lbInvoiceItem', 256, 1, '2015-09-09 11:38:06', 1, '2015-10-29 15:03:54', 1, 0),
(706, 'lbInvoiceTotal', 103, 1, '2015-09-09 11:38:06', 1, '2015-10-29 15:03:54', 1, 0),
(707, 'lbInvoice', 104, 1, '2015-09-09 13:12:14', 1, '2015-09-30 17:42:22', 1, 0),
(708, 'lbInvoiceItem', 257, 1, '2015-09-09 13:12:14', 1, '2015-10-29 15:03:50', 1, 0),
(709, 'lbInvoiceItem', 258, 1, '2015-09-09 13:12:14', 1, '2015-10-29 15:03:54', 1, 0),
(710, 'lbInvoiceTotal', 104, 1, '2015-09-09 13:12:14', 1, '2015-10-29 15:03:54', 1, 0),
(711, 'lbPayment', 13, 1, '2015-09-09 14:54:04', 1, '2015-09-09 14:54:04', 1, 0),
(712, 'lbPaymentItem', 17, 1, '2015-09-09 14:54:04', 1, '2015-09-09 14:54:04', 1, 0),
(713, 'lbCustomer', 19, 1, '2015-09-09 15:27:25', 1, '2015-10-25 17:31:57', 1, 0),
(714, 'lbCustomer', 20, 1, '2015-09-09 15:54:51', 1, '2015-10-25 17:31:57', 1, 0),
(715, 'lbTax', 4, 1, '2015-09-09 16:30:40', 1, '2015-09-09 16:30:40', 1, 0),
(717, 'lbCustomer', 21, 1, '2015-09-09 17:59:37', 1, '2015-10-25 17:31:57', 1, 0),
(718, 'lbCustomer', 22, 1, '2015-09-09 18:00:47', 1, '2015-10-25 17:31:57', 1, 0),
(719, 'lbNextId', 12, 1, '2015-09-10 02:31:27', 1, '2015-09-10 02:31:27', 2, 0),
(723, 'accountRoles', 4, 1, '2015-09-10 02:33:33', 1, '2015-09-10 02:33:33', 1, 0),
(724, 'lbQuotation', 30, 1, '2015-09-10 14:10:12', 1, '2015-09-10 14:11:35', 1, 0),
(725, 'lbQuotationItem', 34, 1, '2015-09-10 14:10:12', 1, '2015-09-10 14:12:14', 1, 0),
(726, 'lbQuotationTax', 33, 1, '2015-09-10 14:10:12', 1, '2015-09-10 14:12:14', 1, 0),
(727, 'lbQuotationTotal', 30, 1, '2015-09-10 14:10:12', 1, '2015-09-10 14:12:14', 1, 0),
(728, 'lbCustomer', 23, 1, '2015-09-11 12:36:50', 1, '2015-10-25 17:31:57', 1, 0),
(729, 'lbInvoice', 105, 1, '2015-09-13 03:05:17', 1, '2015-09-13 03:05:17', 1, 0),
(730, 'lbInvoiceItem', 260, 1, '2015-09-13 03:05:17', 1, '2015-10-29 15:03:50', 1, 0),
(732, 'lbInvoiceTotal', 105, 1, '2015-09-13 03:05:17', 1, '2015-10-29 15:03:50', 1, 0),
(733, 'lbInvoiceItem', 262, 1, '2015-09-13 03:06:34', 1, '2015-09-13 03:06:34', 1, 0),
(734, 'lbInvoice', 106, 1, '2015-09-13 13:12:56', 1, '2015-09-13 13:12:56', 1, 0),
(735, 'lbInvoiceItem', 263, 1, '2015-09-13 13:12:56', 1, '2015-10-29 15:03:50', 1, 0),
(736, 'lbInvoiceItem', 264, 1, '2015-09-13 13:12:56', 1, '2015-10-29 15:03:54', 1, 0),
(737, 'lbInvoiceTotal', 106, 1, '2015-09-13 13:12:56', 1, '2015-10-29 15:03:54', 1, 0),
(738, 'lbInvoice', 107, 1, '2015-09-14 11:42:12', 1, '2015-09-14 15:00:03', 1, 0),
(739, 'lbInvoiceItem', 265, 1, '2015-09-14 11:42:12', 1, '2015-10-29 15:03:50', 1, 0),
(740, 'lbInvoiceItem', 266, 1, '2015-09-14 11:42:12', 1, '2015-10-29 15:03:54', 1, 0),
(741, 'lbInvoiceTotal', 107, 1, '2015-09-14 11:42:12', 1, '2015-10-29 15:03:54', 1, 0),
(748, 'lbInvoice', 109, 1, '2015-09-16 22:12:17', 1, '2015-09-16 22:12:17', 1, 0),
(749, 'lbInvoiceItem', 270, 1, '2015-09-16 22:12:17', 1, '2015-10-29 15:03:50', 1, 0),
(750, 'lbInvoiceItem', 271, 1, '2015-09-16 22:12:17', 1, '2015-10-29 15:03:54', 1, 0),
(751, 'lbInvoiceTotal', 109, 1, '2015-09-16 22:12:17', 1, '2015-10-29 15:03:54', 1, 0),
(756, 'lbInvoice', 111, 1, '2015-09-17 16:04:35', 1, '2015-09-17 16:04:35', 1, 0),
(757, 'lbInvoiceItem', 274, 1, '2015-09-17 16:04:35', 1, '2015-10-29 15:03:50', 1, 0),
(758, 'lbInvoiceItem', 275, 1, '2015-09-17 16:04:35', 1, '2015-10-29 15:03:54', 1, 0),
(759, 'lbInvoiceTotal', 111, 1, '2015-09-17 16:04:35', 1, '2015-10-29 15:03:54', 1, 0),
(760, 'lbInvoice', 112, 1, '2015-09-17 20:26:23', 1, '2015-09-17 20:26:23', 1, 0),
(761, 'lbInvoiceItem', 276, 1, '2015-09-17 20:26:23', 1, '2015-10-29 15:03:50', 1, 0),
(762, 'lbInvoiceItem', 277, 1, '2015-09-17 20:26:23', 1, '2015-10-29 15:03:54', 1, 0),
(763, 'lbInvoiceTotal', 112, 1, '2015-09-17 20:26:23', 1, '2015-10-29 15:03:54', 1, 0),
(764, 'lbInvoiceItem', 278, 1, '2015-09-17 20:26:42', 1, '2015-10-29 15:03:50', 1, 0),
(765, 'lbInvoiceItem', 279, 1, '2015-09-17 20:26:44', 1, '2015-10-29 15:03:50', 1, 0),
(766, 'lbInvoiceItem', 280, 1, '2015-09-17 20:26:44', 1, '2015-10-29 15:03:51', 1, 0),
(767, 'lbInvoiceItem', 281, 1, '2015-09-17 20:26:44', 1, '2015-10-29 15:03:51', 1, 0),
(768, 'lbInvoice', 113, 1, '2015-09-19 22:42:39', 1, '2015-09-19 22:46:58', 1, 0),
(769, 'lbInvoiceItem', 282, 1, '2015-09-19 22:42:39', 1, '2015-10-29 15:03:51', 1, 0),
(770, 'lbInvoiceItem', 283, 1, '2015-09-19 22:42:39', 1, '2015-10-29 15:03:54', 1, 0),
(771, 'lbInvoiceTotal', 113, 1, '2015-09-19 22:42:39', 1, '2015-11-23 18:44:41', 1, 0),
(772, 'lbInvoiceItem', 284, 1, '2015-09-19 22:43:47', 1, '2015-10-29 15:03:51', 1, 0),
(773, 'lbInvoice', 114, 1, '2015-09-21 06:33:03', 1, '2015-09-21 06:33:03', 1, 0),
(774, 'lbInvoiceItem', 285, 1, '2015-09-21 06:33:03', 1, '2015-10-29 15:03:51', 1, 0),
(775, 'lbInvoiceItem', 286, 1, '2015-09-21 06:33:03', 1, '2015-10-29 15:03:54', 1, 0),
(776, 'lbInvoiceTotal', 114, 1, '2015-09-21 06:33:04', 1, '2015-10-29 15:03:54', 1, 0),
(777, 'lbQuotation', 31, 1, '2015-09-22 09:25:31', 1, '2015-09-22 09:26:03', 1, 0),
(778, 'lbQuotationItem', 35, 1, '2015-09-22 09:25:31', 1, '2015-09-22 09:26:18', 1, 0),
(779, 'lbQuotationTax', 34, 1, '2015-09-22 09:25:31', 1, '2015-09-22 09:26:18', 1, 0),
(780, 'lbQuotationTotal', 31, 1, '2015-09-22 09:25:31', 1, '2015-09-22 09:26:18', 1, 0),
(781, 'lbInvoice', 115, 1, '2015-09-23 11:51:44', 1, '2015-09-23 11:52:03', 1, 0),
(782, 'lbInvoiceItem', 287, 1, '2015-09-23 11:51:44', 1, '2015-10-29 15:03:51', 1, 0),
(783, 'lbInvoiceItem', 288, 1, '2015-09-23 11:51:45', 1, '2015-10-29 15:03:54', 1, 0),
(784, 'lbInvoiceTotal', 115, 1, '2015-09-23 11:51:45', 1, '2015-10-29 15:03:54', 1, 0),
(787, 'lbQuotation', 32, 1, '2015-09-24 01:23:29', 1, '2015-09-24 01:24:06', 1, 0),
(788, 'lbQuotationItem', 36, 1, '2015-09-24 01:23:29', 1, '2015-09-24 01:27:33', 1, 0),
(790, 'lbQuotationTotal', 32, 1, '2015-09-24 01:23:29', 1, '2015-09-24 01:27:33', 1, 0),
(791, 'lbQuotationTax', 36, 1, '2015-09-24 01:26:41', 1, '2015-09-24 01:27:33', 1, 0),
(792, 'lbQuotation', 33, 1, '2015-09-25 10:45:35', 1, '2015-09-25 10:45:35', 1, 0),
(793, 'lbQuotationItem', 37, 1, '2015-09-25 10:45:35', 1, '2015-09-25 10:45:35', 1, 0),
(794, 'lbQuotationTax', 37, 1, '2015-09-25 10:45:35', 1, '2015-09-25 10:45:35', 1, 0),
(795, 'lbQuotationTotal', 33, 1, '2015-09-25 10:45:35', 1, '2015-09-25 10:45:35', 1, 0),
(796, 'lbInvoice', 116, 1, '2015-09-25 13:47:55', 1, '2015-10-12 20:20:24', 1, 0),
(797, 'lbInvoiceItem', 291, 1, '2015-09-25 13:47:55', 1, '2015-10-29 15:03:51', 1, 0),
(798, 'lbInvoiceItem', 292, 1, '2015-09-25 13:47:55', 1, '2015-10-29 15:03:55', 1, 0),
(799, 'lbInvoiceTotal', 116, 1, '2015-09-25 13:47:55', 1, '2015-10-29 15:03:55', 1, 0),
(800, 'lbInvoice', 117, 1, '2015-09-25 14:08:04', 1, '2015-09-25 14:08:31', 1, 0),
(801, 'lbInvoiceItem', 293, 1, '2015-09-25 14:08:04', 1, '2015-10-29 15:03:51', 1, 0),
(802, 'lbInvoiceItem', 294, 1, '2015-09-25 14:08:04', 1, '2015-10-29 15:03:55', 1, 0),
(803, 'lbInvoiceTotal', 117, 1, '2015-09-25 14:08:04', 1, '2015-10-29 15:03:55', 1, 0),
(804, 'lbInvoice', 118, 1, '2015-09-25 14:10:08', 1, '2015-09-25 14:10:08', 1, 0),
(805, 'lbInvoiceItem', 295, 1, '2015-09-25 14:10:08', 1, '2015-10-29 15:03:51', 1, 0),
(806, 'lbInvoiceItem', 296, 1, '2015-09-25 14:10:08', 1, '2015-10-29 15:03:55', 1, 0),
(807, 'lbInvoiceTotal', 118, 1, '2015-09-25 14:10:08', 1, '2015-10-29 15:03:55', 1, 0),
(808, 'lbQuotation', 34, 1, '2015-09-26 12:56:23', 1, '2015-09-27 14:01:51', 1, 0),
(809, 'lbQuotationItem', 38, 1, '2015-09-26 12:56:23', 1, '2015-09-27 14:00:14', 1, 0),
(810, 'lbQuotationTax', 38, 1, '2015-09-26 12:56:23', 1, '2015-09-27 14:00:14', 1, 0),
(811, 'lbQuotationTotal', 34, 1, '2015-09-26 12:56:23', 1, '2015-09-27 14:00:14', 1, 0),
(812, 'lbInvoice', 119, 1, '2015-09-26 14:53:29', 1, '2015-09-26 14:53:29', 1, 0),
(813, 'lbInvoiceItem', 297, 1, '2015-09-26 14:53:29', 1, '2015-10-29 15:03:51', 1, 0),
(814, 'lbInvoiceItem', 298, 1, '2015-09-26 14:53:29', 1, '2015-10-29 15:03:55', 1, 0),
(815, 'lbInvoiceTotal', 119, 1, '2015-09-26 14:53:29', 1, '2015-10-29 15:03:55', 1, 0),
(816, 'lbQuotation', 35, 1, '2015-09-26 23:58:48', 1, '2015-09-26 23:58:48', 1, 0),
(817, 'lbQuotationItem', 39, 1, '2015-09-26 23:58:48', 1, '2015-09-26 23:58:48', 1, 0),
(818, 'lbQuotationTax', 39, 1, '2015-09-26 23:58:48', 1, '2015-09-26 23:58:48', 1, 0),
(819, 'lbQuotationTotal', 35, 1, '2015-09-26 23:58:48', 1, '2015-09-26 23:58:48', 1, 0),
(820, 'lbInvoice', 120, 1, '2015-09-27 00:00:45', 1, '2015-09-27 00:00:45', 1, 0),
(821, 'lbInvoiceItem', 299, 1, '2015-09-27 00:00:45', 1, '2015-10-29 15:03:51', 1, 0),
(822, 'lbInvoiceItem', 300, 1, '2015-09-27 00:00:45', 1, '2015-10-29 15:03:55', 1, 0),
(823, 'lbInvoiceTotal', 120, 1, '2015-09-27 00:00:45', 1, '2015-10-29 15:03:55', 1, 0),
(824, 'lbQuotation', 36, 1, '2015-09-27 00:00:50', 1, '2015-09-27 00:00:50', 1, 0),
(825, 'lbQuotationItem', 40, 1, '2015-09-27 00:00:50', 1, '2015-09-27 00:00:50', 1, 0),
(826, 'lbQuotationTax', 40, 1, '2015-09-27 00:00:50', 1, '2015-09-27 00:00:50', 1, 0),
(827, 'lbQuotationTotal', 36, 1, '2015-09-27 00:00:50', 1, '2015-09-27 00:00:50', 1, 0),
(828, 'lbInvoice', 121, 1, '2015-09-27 00:01:36', 1, '2015-09-27 00:01:36', 1, 0),
(829, 'lbInvoiceItem', 301, 1, '2015-09-27 00:01:36', 1, '2015-10-29 15:03:51', 1, 0),
(830, 'lbInvoiceItem', 302, 1, '2015-09-27 00:01:36', 1, '2015-10-29 15:03:55', 1, 0),
(831, 'lbInvoiceTotal', 121, 1, '2015-09-27 00:01:37', 1, '2015-10-29 15:03:55', 1, 0),
(832, 'lbInvoice', 122, 1, '2015-09-27 01:11:05', 1, '2015-09-27 01:11:05', 1, 0),
(833, 'lbInvoiceItem', 303, 1, '2015-09-27 01:11:05', 1, '2015-10-29 15:03:51', 1, 0),
(834, 'lbInvoiceItem', 304, 1, '2015-09-27 01:11:05', 1, '2015-10-29 15:03:55', 1, 0),
(835, 'lbInvoiceTotal', 122, 1, '2015-09-27 01:11:05', 1, '2015-10-29 15:03:55', 1, 0),
(837, 'lbQuotationItem', 42, 1, '2015-09-27 13:59:22', 1, '2015-09-27 14:00:14', 1, 0),
(838, 'lbInvoice', 123, 1, '2015-09-27 20:30:24', 1, '2015-09-27 20:30:24', 1, 0),
(839, 'lbInvoiceItem', 305, 1, '2015-09-27 20:30:24', 1, '2015-10-29 15:03:51', 1, 0),
(840, 'lbInvoiceItem', 306, 1, '2015-09-27 20:30:24', 1, '2015-10-29 15:03:55', 1, 0),
(841, 'lbInvoiceTotal', 123, 1, '2015-09-27 20:30:24', 1, '2015-10-29 15:03:55', 1, 0),
(842, 'lbQuotation', 37, 1, '2015-09-28 14:51:11', 1, '2015-09-28 14:51:11', 1, 0),
(843, 'lbQuotationItem', 43, 1, '2015-09-28 14:51:11', 1, '2015-09-28 14:52:02', 1, 0),
(844, 'lbQuotationTax', 41, 1, '2015-09-28 14:51:11', 1, '2015-09-28 14:52:02', 1, 0),
(845, 'lbQuotationTotal', 37, 1, '2015-09-28 14:51:11', 1, '2015-09-28 14:52:02', 1, 0),
(846, 'lbQuotationItem', 44, 1, '2015-09-28 14:52:02', 1, '2015-09-28 14:52:02', 1, 0),
(847, 'lbQuotationDiscount', 3, 1, '2015-09-28 14:52:13', 1, '2015-09-28 14:52:13', 1, 0),
(848, 'lbQuotation', 38, 1, '2015-09-28 14:54:54', 1, '2015-09-28 14:55:10', 1, 0),
(849, 'lbQuotationItem', 45, 1, '2015-09-28 14:54:54', 1, '2015-09-28 14:55:06', 1, 0),
(850, 'lbQuotationTax', 42, 1, '2015-09-28 14:54:54', 1, '2015-09-28 14:55:06', 1, 0),
(851, 'lbQuotationTotal', 38, 1, '2015-09-28 14:54:54', 1, '2015-09-28 14:55:06', 1, 0),
(852, 'lbQuotationDiscount', 4, 1, '2015-09-28 14:55:17', 1, '2015-09-28 14:55:17', 1, 0),
(853, 'lbQuotation', 39, 1, '2015-09-28 21:18:48', 1, '2015-09-28 21:18:48', 1, 0),
(854, 'lbQuotationItem', 46, 1, '2015-09-28 21:18:48', 1, '2015-09-28 21:18:48', 1, 0),
(855, 'lbQuotationTax', 43, 1, '2015-09-28 21:18:48', 1, '2015-09-28 21:18:48', 1, 0),
(856, 'lbQuotationTotal', 39, 1, '2015-09-28 21:18:48', 1, '2015-09-28 21:18:48', 1, 0),
(857, 'lbInvoice', 124, 1, '2015-09-28 21:21:09', 1, '2015-09-28 21:21:09', 1, 0),
(859, 'lbInvoiceItem', 308, 1, '2015-09-28 21:21:09', 1, '2015-11-16 20:04:51', 1, 0),
(860, 'lbInvoiceTotal', 124, 1, '2015-09-28 21:21:09', 1, '2015-11-16 20:04:51', 1, 0),
(861, 'lbInvoice', 125, 1, '2015-09-28 21:25:43', 1, '2015-09-28 21:25:43', 1, 0),
(862, 'lbInvoiceItem', 309, 1, '2015-09-28 21:25:43', 1, '2015-10-29 15:03:51', 1, 0),
(863, 'lbInvoiceItem', 310, 1, '2015-09-28 21:25:43', 1, '2015-10-29 15:03:55', 1, 0),
(864, 'lbInvoiceTotal', 125, 1, '2015-09-28 21:25:43', 1, '2015-10-29 15:03:55', 1, 0),
(865, 'lbInvoice', 126, 1, '2015-09-29 07:06:42', 1, '2015-10-02 03:38:00', 1, 0),
(866, 'lbInvoiceItem', 311, 1, '2015-09-29 07:06:42', 1, '2015-10-29 15:03:51', 1, 0),
(867, 'lbInvoiceItem', 312, 1, '2015-09-29 07:06:42', 1, '2015-10-29 15:03:55', 1, 0),
(868, 'lbInvoiceTotal', 126, 1, '2015-09-29 07:06:42', 1, '2015-10-29 15:03:55', 1, 0),
(870, 'lbInvoiceItem', 314, 1, '2015-09-29 19:51:43', 1, '2015-11-16 20:04:50', 1, 0),
(871, 'lbQuotation', 40, 1, '2015-09-29 23:10:25', 1, '2015-09-29 23:10:25', 1, 0),
(872, 'lbQuotationItem', 47, 1, '2015-09-29 23:10:25', 1, '2015-09-29 23:10:25', 1, 0),
(873, 'lbQuotationTax', 44, 1, '2015-09-29 23:10:25', 1, '2015-09-29 23:10:25', 1, 0),
(874, 'lbQuotationTotal', 40, 1, '2015-09-29 23:10:25', 1, '2015-09-29 23:10:25', 1, 0),
(875, 'lbPayment', 14, 1, '2015-09-30 18:24:13', 1, '2015-09-30 18:24:13', 1, 0),
(876, 'lbPaymentItem', 18, 1, '2015-09-30 18:24:13', 1, '2015-09-30 18:24:13', 1, 0),
(877, 'lbPaymentItem', 19, 1, '2015-09-30 18:24:13', 1, '2015-09-30 18:24:13', 1, 0),
(878, 'lbPayment', 15, 1, '2015-09-30 18:24:26', 1, '2015-09-30 18:24:28', 1, 0),
(879, 'lbPaymentItem', 20, 1, '2015-09-30 18:24:26', 1, '2015-09-30 18:24:35', 1, 0),
(880, 'lbPayment', 16, 1, '2015-09-30 18:24:37', 1, '2015-09-30 18:24:40', 1, 0),
(881, 'lbPaymentItem', 21, 1, '2015-09-30 18:24:38', 1, '2015-09-30 18:24:43', 1, 0),
(882, 'lbInvoiceItem', 315, 1, '2015-09-30 21:18:29', 1, '2015-11-16 20:04:50', 1, 0),
(883, 'lbQuotation', 41, 1, '2015-10-02 00:39:09', 1, '2015-10-02 00:39:10', 1, 0),
(884, 'lbQuotationItem', 48, 1, '2015-10-02 00:39:09', 1, '2015-10-02 00:39:31', 1, 0),
(885, 'lbQuotationTax', 45, 1, '2015-10-02 00:39:09', 1, '2015-10-02 00:39:40', 1, 0),
(886, 'lbQuotationTotal', 41, 1, '2015-10-02 00:39:09', 1, '2015-10-02 00:39:40', 1, 0),
(887, 'lbQuotation', 42, 1, '2015-10-02 21:51:21', 1, '2015-10-02 21:51:21', 1, 0),
(888, 'lbQuotationItem', 49, 1, '2015-10-02 21:51:21', 1, '2015-10-02 21:52:24', 1, 0),
(889, 'lbQuotationTax', 46, 1, '2015-10-02 21:51:21', 1, '2015-10-02 21:52:24', 1, 0),
(890, 'lbQuotationTotal', 42, 1, '2015-10-02 21:51:21', 1, '2015-10-02 21:52:24', 1, 0),
(891, 'lbQuotationItem', 50, 1, '2015-10-02 21:52:14', 1, '2015-10-02 21:52:24', 1, 0),
(892, 'lbQuotation', 43, 1, '2015-10-03 18:13:52', 1, '2015-10-03 18:13:52', 1, 0),
(893, 'lbQuotationItem', 51, 1, '2015-10-03 18:13:52', 1, '2015-10-03 18:14:51', 1, 0),
(894, 'lbQuotationTax', 47, 1, '2015-10-03 18:13:52', 1, '2015-10-03 18:14:51', 1, 0),
(895, 'lbQuotationTotal', 43, 1, '2015-10-03 18:13:52', 1, '2015-10-03 18:14:51', 1, 0),
(896, 'lbQuotationItem', 52, 1, '2015-10-03 18:14:24', 1, '2015-10-03 18:14:51', 1, 0),
(897, 'lbQuotation', 44, 1, '2015-10-03 18:19:06', 1, '2015-10-03 18:19:06', 1, 0),
(898, 'lbQuotationItem', 53, 1, '2015-10-03 18:19:06', 1, '2015-10-03 18:19:06', 1, 0),
(899, 'lbQuotationTax', 48, 1, '2015-10-03 18:19:06', 1, '2015-10-03 18:19:06', 1, 0),
(900, 'lbQuotationTotal', 44, 1, '2015-10-03 18:19:06', 1, '2015-10-03 18:19:06', 1, 0),
(901, 'lbInvoice', 127, 1, '2015-10-03 18:19:28', 1, '2015-10-03 18:19:28', 1, 0),
(902, 'lbInvoiceItem', 316, 1, '2015-10-03 18:19:28', 1, '2015-10-29 15:03:51', 1, 0),
(903, 'lbInvoiceItem', 317, 1, '2015-10-03 18:19:28', 1, '2015-10-29 15:03:55', 1, 0),
(904, 'lbInvoiceTotal', 127, 1, '2015-10-03 18:19:28', 1, '2015-10-29 15:03:55', 1, 0),
(905, 'lbQuotation', 45, 1, '2015-10-03 18:19:47', 1, '2015-10-03 18:19:47', 1, 0),
(906, 'lbQuotationItem', 54, 1, '2015-10-03 18:19:47', 1, '2015-10-03 18:19:47', 1, 0),
(907, 'lbQuotationTax', 49, 1, '2015-10-03 18:19:47', 1, '2015-10-03 18:19:47', 1, 0),
(908, 'lbQuotationTotal', 45, 1, '2015-10-03 18:19:47', 1, '2015-10-03 18:19:47', 1, 0),
(909, 'lbInvoice', 128, 1, '2015-10-03 20:57:46', 1, '2015-10-03 20:57:55', 1, 0),
(910, 'lbInvoiceItem', 318, 1, '2015-10-03 20:57:46', 1, '2015-10-29 15:03:51', 1, 0),
(911, 'lbInvoiceItem', 319, 1, '2015-10-03 20:57:46', 1, '2015-10-29 15:03:55', 1, 0),
(912, 'lbInvoiceTotal', 128, 1, '2015-10-03 20:57:46', 1, '2015-10-29 15:03:55', 1, 0),
(913, 'lbInvoice', 129, 1, '2015-10-06 02:44:15', 1, '2015-10-06 02:44:48', 1, 0),
(914, 'lbInvoiceItem', 320, 1, '2015-10-06 02:44:15', 1, '2015-10-29 15:03:51', 1, 0),
(915, 'lbInvoiceItem', 321, 1, '2015-10-06 02:44:15', 1, '2015-10-29 15:03:55', 1, 0),
(916, 'lbInvoiceTotal', 129, 1, '2015-10-06 02:44:15', 1, '2015-10-29 15:03:55', 1, 0),
(917, 'lbInvoice', 130, 1, '2015-10-06 10:11:55', 1, '2015-10-06 10:11:55', 1, 0),
(918, 'lbInvoiceItem', 322, 1, '2015-10-06 10:11:55', 1, '2015-10-29 15:03:51', 1, 0),
(919, 'lbInvoiceItem', 323, 1, '2015-10-06 10:11:55', 1, '2015-10-29 15:03:55', 1, 0),
(920, 'lbInvoiceTotal', 130, 1, '2015-10-06 10:11:55', 1, '2015-10-29 15:03:55', 1, 0),
(921, 'modules', 11, 1, '2015-10-06 10:12:47', 1, '2015-10-06 10:12:52', 1, 0),
(922, 'lbContracts', 3, 1, '2015-10-06 10:32:35', 1, '2015-10-06 10:32:35', 1, 0),
(923, 'lbInvoice', 131, 1, '2015-10-06 12:11:19', 1, '2015-10-06 12:11:19', 1, 0),
(924, 'lbInvoiceItem', 324, 1, '2015-10-06 12:11:19', 1, '2015-10-29 15:03:51', 1, 0),
(925, 'lbInvoiceItem', 325, 1, '2015-10-06 12:11:19', 1, '2015-10-29 15:03:55', 1, 0),
(926, 'lbInvoiceTotal', 131, 1, '2015-10-06 12:11:19', 1, '2015-10-29 15:03:55', 1, 0),
(928, 'lbInvoice', 132, 1, '2015-10-06 12:12:28', 1, '2015-10-06 12:12:28', 1, 0),
(929, 'lbInvoiceItem', 327, 1, '2015-10-06 12:12:28', 1, '2015-10-29 15:03:51', 1, 0),
(930, 'lbInvoiceItem', 328, 1, '2015-10-06 12:12:28', 1, '2015-10-29 15:03:55', 1, 0),
(931, 'lbInvoiceTotal', 132, 1, '2015-10-06 12:12:28', 1, '2015-10-29 15:03:55', 1, 0),
(932, 'lbQuotation', 46, 1, '2015-10-06 12:12:30', 1, '2015-10-06 12:12:30', 1, 0),
(933, 'lbQuotationItem', 55, 1, '2015-10-06 12:12:30', 1, '2015-10-06 12:12:30', 1, 0),
(934, 'lbQuotationTax', 50, 1, '2015-10-06 12:12:30', 1, '2015-10-06 12:12:30', 1, 0),
(935, 'lbQuotationTotal', 46, 1, '2015-10-06 12:12:30', 1, '2015-10-06 12:12:30', 1, 0),
(936, 'lbInvoice', 133, 1, '2015-10-06 18:20:41', 1, '2015-10-06 18:21:13', 1, 0),
(937, 'lbInvoiceItem', 329, 1, '2015-10-06 18:20:41', 1, '2015-10-29 15:03:51', 1, 0),
(938, 'lbInvoiceItem', 330, 1, '2015-10-06 18:20:41', 1, '2015-10-29 15:03:55', 1, 0),
(939, 'lbInvoiceTotal', 133, 1, '2015-10-06 18:20:42', 1, '2015-10-29 15:03:55', 1, 0),
(940, 'lbQuotation', 47, 1, '2015-10-06 18:21:56', 1, '2015-10-06 18:21:56', 1, 0),
(941, 'lbQuotationItem', 56, 1, '2015-10-06 18:21:56', 1, '2015-10-06 18:21:56', 1, 0),
(942, 'lbQuotationTax', 51, 1, '2015-10-06 18:21:56', 1, '2015-10-06 18:21:56', 1, 0),
(943, 'lbQuotationTotal', 47, 1, '2015-10-06 18:21:56', 1, '2015-10-06 18:21:56', 1, 0),
(944, 'lbPayment', 17, 1, '2015-10-06 18:23:04', 1, '2015-10-06 18:23:04', 1, 0),
(945, 'lbPaymentItem', 22, 1, '2015-10-06 18:23:04', 1, '2015-10-06 18:23:04', 1, 0),
(946, 'lbPaymentItem', 23, 1, '2015-10-06 18:23:04', 1, '2015-10-06 18:23:04', 1, 0),
(947, 'lbPaymentItem', 24, 1, '2015-10-06 18:23:04', 1, '2015-10-06 18:23:04', 1, 0),
(948, 'lbQuotation', 48, 1, '2015-10-06 18:23:39', 1, '2015-10-06 18:23:39', 1, 0),
(949, 'lbQuotationItem', 57, 1, '2015-10-06 18:23:39', 1, '2015-10-06 18:23:39', 1, 0),
(950, 'lbQuotationTax', 52, 1, '2015-10-06 18:23:39', 1, '2015-10-06 18:23:39', 1, 0),
(951, 'lbQuotationTotal', 48, 1, '2015-10-06 18:23:39', 1, '2015-10-06 18:23:39', 1, 0),
(952, 'lbInvoice', 134, 1, '2015-10-06 18:24:04', 1, '2015-10-06 18:24:04', 1, 0),
(953, 'lbInvoiceItem', 331, 1, '2015-10-06 18:24:04', 1, '2015-10-29 15:03:51', 1, 0),
(954, 'lbInvoiceItem', 332, 1, '2015-10-06 18:24:04', 1, '2015-10-29 15:03:55', 1, 0),
(955, 'lbInvoiceTotal', 134, 1, '2015-10-06 18:24:04', 1, '2015-10-29 15:03:55', 1, 0),
(956, 'lbTax', 5, 1, '2015-10-06 18:24:49', 1, '2015-10-06 18:24:49', 1, 0),
(957, 'lbInvoiceItem', 333, 1, '2015-10-06 18:24:49', 1, '2015-10-29 15:03:55', 1, 0),
(958, 'lbInvoice', 135, 1, '2015-10-06 22:33:36', 1, '2015-10-06 22:33:36', 1, 0),
(959, 'lbInvoiceItem', 334, 1, '2015-10-06 22:33:36', 1, '2015-10-29 15:03:52', 1, 0),
(960, 'lbInvoiceItem', 335, 1, '2015-10-06 22:33:36', 1, '2015-10-29 15:03:55', 1, 0),
(961, 'lbInvoiceTotal', 135, 1, '2015-10-06 22:33:36', 1, '2015-10-29 15:03:55', 1, 0),
(962, 'lbInvoice', 136, 1, '2015-10-06 22:37:15', 1, '2015-10-06 22:37:15', 1, 0),
(963, 'lbInvoiceItem', 336, 1, '2015-10-06 22:37:15', 1, '2015-10-29 15:03:52', 1, 0),
(964, 'lbInvoiceItem', 337, 1, '2015-10-06 22:37:15', 1, '2015-10-29 15:03:55', 1, 0),
(965, 'lbInvoiceTotal', 136, 1, '2015-10-06 22:37:15', 1, '2015-10-29 15:03:55', 1, 0),
(966, 'lbQuotation', 49, 1, '2015-10-06 22:40:58', 1, '2015-10-06 22:40:58', 1, 0),
(967, 'lbQuotationItem', 58, 1, '2015-10-06 22:40:58', 1, '2015-10-06 22:40:58', 1, 0),
(968, 'lbQuotationTax', 53, 1, '2015-10-06 22:40:58', 1, '2015-10-06 22:40:58', 1, 0),
(969, 'lbQuotationTotal', 49, 1, '2015-10-06 22:40:58', 1, '2015-10-06 22:40:58', 1, 0),
(970, 'lbInvoice', 137, 1, '2015-10-07 00:12:12', 1, '2015-10-07 00:12:12', 1, 0),
(971, 'lbInvoiceItem', 338, 1, '2015-10-07 00:12:12', 1, '2015-10-29 15:03:52', 1, 0),
(972, 'lbInvoiceItem', 339, 1, '2015-10-07 00:12:12', 1, '2015-10-29 15:03:55', 1, 0),
(973, 'lbInvoiceTotal', 137, 1, '2015-10-07 00:12:12', 1, '2015-10-29 15:03:55', 1, 0),
(974, 'lbInvoice', 138, 1, '2015-10-09 14:29:11', 1, '2015-10-09 14:29:11', 1, 0),
(975, 'lbInvoiceItem', 340, 1, '2015-10-09 14:29:11', 1, '2015-10-29 15:03:52', 1, 0),
(976, 'lbInvoiceItem', 341, 1, '2015-10-09 14:29:11', 1, '2015-10-29 15:03:55', 1, 0),
(977, 'lbInvoiceTotal', 138, 1, '2015-10-09 14:29:11', 1, '2015-10-29 15:03:55', 1, 0),
(978, 'lbInvoice', 139, 1, '2015-10-10 22:05:39', 1, '2015-10-10 22:05:39', 1, 0),
(979, 'lbInvoiceItem', 342, 1, '2015-10-10 22:05:39', 1, '2015-10-29 15:03:52', 1, 0),
(980, 'lbInvoiceItem', 343, 1, '2015-10-10 22:05:39', 1, '2015-10-29 15:03:55', 1, 0),
(981, 'lbInvoiceTotal', 139, 1, '2015-10-10 22:05:39', 1, '2015-10-29 15:03:55', 1, 0),
(982, 'lbInvoice', 140, 1, '2015-10-12 07:38:31', 1, '2015-10-12 07:46:35', 1, 0),
(983, 'lbInvoiceItem', 344, 1, '2015-10-12 07:38:31', 1, '2015-10-29 15:03:52', 1, 0),
(984, 'lbInvoiceItem', 345, 1, '2015-10-12 07:38:31', 1, '2015-10-29 15:03:55', 1, 0),
(985, 'lbInvoiceTotal', 140, 1, '2015-10-12 07:38:31', 1, '2015-10-29 15:03:55', 1, 0),
(986, 'lbCustomerAddress', 11, 1, '2015-10-12 07:40:44', 1, '2015-10-12 07:40:44', 1, 0),
(987, 'lbInvoiceItem', 346, 1, '2015-10-12 07:41:13', 1, '2015-10-29 15:03:52', 1, 0),
(989, 'lbPayment', 18, 1, '2015-10-12 07:45:11', 1, '2015-10-12 07:45:11', 1, 0),
(990, 'lbPaymentItem', 25, 1, '2015-10-12 07:45:11', 1, '2015-10-12 07:45:11', 1, 0),
(991, 'lbPayment', 19, 1, '2015-10-12 07:46:35', 1, '2015-10-12 07:46:35', 1, 0),
(992, 'lbPaymentItem', 26, 1, '2015-10-12 07:46:35', 1, '2015-10-12 07:46:35', 1, 0),
(1003, 'lbQuotation', 51, 1, '2015-10-12 20:06:51', 1, '2015-10-12 20:10:15', 1, 0),
(1004, 'lbQuotationItem', 60, 1, '2015-10-12 20:06:51', 1, '2015-10-12 20:08:04', 1, 0),
(1005, 'lbQuotationTax', 55, 1, '2015-10-12 20:06:51', 1, '2015-10-12 20:12:29', 1, 0),
(1006, 'lbQuotationTotal', 51, 1, '2015-10-12 20:06:51', 1, '2015-10-12 20:12:29', 1, 0),
(1007, 'lbQuotationItem', 61, 1, '2015-10-12 20:07:51', 1, '2015-10-12 20:08:04', 1, 0),
(1009, 'lbPayment', 20, 1, '2015-10-12 20:20:09', 1, '2015-10-12 20:20:18', 1, 0),
(1010, 'lbPaymentItem', 27, 1, '2015-10-12 20:20:09', 1, '2015-10-12 20:20:29', 1, 0),
(1011, 'lbInvoice', 141, 1, '2015-10-13 12:45:07', 1, '2015-10-13 12:45:07', 1, 0),
(1012, 'lbInvoiceItem', 348, 1, '2015-10-13 12:45:07', 1, '2015-10-29 15:03:52', 1, 0),
(1013, 'lbInvoiceItem', 349, 1, '2015-10-13 12:45:07', 1, '2015-10-29 15:03:55', 1, 0),
(1014, 'lbInvoiceTotal', 141, 1, '2015-10-13 12:45:07', 1, '2015-10-29 15:03:55', 1, 0),
(1015, 'lbInvoiceItem', 350, 1, '2015-10-13 12:45:15', 1, '2015-10-29 15:03:52', 1, 0),
(1020, 'lbQuotation', 52, 1, '2015-10-13 19:58:14', 1, '2015-10-13 19:58:15', 1, 0),
(1021, 'lbQuotationItem', 62, 1, '2015-10-13 19:58:15', 1, '2015-10-13 19:58:15', 1, 0),
(1022, 'lbQuotationTax', 57, 1, '2015-10-13 19:58:15', 1, '2015-10-13 19:58:15', 1, 0),
(1023, 'lbQuotationTotal', 52, 1, '2015-10-13 19:58:15', 1, '2015-10-13 19:58:15', 1, 0),
(1024, 'lbInvoice', 143, 1, '2015-10-13 20:24:00', 1, '2015-10-13 20:24:00', 1, 0),
(1025, 'lbInvoiceItem', 353, 1, '2015-10-13 20:24:00', 1, '2015-10-29 15:03:52', 1, 0),
(1026, 'lbInvoiceItem', 354, 1, '2015-10-13 20:24:00', 1, '2015-10-29 15:03:55', 1, 0),
(1027, 'lbInvoiceTotal', 143, 1, '2015-10-13 20:24:00', 1, '2015-10-29 15:03:55', 1, 0),
(1028, 'lbInvoice', 144, 1, '2015-10-13 20:24:25', 1, '2015-10-13 20:24:25', 1, 0),
(1029, 'lbInvoiceItem', 355, 1, '2015-10-13 20:24:25', 1, '2015-10-29 15:03:52', 1, 0),
(1030, 'lbInvoiceItem', 356, 1, '2015-10-13 20:24:25', 1, '2015-10-29 15:03:55', 1, 0),
(1031, 'lbInvoiceTotal', 144, 1, '2015-10-13 20:24:25', 1, '2015-10-29 15:03:55', 1, 0),
(1036, 'modules', 12, 1, '2015-10-14 02:24:45', 1, '2015-10-25 17:29:09', 1, 0),
(1037, 'modules', 13, 1, '2015-10-14 02:24:54', 1, '2015-10-25 17:29:07', 1, 0),
(1038, 'modules', 14, 1, '2015-10-14 02:24:58', 1, '2015-10-25 17:29:04', 1, 0),
(1039, 'lbInvoice', 146, 1, '2015-10-14 12:26:47', 1, '2015-10-15 11:38:54', 1, 0),
(1040, 'lbInvoiceItem', 359, 1, '2015-10-14 12:26:47', 1, '2015-10-29 15:03:52', 1, 0),
(1041, 'lbInvoiceItem', 360, 1, '2015-10-14 12:26:47', 1, '2015-10-29 15:03:55', 1, 0),
(1042, 'lbInvoiceTotal', 146, 1, '2015-10-14 12:26:47', 1, '2015-10-29 15:03:55', 1, 0),
(1047, 'lbInvoice', 147, 1, '2015-10-14 12:30:42', 1, '2015-10-14 12:30:42', 1, 0),
(1048, 'lbInvoiceItem', 361, 1, '2015-10-14 12:30:42', 1, '2015-10-29 15:03:52', 1, 0),
(1049, 'lbInvoiceItem', 362, 1, '2015-10-14 12:30:42', 1, '2015-10-29 15:03:55', 1, 0),
(1050, 'lbInvoiceTotal', 147, 1, '2015-10-14 12:30:42', 1, '2015-10-29 15:03:55', 1, 0),
(1051, 'lbInvoiceItemTemplate', 11, 1, '2015-10-14 12:31:22', 1, '2015-10-14 12:31:22', 1, 0),
(1052, 'lbQuotation', 54, 1, '2015-10-14 12:32:03', 1, '2015-10-14 12:32:29', 1, 0),
(1053, 'lbQuotationItem', 64, 1, '2015-10-14 12:32:03', 1, '2015-10-14 12:32:25', 1, 0),
(1054, 'lbQuotationTax', 59, 1, '2015-10-14 12:32:03', 1, '2015-10-25 17:27:00', 1, 0),
(1055, 'lbQuotationTotal', 54, 1, '2015-10-14 12:32:03', 1, '2015-10-25 17:27:00', 1, 0),
(1056, 'lbInvoice', 148, 1, '2015-10-14 12:41:22', 1, '2015-10-14 12:41:58', 1, 0),
(1057, 'lbInvoiceItem', 363, 1, '2015-10-14 12:41:22', 1, '2015-12-03 18:35:09', 1, 0),
(1059, 'lbInvoiceTotal', 148, 1, '2015-10-14 12:41:22', 1, '2015-12-03 18:35:39', 1, 0),
(1060, 'modules', 15, 1, '2015-10-14 12:45:58', 1, '2015-10-25 17:29:01', 1, 0),
(1061, 'lbInvoice', 149, 1, '2015-10-14 12:49:46', 1, '2015-10-14 12:49:46', 1, 0),
(1062, 'lbInvoiceItem', 365, 1, '2015-10-14 12:49:46', 1, '2015-10-29 15:03:52', 1, 0),
(1063, 'lbInvoiceItem', 366, 1, '2015-10-14 12:49:46', 1, '2015-10-29 15:03:55', 1, 0),
(1064, 'lbInvoiceTotal', 149, 1, '2015-10-14 12:49:46', 1, '2015-10-29 15:03:55', 1, 0),
(1065, 'lbInvoice', 150, 1, '2015-10-14 12:50:59', 1, '2015-10-14 12:50:59', 1, 0),
(1066, 'lbInvoiceItem', 367, 1, '2015-10-14 12:50:59', 1, '2015-10-29 15:03:52', 1, 0),
(1067, 'lbInvoiceItem', 368, 1, '2015-10-14 12:50:59', 1, '2015-10-29 15:03:55', 1, 0),
(1068, 'lbInvoiceTotal', 150, 1, '2015-10-14 12:50:59', 1, '2015-10-29 15:03:55', 1, 0),
(1069, 'lbPayment', 21, 1, '2015-10-14 12:51:33', 1, '2015-10-14 12:51:41', 1, 0),
(1070, 'lbPaymentItem', 28, 1, '2015-10-14 12:51:33', 1, '2015-10-14 12:51:33', 1, 0),
(1071, 'lbInvoice', 151, 1, '2015-10-14 12:52:55', 1, '2015-10-14 12:52:55', 1, 0),
(1072, 'lbInvoiceItem', 369, 1, '2015-10-14 12:52:55', 1, '2015-10-29 15:03:52', 1, 0),
(1073, 'lbInvoiceItem', 370, 1, '2015-10-14 12:52:55', 1, '2015-10-29 15:03:55', 1, 0),
(1074, 'lbInvoiceTotal', 151, 1, '2015-10-14 12:52:55', 1, '2015-10-29 15:03:55', 1, 0),
(1075, 'lbInvoice', 152, 1, '2015-10-14 12:55:06', 1, '2015-10-14 12:55:51', 1, 0),
(1076, 'lbInvoiceItem', 371, 1, '2015-10-14 12:55:06', 1, '2015-10-29 15:03:52', 1, 0),
(1077, 'lbInvoiceItem', 372, 1, '2015-10-14 12:55:06', 1, '2015-10-29 15:03:55', 1, 0),
(1078, 'lbInvoiceTotal', 152, 1, '2015-10-14 12:55:06', 1, '2015-10-29 15:03:55', 1, 0),
(1079, 'lbInvoice', 153, 1, '2015-10-14 13:01:16', 1, '2015-10-14 13:01:16', 1, 0),
(1080, 'lbInvoiceItem', 373, 1, '2015-10-14 13:01:16', 1, '2015-10-29 15:03:52', 1, 0),
(1081, 'lbInvoiceItem', 374, 1, '2015-10-14 13:01:16', 1, '2015-10-29 15:03:55', 1, 0),
(1082, 'lbInvoiceTotal', 153, 1, '2015-10-14 13:01:16', 1, '2015-10-29 15:03:55', 1, 0),
(1084, 'lbInvoice', 154, 1, '2015-10-14 13:04:08', 1, '2015-10-14 13:04:08', 1, 0),
(1085, 'lbInvoiceItem', 375, 1, '2015-10-14 13:04:08', 1, '2015-10-29 15:03:52', 1, 0),
(1086, 'lbInvoiceItem', 376, 1, '2015-10-14 13:04:08', 1, '2015-10-29 15:03:55', 1, 0),
(1087, 'lbInvoiceTotal', 154, 1, '2015-10-14 13:04:08', 1, '2015-10-29 15:03:55', 1, 0),
(1088, 'lbQuotation', 55, 1, '2015-10-14 13:57:36', 1, '2015-10-14 13:57:36', 1, 0),
(1089, 'lbQuotationItem', 65, 1, '2015-10-14 13:57:36', 1, '2015-10-14 13:57:58', 1, 0),
(1090, 'lbQuotationTax', 60, 1, '2015-10-14 13:57:36', 1, '2015-10-14 13:58:11', 1, 0),
(1091, 'lbQuotationTotal', 55, 1, '2015-10-14 13:57:36', 1, '2015-10-14 13:58:11', 1, 0),
(1092, 'lbTax', 6, 1, '2015-10-14 13:58:11', 1, '2015-10-14 13:58:11', 1, 0),
(1093, 'lbQuotationTax', 61, 1, '2015-10-14 13:58:11', 1, '2015-10-14 13:58:11', 1, 0),
(1094, 'lbPayment', 22, 1, '2015-10-14 14:01:34', 1, '2015-10-14 14:01:34', 1, 0),
(1095, 'lbPaymentItem', 29, 1, '2015-10-14 14:01:34', 1, '2015-10-14 14:01:34', 1, 0),
(1096, 'lbPayment', 23, 1, '2015-10-14 14:01:58', 1, '2015-10-14 14:01:58', 1, 0),
(1097, 'lbPaymentItem', 30, 1, '2015-10-14 14:01:58', 1, '2015-10-14 14:01:58', 1, 0),
(1098, 'lbInvoice', 155, 1, '2015-10-14 18:21:52', 1, '2015-10-14 18:21:52', 1, 0),
(1099, 'lbInvoiceItem', 377, 1, '2015-10-14 18:21:52', 1, '2015-10-29 15:03:52', 1, 0),
(1100, 'lbInvoiceItem', 378, 1, '2015-10-14 18:21:52', 1, '2015-10-29 15:03:55', 1, 0),
(1101, 'lbInvoiceTotal', 155, 1, '2015-10-14 18:21:52', 1, '2015-10-29 15:03:55', 1, 0),
(1106, 'lbInvoice', 157, 1, '2015-10-14 21:41:09', 1, '2015-10-14 21:41:09', 2, 0),
(1107, 'lbInvoiceItem', 381, 1, '2015-10-14 21:41:09', 1, '2015-10-29 15:03:52', 1, 0),
(1108, 'lbInvoiceItem', 382, 1, '2015-10-14 21:41:09', 1, '2015-10-29 15:03:55', 1, 0),
(1109, 'lbInvoiceTotal', 157, 1, '2015-10-14 21:41:09', 1, '2015-10-29 15:03:55', 1, 0),
(1110, 'roles', 4, 1, '2015-10-14 21:45:08', 1, '2015-10-14 21:45:08', 1, 0),
(1111, 'lbNextId', 14, 1, '2015-10-14 22:37:30', 1, '2015-10-14 22:37:30', 4, 0),
(1112, 'lbInvoice', 158, 1, '2015-10-14 22:47:19', 1, '2015-10-14 22:48:12', 6, 0),
(1113, 'lbInvoiceItem', 383, 1, '2015-10-14 22:47:19', 1, '2015-10-29 15:03:52', 1, 0),
(1114, 'lbInvoiceItem', 384, 1, '2015-10-14 22:47:19', 1, '2015-10-29 15:03:55', 1, 0),
(1115, 'lbInvoiceTotal', 158, 1, '2015-10-14 22:47:19', 1, '2015-10-29 15:03:55', 1, 0),
(1116, 'lbGenera', 5, 1, '2015-10-14 22:47:19', 1, '2015-10-14 22:47:19', 6, 0),
(1117, 'lbCustomer', 24, 1, '2015-10-14 22:48:06', 1, '2015-10-14 22:48:06', 6, 0),
(1118, 'lbNextId', 15, 1, '2015-10-14 22:48:12', 1, '2015-10-14 22:48:12', 6, 0),
(1119, 'lbQuotation', 56, 1, '2015-10-15 08:53:17', 1, '2015-10-15 08:53:17', 1, 0),
(1120, 'lbQuotationItem', 66, 1, '2015-10-15 08:53:17', 1, '2015-10-15 08:53:17', 1, 0),
(1121, 'lbQuotationTax', 62, 1, '2015-10-15 08:53:17', 1, '2015-10-15 08:53:17', 1, 0),
(1122, 'lbQuotationTotal', 56, 1, '2015-10-15 08:53:17', 1, '2015-10-15 08:53:17', 1, 0),
(1123, 'lbInvoice', 159, 1, '2015-10-15 11:39:41', 1, '2015-10-15 11:39:41', 1, 0),
(1124, 'lbInvoiceItem', 385, 1, '2015-10-15 11:39:41', 1, '2015-10-29 15:03:52', 1, 0),
(1125, 'lbInvoiceItem', 386, 1, '2015-10-15 11:39:41', 1, '2015-10-29 15:03:55', 1, 0),
(1126, 'lbInvoiceTotal', 159, 1, '2015-10-15 11:39:41', 1, '2015-10-29 15:03:55', 1, 0),
(1127, 'lbInvoice', 160, 1, '2015-10-16 13:55:47', 1, '2015-10-16 13:55:47', 1, 0),
(1128, 'lbInvoiceItem', 387, 1, '2015-10-16 13:55:47', 1, '2015-10-29 15:03:52', 1, 0),
(1129, 'lbInvoiceItem', 388, 1, '2015-10-16 13:55:48', 1, '2015-10-29 15:03:55', 1, 0),
(1130, 'lbInvoiceTotal', 160, 1, '2015-10-16 13:55:48', 1, '2015-10-29 15:03:55', 1, 0),
(1131, 'lbInvoice', 161, 1, '2015-10-19 16:17:18', 1, '2015-10-19 16:17:18', 1, 0),
(1132, 'lbInvoiceItem', 389, 1, '2015-10-19 16:17:18', 1, '2015-10-29 15:03:53', 1, 0),
(1133, 'lbInvoiceItem', 390, 1, '2015-10-19 16:17:18', 1, '2015-10-29 15:03:55', 1, 0),
(1134, 'lbInvoiceTotal', 161, 1, '2015-10-19 16:17:18', 1, '2015-10-29 15:03:55', 1, 0),
(1135, 'lbInvoice', 162, 1, '2015-10-19 18:59:50', 1, '2015-10-19 18:59:50', 1, 0),
(1136, 'lbInvoiceItem', 391, 1, '2015-10-19 18:59:50', 1, '2015-10-29 15:03:53', 1, 0),
(1137, 'lbInvoiceItem', 392, 1, '2015-10-19 18:59:50', 1, '2015-10-29 15:03:55', 1, 0),
(1138, 'lbInvoiceTotal', 162, 1, '2015-10-19 18:59:50', 1, '2015-10-29 15:03:55', 1, 0),
(1139, 'lbInvoice', 163, 1, '2015-10-19 18:59:51', 1, '2015-11-23 14:06:19', 1, 0),
(1140, 'lbInvoiceItem', 393, 1, '2015-10-19 18:59:51', 1, '2015-10-29 15:03:53', 1, 0),
(1141, 'lbInvoiceItem', 394, 1, '2015-10-19 18:59:51', 1, '2015-10-29 15:03:55', 1, 0),
(1142, 'lbInvoiceTotal', 163, 1, '2015-10-19 18:59:51', 1, '2015-11-23 14:06:19', 1, 0),
(1143, 'lbPayment', 24, 1, '2015-10-20 15:34:01', 1, '2015-10-20 15:34:01', 1, 0),
(1144, 'lbPaymentItem', 31, 1, '2015-10-20 15:34:01', 1, '2015-10-20 15:34:01', 1, 0),
(1145, 'lbInvoice', 164, 1, '2015-10-21 16:32:50', 1, '2015-10-21 16:33:01', 1, 0),
(1146, 'lbInvoiceItem', 395, 1, '2015-10-21 16:32:50', 1, '2015-10-29 15:03:53', 1, 0),
(1147, 'lbInvoiceItem', 396, 1, '2015-10-21 16:32:50', 1, '2015-10-29 15:03:55', 1, 0),
(1148, 'lbInvoiceTotal', 164, 1, '2015-10-21 16:32:50', 1, '2015-10-29 15:03:55', 1, 0),
(1149, 'lbInvoiceItem', 397, 1, '2015-10-21 16:33:28', 1, '2015-10-29 15:03:53', 1, 0),
(1150, 'lbInvoice', 165, 1, '2015-10-21 16:34:48', 1, '2015-10-21 16:34:48', 1, 0),
(1151, 'lbInvoiceItem', 398, 1, '2015-10-21 16:34:48', 1, '2015-10-29 15:03:53', 1, 0),
(1152, 'lbInvoiceItem', 399, 1, '2015-10-21 16:34:48', 1, '2015-10-29 15:03:55', 1, 0),
(1153, 'lbInvoiceTotal', 165, 1, '2015-10-21 16:34:48', 1, '2015-10-29 15:03:55', 1, 0),
(1154, 'lbInvoice', 166, 1, '2015-10-24 03:08:59', 1, '2015-10-24 03:08:59', 1, 0),
(1155, 'lbInvoiceItem', 400, 1, '2015-10-24 03:08:59', 1, '2015-10-29 15:03:53', 1, 0),
(1156, 'lbInvoiceItem', 401, 1, '2015-10-24 03:08:59', 1, '2015-10-29 15:03:55', 1, 0),
(1157, 'lbInvoiceTotal', 166, 1, '2015-10-24 03:08:59', 1, '2015-10-29 15:03:55', 1, 0),
(1158, 'lbInvoice', 167, 1, '2015-10-24 13:25:43', 1, '2015-10-24 13:26:44', 1, 0),
(1159, 'lbInvoiceItem', 402, 1, '2015-10-24 13:25:43', 1, '2015-10-29 15:03:53', 1, 0),
(1160, 'lbInvoiceItem', 403, 1, '2015-10-24 13:25:43', 1, '2015-10-29 15:03:55', 1, 0),
(1161, 'lbInvoiceTotal', 167, 1, '2015-10-24 13:25:43', 1, '2015-10-29 20:49:46', 1, 0),
(1162, 'lbPayment', 25, 1, '2015-10-24 13:29:04', 1, '2015-10-24 13:29:04', 1, 0),
(1163, 'lbPaymentItem', 32, 1, '2015-10-24 13:29:04', 1, '2015-10-24 13:29:04', 1, 0),
(1164, 'lbQuotation', 57, 1, '2015-10-24 13:29:16', 1, '2015-10-24 13:29:16', 1, 0),
(1165, 'lbQuotationItem', 67, 1, '2015-10-24 13:29:16', 1, '2015-10-24 13:29:16', 1, 0),
(1166, 'lbQuotationTax', 63, 1, '2015-10-24 13:29:16', 1, '2015-10-24 13:29:16', 1, 0),
(1167, 'lbQuotationTotal', 57, 1, '2015-10-24 13:29:16', 1, '2015-10-24 13:29:16', 1, 0),
(1168, 'modules', 16, 1, '2015-10-25 17:29:13', 1, '2015-11-03 03:42:05', 1, 0),
(1169, 'lbPayment', 26, 1, '2015-10-25 17:30:26', 1, '2015-10-25 17:30:26', 1, 0),
(1170, 'lbPaymentItem', 33, 1, '2015-10-25 17:30:26', 1, '2015-10-25 17:30:26', 1, 0),
(1171, 'lbCustomer', 25, 1, '2015-10-25 17:31:57', 1, '2015-10-25 17:31:57', 1, 0),
(1172, 'lbCustomerAddress', 12, 1, '2015-10-25 17:31:57', 1, '2015-10-25 17:31:57', 1, 0),
(1174, 'lbCustomerAddressContact', 2, 1, '2015-10-25 17:31:57', 1, '2015-10-25 17:31:57', 1, 0),
(1175, 'lbInvoice', 168, 1, '2015-10-25 17:36:41', 1, '2015-10-25 17:36:41', 1, 0),
(1176, 'lbInvoiceItem', 404, 1, '2015-10-25 17:36:41', 1, '2015-10-29 15:03:53', 1, 0),
(1177, 'lbInvoiceItem', 405, 1, '2015-10-25 17:36:41', 1, '2015-10-29 15:03:55', 1, 0),
(1178, 'lbInvoiceTotal', 168, 1, '2015-10-25 17:36:41', 1, '2015-10-29 15:03:55', 1, 0),
(1179, 'lbDocument', 8, 1, '2015-10-25 17:37:25', 1, '2015-10-25 17:37:25', 1, 0),
(1180, 'lbInvoice', 169, 1, '2015-10-25 17:38:59', 1, '2015-10-25 17:40:39', 1, 0),
(1181, 'lbInvoiceItem', 406, 1, '2015-10-25 17:38:59', 1, '2015-10-29 15:03:53', 1, 0),
(1182, 'lbInvoiceItem', 407, 1, '2015-10-25 17:38:59', 1, '2015-10-29 15:03:55', 1, 0),
(1183, 'lbInvoiceTotal', 169, 1, '2015-10-25 17:38:59', 1, '2015-10-29 15:03:55', 1, 0),
(1184, 'lbQuotation', 58, 1, '2015-10-25 17:41:05', 1, '2015-10-25 17:41:33', 1, 0),
(1185, 'lbQuotationItem', 68, 1, '2015-10-25 17:41:05', 1, '2015-10-25 17:41:17', 1, 0),
(1186, 'lbQuotationTax', 64, 1, '2015-10-25 17:41:05', 1, '2015-10-25 17:41:17', 1, 0),
(1187, 'lbQuotationTotal', 58, 1, '2015-10-25 17:41:05', 1, '2015-10-25 17:41:17', 1, 0),
(1188, 'lbInvoice', 170, 1, '2015-10-25 17:41:44', 1, '2015-10-25 17:41:44', 1, 0),
(1189, 'lbInvoiceItem', 408, 1, '2015-10-25 17:41:44', 1, '2015-10-29 15:03:53', 1, 0),
(1190, 'lbInvoiceItem', 409, 1, '2015-10-25 17:41:44', 1, '2015-10-29 15:03:55', 1, 0),
(1191, 'lbInvoiceTotal', 170, 1, '2015-10-25 17:41:45', 1, '2015-10-29 15:03:55', 1, 0),
(1192, 'lbInvoice', 171, 1, '2015-10-26 00:40:12', 1, '2015-10-26 00:40:12', 1, 0),
(1193, 'lbInvoiceItem', 410, 1, '2015-10-26 00:40:12', 1, '2015-10-29 15:03:53', 1, 0),
(1194, 'lbInvoiceItem', 411, 1, '2015-10-26 00:40:12', 1, '2015-10-29 15:03:55', 1, 0),
(1195, 'lbInvoiceTotal', 171, 1, '2015-10-26 00:40:12', 1, '2015-10-29 15:03:55', 1, 0),
(1196, 'lbInvoice', 172, 1, '2015-10-26 09:39:05', 1, '2015-10-26 09:41:16', 1, 0),
(1197, 'lbInvoiceItem', 412, 1, '2015-10-26 09:39:05', 1, '2015-10-29 15:03:53', 1, 0),
(1198, 'lbInvoiceItem', 413, 1, '2015-10-26 09:39:05', 1, '2015-10-29 15:03:55', 1, 0),
(1199, 'lbInvoiceTotal', 172, 1, '2015-10-26 09:39:05', 1, '2015-11-01 06:39:20', 1, 0),
(1200, 'lbInvoiceItem', 414, 1, '2015-10-26 09:40:00', 1, '2015-10-29 15:03:53', 1, 0),
(1201, 'lbInvoice', 173, 1, '2015-10-26 20:54:26', 1, '2015-10-26 20:54:26', 1, 0),
(1202, 'lbInvoiceItem', 415, 1, '2015-10-26 20:54:26', 1, '2015-10-29 15:03:53', 1, 0),
(1203, 'lbInvoiceItem', 416, 1, '2015-10-26 20:54:26', 1, '2015-10-29 15:03:55', 1, 0),
(1204, 'lbInvoiceTotal', 173, 1, '2015-10-26 20:54:26', 1, '2015-10-29 15:03:55', 1, 0),
(1205, 'lbInvoice', 174, 1, '2015-10-27 13:35:12', 1, '2015-10-28 18:21:38', 1, 0),
(1206, 'lbInvoiceItem', 417, 1, '2015-10-27 13:35:12', 1, '2015-10-29 15:03:53', 1, 0),
(1207, 'lbInvoiceItem', 418, 1, '2015-10-27 13:35:12', 1, '2015-10-29 15:03:55', 1, 0),
(1208, 'lbInvoiceTotal', 174, 1, '2015-10-27 13:35:12', 1, '2015-10-29 15:03:55', 1, 0),
(1209, 'lbQuotation', 59, 1, '2015-10-27 14:14:07', 1, '2015-10-27 14:14:07', 1, 0),
(1210, 'lbQuotationItem', 69, 1, '2015-10-27 14:14:07', 1, '2015-10-27 14:14:07', 1, 0),
(1211, 'lbQuotationTax', 65, 1, '2015-10-27 14:14:07', 1, '2015-10-27 14:14:07', 1, 0),
(1212, 'lbQuotationTotal', 59, 1, '2015-10-27 14:14:07', 1, '2015-10-27 14:14:07', 1, 0),
(1213, 'lbInvoice', 175, 1, '2015-10-28 22:55:21', 1, '2015-10-28 22:55:21', 1, 0),
(1214, 'lbInvoiceItem', 419, 1, '2015-10-28 22:55:21', 1, '2015-10-29 15:03:53', 1, 0),
(1215, 'lbInvoiceItem', 420, 1, '2015-10-28 22:55:21', 1, '2015-10-29 15:03:55', 1, 0),
(1216, 'lbInvoiceTotal', 175, 1, '2015-10-28 22:55:21', 1, '2015-11-17 16:13:08', 1, 0),
(1217, 'lbInvoice', 176, 1, '2015-10-28 22:56:27', 1, '2015-10-28 22:56:27', 1, 0),
(1218, 'lbInvoiceItem', 421, 1, '2015-10-28 22:56:27', 1, '2015-10-29 15:03:53', 1, 0),
(1219, 'lbInvoiceItem', 422, 1, '2015-10-28 22:56:27', 1, '2015-10-29 15:03:55', 1, 0),
(1220, 'lbInvoiceTotal', 176, 1, '2015-10-28 22:56:27', 1, '2015-10-29 15:03:55', 1, 0),
(1221, 'lbInvoice', 177, 1, '2015-10-28 23:07:55', 1, '2015-10-28 23:07:55', 1, 0),
(1222, 'lbInvoiceItem', 423, 1, '2015-10-28 23:07:55', 1, '2015-10-29 15:03:53', 1, 0),
(1223, 'lbInvoiceItem', 424, 1, '2015-10-28 23:07:55', 1, '2015-10-29 15:03:55', 1, 0),
(1224, 'lbInvoiceTotal', 177, 1, '2015-10-28 23:07:55', 1, '2015-10-29 15:03:55', 1, 0),
(1225, 'lbQuotation', 60, 1, '2015-10-29 15:05:28', 1, '2015-10-29 15:05:29', 1, 0),
(1226, 'lbQuotationItem', 70, 1, '2015-10-29 15:05:28', 1, '2015-10-29 15:05:28', 1, 0),
(1227, 'lbQuotationTax', 66, 1, '2015-10-29 15:05:29', 1, '2015-10-29 15:05:29', 1, 0),
(1228, 'lbQuotationTotal', 60, 1, '2015-10-29 15:05:29', 1, '2015-10-29 15:05:29', 1, 0),
(1229, 'lbInvoice', 178, 1, '2015-10-29 18:04:54', 1, '2015-10-29 18:05:42', 1, 0),
(1230, 'lbInvoiceItem', 425, 1, '2015-10-29 18:04:54', 1, '2015-10-29 18:05:11', 1, 0),
(1231, 'lbInvoiceItem', 426, 1, '2015-10-29 18:04:54', 1, '2015-10-29 18:05:33', 1, 0),
(1232, 'lbInvoiceTotal', 178, 1, '2015-10-29 18:04:54', 1, '2015-11-14 17:29:35', 1, 0),
(1233, 'lbInvoice', 179, 1, '2015-10-29 20:47:43', 1, '2015-10-29 20:47:43', 1, 0),
(1234, 'lbInvoiceItem', 427, 1, '2015-10-29 20:47:43', 1, '2015-10-29 20:47:43', 1, 0),
(1235, 'lbInvoiceItem', 428, 1, '2015-10-29 20:47:43', 1, '2015-10-29 20:47:43', 1, 0),
(1236, 'lbInvoiceTotal', 179, 1, '2015-10-29 20:47:43', 1, '2015-11-16 20:03:27', 1, 0),
(1237, 'lbPayment', 27, 1, '2015-10-29 20:49:13', 1, '2015-10-29 20:49:13', 1, 0),
(1238, 'lbPaymentItem', 34, 1, '2015-10-29 20:49:13', 1, '2015-10-29 20:49:13', 1, 0),
(1239, 'lbPayment', 28, 1, '2015-10-29 20:49:14', 1, '2015-10-29 20:49:14', 1, 0),
(1240, 'lbPaymentItem', 35, 1, '2015-10-29 20:49:14', 1, '2015-10-29 20:49:14', 1, 0),
(1241, 'lbQuotation', 61, 1, '2015-10-29 21:06:50', 1, '2015-10-29 21:06:50', 1, 0),
(1242, 'lbQuotationItem', 71, 1, '2015-10-29 21:06:50', 1, '2015-10-29 21:06:50', 1, 0),
(1243, 'lbQuotationTax', 67, 1, '2015-10-29 21:06:50', 1, '2015-10-29 21:06:50', 1, 0),
(1244, 'lbQuotationTotal', 61, 1, '2015-10-29 21:06:50', 1, '2015-10-29 21:06:50', 1, 0),
(1245, 'lbInvoice', 180, 1, '2015-10-29 21:07:04', 1, '2015-10-29 21:07:04', 1, 0),
(1246, 'lbInvoiceItem', 429, 1, '2015-10-29 21:07:04', 1, '2015-10-29 21:07:04', 1, 0),
(1247, 'lbInvoiceItem', 430, 1, '2015-10-29 21:07:04', 1, '2015-10-29 21:07:04', 1, 0),
(1248, 'lbInvoiceTotal', 180, 1, '2015-10-29 21:07:04', 1, '2015-10-29 21:07:05', 1, 0),
(1249, 'lbInvoice', 181, 1, '2015-10-30 06:12:27', 1, '2015-10-30 06:12:27', 1, 0),
(1250, 'lbInvoiceItem', 431, 1, '2015-10-30 06:12:27', 1, '2015-10-30 06:12:27', 1, 0),
(1251, 'lbInvoiceItem', 432, 1, '2015-10-30 06:12:27', 1, '2015-10-30 06:12:27', 1, 0),
(1252, 'lbInvoiceTotal', 181, 1, '2015-10-30 06:12:27', 1, '2015-10-30 06:12:30', 1, 0),
(1253, 'lbDocument', 9, 1, '2015-10-30 15:59:47', 1, '2015-10-30 15:59:47', 1, 0),
(1254, 'lbDocument', 10, 1, '2015-10-30 16:00:00', 1, '2015-10-30 16:00:00', 1, 0),
(1255, 'lbInvoice', 182, 1, '2015-10-30 17:13:55', 1, '2015-11-06 14:45:41', 1, 0),
(1256, 'lbInvoiceItem', 433, 1, '2015-10-30 17:13:55', 1, '2015-11-06 14:45:15', 1, 0),
(1257, 'lbInvoiceItem', 434, 1, '2015-10-30 17:13:55', 1, '2015-11-06 14:45:16', 1, 0),
(1258, 'lbInvoiceTotal', 182, 1, '2015-10-30 17:13:55', 1, '2015-11-13 20:21:24', 1, 0),
(1259, 'lbPayment', 29, 1, '2015-11-01 00:06:02', 1, '2015-11-01 00:06:02', 1, 0),
(1260, 'lbPaymentItem', 36, 1, '2015-11-01 00:06:02', 1, '2015-11-01 00:06:02', 1, 0),
(1261, 'lbInvoice', 183, 1, '2015-11-01 16:00:47', 1, '2015-11-01 16:00:47', 1, 0),
(1262, 'lbInvoiceItem', 435, 1, '2015-11-01 16:00:47', 1, '2015-11-01 16:00:47', 1, 0),
(1263, 'lbInvoiceItem', 436, 1, '2015-11-01 16:00:47', 1, '2015-11-01 16:00:47', 1, 0),
(1264, 'lbInvoiceTotal', 183, 1, '2015-11-01 16:00:47', 1, '2015-11-04 10:42:46', 1, 0),
(1265, 'lbInvoice', 184, 1, '2015-11-04 11:29:28', 1, '2015-11-04 11:29:28', 1, 0),
(1266, 'lbInvoiceItem', 437, 1, '2015-11-04 11:29:28', 1, '2015-11-04 11:29:28', 1, 0),
(1267, 'lbInvoiceItem', 438, 1, '2015-11-04 11:29:28', 1, '2015-11-04 11:29:28', 1, 0),
(1268, 'lbInvoiceTotal', 184, 1, '2015-11-04 11:29:28', 1, '2015-11-04 11:29:29', 1, 0),
(1269, 'lbInvoiceItem', 439, 1, '2015-11-06 14:33:37', 1, '2015-11-06 14:45:15', 1, 0),
(1270, 'lbQuotation', 62, 1, '2015-11-08 01:25:36', 1, '2015-11-08 01:25:52', 1, 0),
(1271, 'lbQuotationItem', 72, 1, '2015-11-08 01:25:36', 1, '2015-11-08 01:25:36', 1, 0),
(1272, 'lbQuotationTax', 68, 1, '2015-11-08 01:25:36', 1, '2015-11-08 01:25:36', 1, 0),
(1273, 'lbQuotationTotal', 62, 1, '2015-11-08 01:25:36', 1, '2015-11-08 01:25:36', 1, 0),
(1274, 'lbInvoice', 185, 1, '2015-11-09 04:00:05', 1, '2015-11-09 04:00:05', 1, 0),
(1275, 'lbInvoiceItem', 440, 1, '2015-11-09 04:00:05', 1, '2015-11-09 10:54:14', 1, 0),
(1276, 'lbInvoiceItem', 441, 1, '2015-11-09 04:00:05', 1, '2015-11-09 10:54:15', 1, 0),
(1277, 'lbInvoiceTotal', 185, 1, '2015-11-09 04:00:05', 1, '2015-11-14 17:29:25', 1, 0),
(1278, 'lbInvoice', 186, 1, '2015-11-10 11:05:26', 1, '2015-11-10 11:05:26', 1, 0),
(1279, 'lbInvoiceItem', 442, 1, '2015-11-10 11:05:27', 1, '2015-11-10 11:05:27', 1, 0),
(1280, 'lbInvoiceItem', 443, 1, '2015-11-10 11:05:27', 1, '2015-11-10 11:05:27', 1, 0),
(1281, 'lbInvoiceTotal', 186, 1, '2015-11-10 11:05:27', 1, '2015-11-19 23:40:11', 1, 0),
(1282, 'lbCustomer', 26, 1, '2015-11-11 17:49:15', 1, '2015-11-11 17:49:15', 1, 0),
(1283, 'lbCustomerAddress', 13, 1, '2015-11-11 17:49:15', 1, '2015-11-11 17:49:15', 1, 0),
(1284, 'lbInvoice', 187, 1, '2015-11-11 17:49:22', 1, '2015-11-11 17:49:49', 1, 0),
(1285, 'lbInvoiceItem', 444, 1, '2015-11-11 17:49:22', 1, '2015-11-11 17:49:22', 1, 0),
(1286, 'lbInvoiceItem', 445, 1, '2015-11-11 17:49:22', 1, '2015-11-11 17:49:22', 1, 0),
(1287, 'lbInvoiceTotal', 187, 1, '2015-11-11 17:49:22', 1, '2015-11-13 12:47:49', 1, 0),
(1288, 'lbInvoice', 188, 1, '2015-11-13 17:59:56', 1, '2015-11-13 17:59:56', 1, 0),
(1289, 'lbInvoiceItem', 446, 1, '2015-11-13 17:59:56', 1, '2015-11-17 16:12:34', 1, 0),
(1290, 'lbInvoiceItem', 447, 1, '2015-11-13 17:59:56', 1, '2015-11-17 16:12:34', 1, 0),
(1291, 'lbInvoiceTotal', 188, 1, '2015-11-13 17:59:56', 1, '2015-11-17 16:12:34', 1, 0),
(1292, 'lbInvoice', 189, 1, '2015-11-15 22:15:52', 1, '2015-12-23 02:37:27', 1, 0),
(1293, 'lbInvoiceItem', 448, 1, '2015-11-15 22:15:52', 1, '2015-11-17 22:23:28', 1, 0),
(1294, 'lbInvoiceItem', 449, 1, '2015-11-15 22:15:52', 1, '2015-11-17 22:23:29', 1, 0),
(1295, 'lbInvoiceTotal', 189, 1, '2015-11-15 22:15:52', 1, '2016-01-02 13:33:30', 1, 0),
(1296, 'lbInvoiceItem', 450, 1, '2015-11-15 22:17:23', 1, '2015-11-17 22:23:28', 1, 0),
(1297, 'lbInvoiceItem', 451, 1, '2015-11-16 20:04:20', 1, '2015-11-16 20:04:50', 1, 0),
(1298, 'lbQuotation', 63, 1, '2015-11-16 20:05:42', 1, '2015-11-16 20:05:42', 1, 0),
(1299, 'lbQuotationItem', 73, 1, '2015-11-16 20:05:42', 1, '2015-11-16 20:05:42', 1, 0),
(1300, 'lbQuotationTax', 69, 1, '2015-11-16 20:05:42', 1, '2015-11-16 20:05:42', 1, 0),
(1301, 'lbQuotationTotal', 63, 1, '2015-11-16 20:05:42', 1, '2015-11-16 20:05:42', 1, 0),
(1302, 'lbQuotation', 64, 1, '2015-11-17 15:45:44', 1, '2015-11-17 15:45:44', 1, 0),
(1303, 'lbQuotationItem', 74, 1, '2015-11-17 15:45:44', 1, '2015-11-17 15:45:44', 1, 0),
(1304, 'lbQuotationTax', 70, 1, '2015-11-17 15:45:44', 1, '2015-11-17 15:45:44', 1, 0),
(1305, 'lbQuotationTotal', 64, 1, '2015-11-17 15:45:44', 1, '2015-11-17 15:45:44', 1, 0),
(1306, 'lbGenera', 6, 1, '2015-11-17 16:23:27', 1, '2015-11-17 16:23:27', 9, 0);
INSERT INTO `lb_core_entities` (`lb_record_primary_key`, `lb_entity_type`, `lb_entity_primary_key`, `lb_created_by`, `lb_created_date`, `lb_last_updated_by`, `lb_last_update`, `lb_subscription_id`, `lb_locked_from_deletion`) VALUES
(1307, 'lbGenera', 7, 1, '2015-11-17 16:52:07', 1, '2015-11-17 16:52:07', 8, 0),
(1308, 'lbInvoice', 190, 1, '2015-11-17 22:19:50', 1, '2015-11-17 22:19:50', 1, 0),
(1309, 'lbInvoiceItem', 452, 1, '2015-11-17 22:19:50', 1, '2015-11-17 22:22:01', 1, 0),
(1310, 'lbInvoiceItem', 453, 1, '2015-11-17 22:19:50', 1, '2015-11-17 22:22:03', 1, 0),
(1311, 'lbInvoiceTotal', 190, 1, '2015-11-17 22:19:50', 1, '2015-11-17 22:22:03', 1, 0),
(1313, 'lbInvoiceItem', 455, 1, '2015-11-17 22:21:29', 1, '2015-11-17 22:22:01', 1, 0),
(1314, 'lbInvoiceItem', 456, 1, '2015-11-17 22:21:32', 1, '2015-11-17 22:22:01', 1, 0),
(1315, 'lbInvoiceItem', 457, 1, '2015-11-17 22:22:46', 1, '2015-11-17 22:23:28', 1, 0),
(1316, 'lbQuotation', 65, 1, '2015-11-17 23:44:13', 1, '2015-11-17 23:44:13', 1, 0),
(1317, 'lbQuotationItem', 75, 1, '2015-11-17 23:44:13', 1, '2015-11-17 23:44:13', 1, 0),
(1318, 'lbQuotationTax', 71, 1, '2015-11-17 23:44:13', 1, '2015-11-17 23:44:13', 1, 0),
(1319, 'lbQuotationTotal', 65, 1, '2015-11-17 23:44:13', 1, '2015-11-17 23:44:13', 1, 0),
(1324, 'lbQuotation', 66, 1, '2015-11-18 10:10:20', 1, '2015-11-18 10:17:30', 1, 0),
(1325, 'lbQuotationItem', 76, 1, '2015-11-18 10:10:20', 1, '2015-11-18 10:14:22', 1, 0),
(1327, 'lbQuotationTotal', 66, 1, '2015-11-18 10:10:20', 1, '2015-11-18 10:15:00', 1, 0),
(1328, 'lbCustomer', 27, 1, '2015-11-18 10:10:50', 1, '2015-11-18 10:10:50', 1, 0),
(1329, 'lbCustomerAddress', 14, 1, '2015-11-18 10:11:58', 1, '2015-11-18 10:11:58', 1, 0),
(1330, 'lbCustomerContact', 10, 1, '2015-11-18 10:12:41', 1, '2015-11-18 10:12:41', 1, 0),
(1331, 'lbQuotationItem', 77, 1, '2015-11-18 10:13:44', 1, '2015-11-18 10:14:22', 1, 0),
(1332, 'lbInvoiceItemTemplate', 12, 1, '2015-11-18 10:14:08', 1, '2015-11-18 10:14:08', 1, 0),
(1333, 'lbTax', 7, 1, '2015-11-18 10:14:40', 1, '2015-11-18 10:14:40', 1, 0),
(1344, 'lbInvoice', 194, 1, '2015-11-21 20:40:12', 1, '2015-11-21 20:40:12', 1, 0),
(1345, 'lbInvoiceItem', 465, 1, '2015-11-21 20:40:12', 1, '2015-11-21 20:40:12', 1, 0),
(1346, 'lbInvoiceItem', 466, 1, '2015-11-21 20:40:13', 1, '2015-11-21 20:40:13', 1, 0),
(1347, 'lbInvoiceTotal', 194, 1, '2015-11-21 20:40:13', 1, '2015-11-21 20:40:13', 1, 0),
(1348, 'lbInvoice', 195, 1, '2015-11-21 20:42:06', 1, '2015-11-21 20:42:06', 1, 0),
(1349, 'lbInvoiceItem', 467, 1, '2015-11-21 20:42:06', 1, '2015-11-21 20:42:06', 1, 0),
(1350, 'lbInvoiceItem', 468, 1, '2015-11-21 20:42:06', 1, '2015-11-21 20:42:06', 1, 0),
(1351, 'lbInvoiceTotal', 195, 1, '2015-11-21 20:42:07', 1, '2015-11-21 20:42:42', 1, 0),
(1352, 'lbInvoice', 196, 1, '2015-11-21 20:42:12', 1, '2015-11-21 20:42:12', 1, 0),
(1353, 'lbInvoiceItem', 469, 1, '2015-11-21 20:42:12', 1, '2015-11-21 20:42:12', 1, 0),
(1354, 'lbInvoiceItem', 470, 1, '2015-11-21 20:42:12', 1, '2015-11-21 20:42:12', 1, 0),
(1355, 'lbInvoiceTotal', 196, 1, '2015-11-21 20:42:12', 1, '2015-11-21 20:42:12', 1, 0),
(1356, 'lbInvoice', 197, 1, '2015-11-23 09:29:24', 1, '2015-11-23 09:29:24', 1, 0),
(1357, 'lbInvoiceItem', 471, 1, '2015-11-23 09:29:24', 1, '2015-11-23 09:29:24', 1, 0),
(1358, 'lbInvoiceItem', 472, 1, '2015-11-23 09:29:24', 1, '2015-11-23 09:29:24', 1, 0),
(1359, 'lbInvoiceTotal', 197, 1, '2015-11-23 09:29:24', 1, '2015-11-23 09:29:25', 1, 0),
(1360, 'lbInvoice', 198, 1, '2015-11-23 10:31:38', 1, '2015-11-23 10:31:38', 1, 0),
(1361, 'lbInvoiceItem', 473, 1, '2015-11-23 10:31:38', 1, '2015-11-23 10:31:38', 1, 0),
(1362, 'lbInvoiceItem', 474, 1, '2015-11-23 10:31:38', 1, '2015-11-23 10:31:38', 1, 0),
(1363, 'lbInvoiceTotal', 198, 1, '2015-11-23 10:31:38', 1, '2015-11-23 10:31:38', 1, 0),
(1364, 'lbQuotation', 67, 1, '2015-11-23 10:31:59', 1, '2015-11-24 19:12:46', 1, 0),
(1365, 'lbQuotationItem', 78, 1, '2015-11-23 10:31:59', 1, '2015-11-24 19:12:20', 1, 0),
(1366, 'lbQuotationTax', 74, 1, '2015-11-23 10:31:59', 1, '2015-11-24 19:12:40', 1, 0),
(1367, 'lbQuotationTotal', 67, 1, '2015-11-23 10:31:59', 1, '2015-11-24 19:12:40', 1, 0),
(1368, 'lbInvoice', 199, 1, '2015-11-23 14:01:46', 1, '2015-11-23 14:02:40', 1, 0),
(1369, 'lbInvoiceItem', 475, 1, '2015-11-23 14:01:46', 1, '2015-11-23 14:03:32', 1, 0),
(1370, 'lbInvoiceItem', 476, 1, '2015-11-23 14:01:46', 1, '2015-11-23 14:03:33', 1, 0),
(1371, 'lbInvoiceTotal', 199, 1, '2015-11-23 14:01:46', 1, '2015-11-23 18:16:57', 1, 0),
(1372, 'lbInvoiceItem', 477, 1, '2015-11-23 14:03:31', 1, '2015-11-23 14:03:32', 1, 0),
(1373, 'lbPayment', 30, 1, '2015-11-23 14:06:19', 1, '2015-11-23 14:06:19', 1, 0),
(1374, 'lbPaymentItem', 37, 1, '2015-11-23 14:06:19', 1, '2015-11-23 14:06:19', 1, 0),
(1375, 'lbPaymentItem', 38, 1, '2015-11-23 14:06:19', 1, '2015-11-23 14:06:19', 1, 0),
(1376, 'lbQuotation', 68, 1, '2015-11-23 18:37:57', 1, '2015-11-23 18:37:57', 1, 0),
(1377, 'lbQuotationItem', 79, 1, '2015-11-23 18:37:57', 1, '2015-11-23 18:37:57', 1, 0),
(1378, 'lbQuotationTax', 75, 1, '2015-11-23 18:37:57', 1, '2015-11-23 18:37:57', 1, 0),
(1379, 'lbQuotationTotal', 68, 1, '2015-11-23 18:37:57', 1, '2015-11-23 18:37:57', 1, 0),
(1380, 'lbQuotation', 69, 1, '2015-11-23 18:38:16', 1, '2015-11-23 18:38:16', 1, 0),
(1381, 'lbQuotationItem', 80, 1, '2015-11-23 18:38:16', 1, '2015-11-23 18:38:16', 1, 0),
(1382, 'lbQuotationTax', 76, 1, '2015-11-23 18:38:16', 1, '2015-11-23 18:38:16', 1, 0),
(1383, 'lbQuotationTotal', 69, 1, '2015-11-23 18:38:16', 1, '2015-11-23 18:38:16', 1, 0),
(1384, 'lbInvoice', 200, 1, '2015-11-23 18:38:24', 1, '2015-11-23 18:38:24', 1, 0),
(1385, 'lbInvoiceItem', 478, 1, '2015-11-23 18:38:24', 1, '2015-11-23 18:38:24', 1, 0),
(1386, 'lbInvoiceItem', 479, 1, '2015-11-23 18:38:24', 1, '2015-11-23 18:38:24', 1, 0),
(1387, 'lbInvoiceTotal', 200, 1, '2015-11-23 18:38:24', 1, '2015-11-23 18:38:25', 1, 0),
(1388, 'lbPayment', 31, 1, '2015-11-23 18:41:00', 1, '2015-11-23 18:41:00', 1, 0),
(1389, 'lbPaymentItem', 39, 1, '2015-11-23 18:41:00', 1, '2015-11-23 18:41:00', 1, 0),
(1390, 'lbPayment', 32, 1, '2015-11-23 18:41:46', 1, '2015-11-23 18:41:46', 1, 0),
(1391, 'lbPaymentItem', 40, 1, '2015-11-23 18:41:46', 1, '2015-11-23 18:41:46', 1, 0),
(1392, 'lbPayment', 33, 1, '2015-11-23 18:42:50', 1, '2015-11-23 18:42:50', 1, 0),
(1393, 'lbPaymentItem', 41, 1, '2015-11-23 18:42:50', 1, '2015-11-23 18:42:50', 1, 0),
(1394, 'lbPayment', 34, 1, '2015-11-23 18:43:49', 1, '2015-11-23 18:43:49', 1, 0),
(1395, 'lbPaymentItem', 42, 1, '2015-11-23 18:43:49', 1, '2015-11-23 18:43:49', 1, 0),
(1396, 'lbPayment', 35, 1, '2015-11-23 18:44:41', 1, '2015-11-23 18:44:41', 1, 0),
(1397, 'lbPaymentItem', 43, 1, '2015-11-23 18:44:41', 1, '2015-11-23 18:44:41', 1, 0),
(1398, 'lbInvoice', 201, 1, '2015-11-24 11:34:34', 1, '2015-11-24 11:34:34', 1, 0),
(1399, 'lbInvoiceItem', 480, 1, '2015-11-24 11:34:34', 1, '2015-11-24 11:34:41', 1, 0),
(1400, 'lbInvoiceItem', 481, 1, '2015-11-24 11:34:34', 1, '2015-11-24 11:34:41', 1, 0),
(1401, 'lbInvoiceTotal', 201, 1, '2015-11-24 11:34:34', 1, '2015-11-24 21:45:33', 1, 0),
(1402, 'lbInvoice', 202, 1, '2015-11-24 11:39:12', 1, '2015-11-24 11:39:12', 1, 0),
(1403, 'lbInvoiceItem', 482, 1, '2015-11-24 11:39:12', 1, '2015-11-24 11:39:54', 1, 0),
(1404, 'lbInvoiceItem', 483, 1, '2015-11-24 11:39:12', 1, '2015-11-24 11:39:55', 1, 0),
(1405, 'lbInvoiceTotal', 202, 1, '2015-11-24 11:39:12', 1, '2015-11-24 11:39:55', 1, 0),
(1406, 'lbInvoiceItem', 484, 1, '2015-11-24 11:39:53', 1, '2015-11-24 11:39:54', 1, 0),
(1407, 'lbInvoice', 203, 1, '2015-11-24 18:25:00', 1, '2015-11-24 18:25:28', 1, 0),
(1408, 'lbInvoiceItem', 485, 1, '2015-11-24 18:25:00', 1, '2015-11-24 18:25:00', 1, 0),
(1409, 'lbInvoiceItem', 486, 1, '2015-11-24 18:25:00', 1, '2015-11-24 18:25:00', 1, 0),
(1410, 'lbInvoiceTotal', 203, 1, '2015-11-24 18:25:00', 1, '2015-11-24 21:35:21', 1, 0),
(1411, 'lbQuotationDiscount', 5, 1, '2015-11-24 19:12:33', 1, '2015-11-24 19:12:33', 1, 0),
(1413, 'lbInvoice', 204, 1, '2015-11-24 21:48:54', 1, '2015-11-24 21:48:54', 1, 0),
(1414, 'lbInvoiceItem', 487, 1, '2015-11-24 21:48:54', 1, '2015-11-24 21:48:54', 1, 0),
(1415, 'lbInvoiceItem', 488, 1, '2015-11-24 21:48:54', 1, '2015-11-24 21:48:54', 1, 0),
(1416, 'lbInvoiceTotal', 204, 1, '2015-11-24 21:48:54', 1, '2015-11-24 21:48:55', 1, 0),
(1417, 'lbInvoice', 205, 1, '2015-11-25 01:04:22', 1, '2015-11-25 01:04:22', 1, 0),
(1418, 'lbInvoiceItem', 489, 1, '2015-11-25 01:04:22', 1, '2015-11-25 01:15:48', 1, 0),
(1419, 'lbInvoiceItem', 490, 1, '2015-11-25 01:04:22', 1, '2015-11-25 01:15:48', 1, 0),
(1420, 'lbInvoiceTotal', 205, 1, '2015-11-25 01:04:22', 1, '2015-11-26 14:29:36', 1, 0),
(1421, 'lbInvoiceItem', 491, 1, '2015-11-25 01:15:18', 1, '2015-11-25 01:15:48', 1, 0),
(1422, 'lbInvoice', 206, 1, '2015-11-25 17:05:38', 1, '2015-11-25 17:05:38', 1, 0),
(1423, 'lbInvoiceItem', 492, 1, '2015-11-25 17:05:38', 1, '2015-11-25 17:05:38', 1, 0),
(1424, 'lbInvoiceItem', 493, 1, '2015-11-25 17:05:38', 1, '2015-11-25 17:05:38', 1, 0),
(1425, 'lbInvoiceTotal', 206, 1, '2015-11-25 17:05:38', 1, '2015-11-25 17:05:39', 1, 0),
(1426, 'lbInvoice', 207, 1, '2015-11-26 20:32:09', 1, '2015-11-26 20:32:09', 1, 0),
(1427, 'lbInvoiceItem', 494, 1, '2015-11-26 20:32:09', 1, '2015-11-26 20:32:09', 1, 0),
(1428, 'lbInvoiceItem', 495, 1, '2015-11-26 20:32:09', 1, '2015-11-26 20:32:09', 1, 0),
(1429, 'lbInvoiceTotal', 207, 1, '2015-11-26 20:32:09', 1, '2015-11-26 20:32:10', 1, 0),
(1430, 'lbInvoice', 208, 1, '2015-11-26 20:32:10', 1, '2015-11-26 20:32:10', 1, 0),
(1431, 'lbInvoiceItem', 496, 1, '2015-11-26 20:32:10', 1, '2015-11-26 20:32:10', 1, 0),
(1432, 'lbInvoiceItem', 497, 1, '2015-11-26 20:32:10', 1, '2015-11-26 20:32:10', 1, 0),
(1433, 'lbInvoiceTotal', 208, 1, '2015-11-26 20:32:10', 1, '2015-12-02 12:58:04', 1, 0),
(1434, 'lbInvoice', 209, 1, '2015-11-26 20:33:35', 1, '2015-11-26 20:33:35', 1, 0),
(1435, 'lbInvoiceItem', 498, 1, '2015-11-26 20:33:35', 1, '2015-11-26 20:33:35', 1, 0),
(1436, 'lbInvoiceItem', 499, 1, '2015-11-26 20:33:35', 1, '2015-11-26 20:33:35', 1, 0),
(1437, 'lbInvoiceTotal', 209, 1, '2015-11-26 20:33:35', 1, '2015-11-26 20:33:37', 1, 0),
(1438, 'lbInvoice', 210, 1, '2015-11-27 08:08:57', 1, '2015-11-27 08:09:07', 1, 0),
(1439, 'lbInvoiceItem', 500, 1, '2015-11-27 08:08:57', 1, '2015-11-27 08:09:14', 1, 0),
(1440, 'lbInvoiceItem', 501, 1, '2015-11-27 08:08:57', 1, '2015-11-27 08:09:15', 1, 0),
(1441, 'lbInvoiceTotal', 210, 1, '2015-11-27 08:08:57', 1, '2015-11-27 08:10:34', 1, 0),
(1442, 'lbVendor', 8, 1, '2015-11-27 08:09:57', 1, '2015-11-27 08:10:16', 1, 0),
(1443, 'lbInvoice', 211, 1, '2015-11-28 17:06:50', 1, '2016-01-04 21:22:39', 1, 0),
(1444, 'lbInvoiceItem', 502, 1, '2015-11-28 17:06:51', 1, '2015-11-28 17:17:42', 1, 0),
(1445, 'lbInvoiceItem', 503, 1, '2015-11-28 17:06:51', 1, '2015-11-28 17:17:56', 1, 0),
(1446, 'lbInvoiceTotal', 211, 1, '2015-11-28 17:06:51', 1, '2016-01-04 21:22:39', 1, 0),
(1447, 'lbInvoice', 212, 1, '2015-11-28 18:15:38', 1, '2015-11-28 18:16:15', 1, 0),
(1448, 'lbInvoiceItem', 504, 1, '2015-11-28 18:15:38', 1, '2015-11-28 18:16:13', 1, 0),
(1449, 'lbInvoiceItem', 505, 1, '2015-11-28 18:15:38', 1, '2015-11-28 18:16:13', 1, 0),
(1450, 'lbInvoiceTotal', 212, 1, '2015-11-28 18:15:38', 1, '2015-12-25 14:20:15', 1, 0),
(1451, 'lbInvoice', 213, 1, '2015-11-29 09:31:07', 1, '2015-11-29 09:31:07', 1, 0),
(1452, 'lbInvoiceItem', 506, 1, '2015-11-29 09:31:07', 1, '2015-11-29 09:31:07', 1, 0),
(1453, 'lbInvoiceItem', 507, 1, '2015-11-29 09:31:07', 1, '2015-11-29 09:31:07', 1, 0),
(1454, 'lbInvoiceTotal', 213, 1, '2015-11-29 09:31:07', 1, '2015-11-29 09:32:09', 1, 0),
(1455, 'lbInvoice', 214, 1, '2015-11-29 13:11:19', 1, '2015-11-29 13:11:19', 1, 0),
(1456, 'lbInvoiceItem', 508, 1, '2015-11-29 13:11:19', 1, '2015-11-29 13:11:19', 1, 0),
(1457, 'lbInvoiceItem', 509, 1, '2015-11-29 13:11:19', 1, '2015-11-29 13:11:19', 1, 0),
(1458, 'lbInvoiceTotal', 214, 1, '2015-11-29 13:11:19', 1, '2015-11-29 13:11:20', 1, 0),
(1459, 'lbInvoice', 215, 1, '2015-11-29 13:13:36', 1, '2015-11-29 13:13:36', 1, 0),
(1460, 'lbInvoiceItem', 510, 1, '2015-11-29 13:13:36', 1, '2015-11-29 13:13:36', 1, 0),
(1461, 'lbInvoiceItem', 511, 1, '2015-11-29 13:13:36', 1, '2015-11-29 13:13:36', 1, 0),
(1462, 'lbInvoiceTotal', 215, 1, '2015-11-29 13:13:36', 1, '2015-11-29 13:13:36', 1, 0),
(1463, 'lbInvoice', 216, 1, '2015-11-30 18:10:26', 1, '2015-11-30 18:10:45', 1, 0),
(1464, 'lbInvoiceItem', 512, 1, '2015-11-30 18:10:27', 1, '2015-11-30 18:10:27', 1, 0),
(1465, 'lbInvoiceItem', 513, 1, '2015-11-30 18:10:27', 1, '2015-11-30 18:10:27', 1, 0),
(1466, 'lbInvoiceTotal', 216, 1, '2015-11-30 18:10:27', 1, '2015-12-03 18:33:42', 1, 0),
(1467, 'lbInvoice', 217, 1, '2015-12-01 08:14:23', 1, '2015-12-01 08:14:23', 1, 0),
(1468, 'lbInvoiceItem', 514, 1, '2015-12-01 08:14:23', 1, '2015-12-01 08:15:19', 1, 0),
(1469, 'lbInvoiceItem', 515, 1, '2015-12-01 08:14:23', 1, '2015-12-01 08:15:26', 1, 0),
(1470, 'lbInvoiceTotal', 217, 1, '2015-12-01 08:14:23', 1, '2015-12-01 17:13:10', 1, 0),
(1471, 'lbInvoiceItem', 516, 1, '2015-12-01 08:14:56', 1, '2015-12-01 08:15:19', 1, 0),
(1472, 'lbVendor', 9, 1, '2015-12-01 18:20:35', 1, '2015-12-01 18:20:35', 1, 0),
(1473, 'lbInvoice', 218, 1, '2015-12-02 01:40:27', 1, '2015-12-02 01:40:27', 1, 0),
(1474, 'lbInvoiceItem', 517, 1, '2015-12-02 01:40:27', 1, '2015-12-02 01:40:27', 1, 0),
(1475, 'lbInvoiceItem', 518, 1, '2015-12-02 01:40:27', 1, '2015-12-02 01:40:27', 1, 0),
(1476, 'lbInvoiceTotal', 218, 1, '2015-12-02 01:40:27', 1, '2015-12-03 08:59:26', 1, 0),
(1477, 'lbInvoice', 219, 1, '2015-12-02 03:20:12', 1, '2015-12-02 03:20:12', 1, 0),
(1478, 'lbInvoiceItem', 519, 1, '2015-12-02 03:20:12', 1, '2015-12-02 03:20:45', 1, 0),
(1479, 'lbInvoiceItem', 520, 1, '2015-12-02 03:20:12', 1, '2015-12-02 03:21:18', 1, 0),
(1480, 'lbInvoiceTotal', 219, 1, '2015-12-02 03:20:12', 1, '2015-12-02 05:35:52', 1, 0),
(1481, 'lbInvoiceItem', 521, 1, '2015-12-02 03:20:42', 1, '2015-12-02 03:20:45', 1, 0),
(1483, 'lbInvoiceItem', 523, 1, '2015-12-02 03:21:14', 1, '2015-12-02 03:21:15', 1, 0),
(1484, 'lbQuotation', 70, 1, '2015-12-02 03:21:29', 1, '2015-12-02 03:21:29', 1, 0),
(1485, 'lbQuotationItem', 81, 1, '2015-12-02 03:21:29', 1, '2015-12-02 03:21:29', 1, 0),
(1486, 'lbQuotationTax', 77, 1, '2015-12-02 03:21:29', 1, '2015-12-02 03:21:29', 1, 0),
(1487, 'lbQuotationTotal', 70, 1, '2015-12-02 03:21:29', 1, '2015-12-02 03:21:29', 1, 0),
(1488, 'lbInvoice', 220, 1, '2015-12-02 05:36:14', 1, '2015-12-02 05:36:14', 1, 0),
(1489, 'lbInvoiceItem', 524, 1, '2015-12-02 05:36:14', 1, '2015-12-02 05:36:41', 1, 0),
(1490, 'lbInvoiceItem', 525, 1, '2015-12-02 05:36:14', 1, '2015-12-02 05:36:43', 1, 0),
(1491, 'lbInvoiceTotal', 220, 1, '2015-12-02 05:36:14', 1, '2015-12-06 20:44:21', 1, 0),
(1492, 'lbInvoiceItem', 526, 1, '2015-12-02 05:36:28', 1, '2015-12-02 05:36:41', 1, 0),
(1493, 'lbInvoice', 221, 1, '2015-12-02 23:42:19', 1, '2015-12-02 23:42:19', 1, 0),
(1494, 'lbInvoiceItem', 527, 1, '2015-12-02 23:42:19', 1, '2015-12-02 23:42:19', 1, 0),
(1495, 'lbInvoiceItem', 528, 1, '2015-12-02 23:42:19', 1, '2015-12-02 23:42:19', 1, 0),
(1496, 'lbInvoiceTotal', 221, 1, '2015-12-02 23:42:19', 1, '2015-12-02 23:42:20', 1, 0),
(1497, 'lbInvoice', 222, 1, '2015-12-03 14:07:01', 1, '2015-12-03 14:07:01', 1, 0),
(1498, 'lbInvoiceItem', 529, 1, '2015-12-03 14:07:01', 1, '2015-12-03 14:07:01', 1, 0),
(1499, 'lbInvoiceItem', 530, 1, '2015-12-03 14:07:01', 1, '2015-12-03 14:07:01', 1, 0),
(1500, 'lbInvoiceTotal', 222, 1, '2015-12-03 14:07:01', 1, '2015-12-03 14:07:02', 1, 0),
(1501, 'lbQuotation', 71, 1, '2015-12-03 14:34:55', 1, '2015-12-03 14:35:42', 1, 0),
(1502, 'lbQuotationItem', 82, 1, '2015-12-03 14:34:55', 1, '2015-12-03 14:35:16', 1, 0),
(1503, 'lbQuotationTax', 78, 1, '2015-12-03 14:34:55', 1, '2015-12-03 14:35:16', 1, 0),
(1504, 'lbQuotationTotal', 71, 1, '2015-12-03 14:34:55', 1, '2015-12-03 14:35:17', 1, 0),
(1505, 'lbInvoice', 223, 1, '2015-12-03 21:45:58', 1, '2015-12-03 21:45:58', 1, 0),
(1506, 'lbInvoiceItem', 531, 1, '2015-12-03 21:45:58', 1, '2015-12-03 21:45:58', 1, 0),
(1507, 'lbInvoiceItem', 532, 1, '2015-12-03 21:45:58', 1, '2015-12-03 21:45:58', 1, 0),
(1508, 'lbInvoiceTotal', 223, 1, '2015-12-03 21:45:58', 1, '2015-12-03 21:45:58', 1, 0),
(1509, 'lbQuotation', 72, 1, '2015-12-03 21:46:03', 1, '2015-12-03 21:46:04', 1, 0),
(1510, 'lbQuotationItem', 83, 1, '2015-12-03 21:46:03', 1, '2015-12-03 21:46:03', 1, 0),
(1511, 'lbQuotationTax', 79, 1, '2015-12-03 21:46:03', 1, '2015-12-03 21:46:03', 1, 0),
(1512, 'lbQuotationTotal', 72, 1, '2015-12-03 21:46:04', 1, '2015-12-03 21:46:04', 1, 0),
(1513, 'lbInvoice', 224, 1, '2015-12-04 14:02:15', 1, '2015-12-06 01:59:10', 1, 0),
(1514, 'lbInvoiceItem', 533, 1, '2015-12-04 14:02:15', 1, '2015-12-06 01:59:19', 1, 0),
(1515, 'lbInvoiceItem', 534, 1, '2015-12-04 14:02:15', 1, '2015-12-06 01:59:20', 1, 0),
(1516, 'lbInvoiceTotal', 224, 1, '2015-12-04 14:02:15', 1, '2015-12-24 13:20:14', 1, 0),
(1517, 'lbQuotation', 73, 1, '2015-12-04 15:24:03', 1, '2015-12-04 15:24:03', 1, 0),
(1518, 'lbQuotationItem', 84, 1, '2015-12-04 15:24:03', 1, '2015-12-04 15:24:03', 1, 0),
(1519, 'lbQuotationTax', 80, 1, '2015-12-04 15:24:03', 1, '2015-12-04 15:24:03', 1, 0),
(1520, 'lbQuotationTotal', 73, 1, '2015-12-04 15:24:03', 1, '2015-12-04 15:24:03', 1, 0),
(1521, 'lbInvoice', 225, 1, '2015-12-04 20:44:06', 1, '2015-12-04 20:44:06', 1, 0),
(1522, 'lbInvoiceItem', 535, 1, '2015-12-04 20:44:06', 1, '2015-12-04 20:44:06', 1, 0),
(1523, 'lbInvoiceItem', 536, 1, '2015-12-04 20:44:06', 1, '2015-12-04 20:44:06', 1, 0),
(1524, 'lbInvoiceTotal', 225, 1, '2015-12-04 20:44:06', 1, '2015-12-04 20:44:06', 1, 0),
(1525, 'lbInvoiceItem', 537, 1, '2015-12-06 01:58:37', 1, '2015-12-06 01:59:19', 1, 0),
(1526, 'lbInvoice', 226, 1, '2015-12-06 02:00:36', 1, '2015-12-06 02:00:36', 1, 0),
(1527, 'lbInvoiceItem', 538, 1, '2015-12-06 02:00:36', 1, '2015-12-06 02:00:36', 1, 0),
(1528, 'lbInvoiceItem', 539, 1, '2015-12-06 02:00:36', 1, '2015-12-06 02:00:36', 1, 0),
(1529, 'lbInvoiceTotal', 226, 1, '2015-12-06 02:00:36', 1, '2015-12-06 02:00:36', 1, 0),
(1530, 'lbQuotation', 74, 1, '2015-12-06 02:16:59', 1, '2015-12-06 02:16:59', 1, 0),
(1531, 'lbQuotationItem', 85, 1, '2015-12-06 02:16:59', 1, '2015-12-06 02:16:59', 1, 0),
(1532, 'lbQuotationTax', 81, 1, '2015-12-06 02:16:59', 1, '2015-12-06 02:16:59', 1, 0),
(1533, 'lbQuotationTotal', 74, 1, '2015-12-06 02:16:59', 1, '2015-12-06 02:16:59', 1, 0),
(1549, 'lbEmployee', 1, 1, '2015-12-08 12:07:59', 1, '2015-12-08 12:07:59', 1, 0),
(1551, 'lbEmployeeBenefits', 1, 1, '2015-12-08 12:07:59', 1, '2015-12-08 12:07:59', 1, 0),
(1553, 'lbEmployeeSalary', 2, 1, '2015-12-08 12:07:59', 1, '2015-12-08 12:07:59', 1, 0),
(1554, 'lbEmployeeBenefits', 2, 1, '2015-12-08 12:07:59', 1, '2015-12-08 12:07:59', 1, 0),
(1556, 'lbEmployeeSalary', 3, 1, '2015-12-08 12:14:22', 1, '2015-12-08 12:14:22', 1, 0),
(1557, 'lbEmployeeBenefits', 3, 1, '2015-12-08 12:14:22', 1, '2015-12-08 12:14:22', 1, 0),
(1558, 'lbEmployee', 4, 1, '2015-12-08 15:11:11', 1, '2015-12-08 15:11:11', 1, 0),
(1559, 'lbEmployeeSalary', 4, 1, '2015-12-08 15:11:11', 1, '2015-12-08 15:11:11', 1, 0),
(1560, 'lbEmployeeBenefits', 4, 1, '2015-12-08 15:11:11', 1, '2015-12-08 15:11:11', 1, 0),
(1561, 'lbEmployeePayment', 1, 1, '2015-12-08 15:27:46', 1, '2015-12-08 15:27:46', 1, 0),
(1562, 'lbEmployeePayment', 2, 1, '2015-12-08 15:27:46', 1, '2015-12-08 15:27:46', 1, 0),
(1563, 'lbInvoice', 228, 1, '2015-12-08 16:32:34', 1, '2015-12-08 16:32:34', 1, 0),
(1564, 'lbInvoiceItem', 549, 1, '2015-12-08 16:32:34', 1, '2015-12-08 16:32:34', 1, 0),
(1565, 'lbInvoiceItem', 550, 1, '2015-12-08 16:32:34', 1, '2015-12-08 16:32:34', 1, 0),
(1566, 'lbInvoiceTotal', 228, 1, '2015-12-08 16:32:34', 1, '2015-12-08 16:46:12', 1, 0),
(1567, 'lbNextId', 22, 1, '2015-12-18 12:48:16', 1, '2016-01-02 17:33:44', 9, 0),
(1568, 'lbInvoice', 229, 1, '2015-12-18 12:49:00', 1, '2015-12-18 12:49:00', 1, 0),
(1569, 'lbInvoiceItem', 551, 1, '2015-12-18 12:49:00', 1, '2015-12-18 12:49:00', 1, 0),
(1570, 'lbInvoiceItem', 552, 1, '2015-12-18 12:49:00', 1, '2015-12-18 12:49:00', 1, 0),
(1571, 'lbInvoiceTotal', 229, 1, '2015-12-18 12:49:00', 1, '2015-12-18 12:49:00', 1, 0),
(1572, 'lbInvoice', 230, 1, '2015-12-18 14:37:42', 1, '2015-12-18 14:37:42', 1, 0),
(1573, 'lbInvoiceItem', 553, 1, '2015-12-18 14:37:42', 1, '2015-12-18 14:37:42', 1, 0),
(1574, 'lbInvoiceItem', 554, 1, '2015-12-18 14:37:42', 1, '2015-12-18 14:37:42', 1, 0),
(1575, 'lbInvoiceTotal', 230, 1, '2015-12-18 14:37:43', 1, '2015-12-18 14:37:43', 1, 0),
(1576, 'lbQuotation', 75, 1, '2015-12-19 02:03:32', 1, '2015-12-19 02:03:33', 1, 0),
(1577, 'lbQuotationItem', 86, 1, '2015-12-19 02:03:32', 1, '2015-12-21 15:03:08', 1, 0),
(1578, 'lbQuotationTax', 82, 1, '2015-12-19 02:03:32', 1, '2015-12-21 15:03:08', 1, 0),
(1579, 'lbQuotationTotal', 75, 1, '2015-12-19 02:03:32', 1, '2015-12-21 15:03:08', 1, 0),
(1580, 'lbInvoice', 231, 1, '2015-12-19 02:04:08', 1, '2015-12-19 02:04:08', 1, 0),
(1581, 'lbInvoiceItem', 555, 1, '2015-12-19 02:04:08', 1, '2015-12-19 02:04:08', 1, 0),
(1582, 'lbInvoiceItem', 556, 1, '2015-12-19 02:04:08', 1, '2015-12-19 02:04:18', 1, 0),
(1583, 'lbInvoiceTotal', 231, 1, '2015-12-19 02:04:08', 1, '2015-12-19 02:04:18', 1, 0),
(1584, 'lbInvoiceItem', 557, 1, '2015-12-19 02:04:17', 1, '2015-12-19 02:04:17', 1, 0),
(1585, 'lbQuotation', 76, 1, '2015-12-19 02:05:12', 1, '2015-12-19 02:06:58', 1, 0),
(1586, 'lbQuotationItem', 87, 1, '2015-12-19 02:05:12', 1, '2015-12-19 02:05:58', 1, 0),
(1587, 'lbQuotationTax', 83, 1, '2015-12-19 02:05:12', 1, '2015-12-19 02:06:13', 1, 0),
(1588, 'lbQuotationTotal', 76, 1, '2015-12-19 02:05:12', 1, '2015-12-19 02:06:13', 1, 0),
(1589, 'lbQuotationDiscount', 7, 1, '2015-12-19 02:05:56', 1, '2015-12-19 02:06:13', 1, 0),
(1590, 'lbQuotation', 77, 1, '2015-12-19 02:11:14', 1, '2015-12-19 02:11:14', 1, 0),
(1591, 'lbQuotationItem', 88, 1, '2015-12-19 02:11:14', 1, '2015-12-19 02:11:22', 1, 0),
(1592, 'lbQuotationTax', 84, 1, '2015-12-19 02:11:14', 1, '2015-12-19 02:11:22', 1, 0),
(1593, 'lbQuotationTotal', 77, 1, '2015-12-19 02:11:14', 1, '2015-12-19 02:11:22', 1, 0),
(1594, 'lbQuotationItem', 89, 1, '2015-12-19 02:11:22', 1, '2015-12-19 02:11:22', 1, 0),
(1595, 'lbInvoice', 232, 1, '2015-12-19 02:12:18', 1, '2015-12-19 02:12:18', 1, 0),
(1596, 'lbInvoiceItem', 558, 1, '2015-12-19 02:12:18', 1, '2015-12-19 02:12:54', 1, 0),
(1597, 'lbInvoiceItem', 559, 1, '2015-12-19 02:12:18', 1, '2015-12-19 02:12:59', 1, 0),
(1598, 'lbInvoiceTotal', 232, 1, '2015-12-19 02:12:18', 1, '2015-12-22 16:58:32', 1, 0),
(1599, 'lbInvoiceItem', 560, 1, '2015-12-19 02:12:25', 1, '2015-12-19 02:12:54', 1, 0),
(1600, 'lbQuotation', 78, 1, '2015-12-19 02:13:28', 1, '2015-12-19 02:13:28', 1, 0),
(1601, 'lbQuotationItem', 90, 1, '2015-12-19 02:13:28', 1, '2015-12-19 02:13:28', 1, 0),
(1602, 'lbQuotationTax', 85, 1, '2015-12-19 02:13:28', 1, '2015-12-19 02:13:28', 1, 0),
(1603, 'lbQuotationTotal', 78, 1, '2015-12-19 02:13:28', 1, '2015-12-19 02:13:28', 1, 0),
(1604, 'lbEmployee', 5, 1, '2015-12-19 05:00:09', 1, '2015-12-19 05:00:09', 1, 0),
(1605, 'lbEmployeeBenefits', 5, 1, '2015-12-19 05:00:09', 1, '2015-12-19 05:00:09', 1, 0),
(1606, 'lbInvoice', 233, 1, '2015-12-19 20:14:12', 1, '2015-12-19 20:14:12', 1, 0),
(1607, 'lbInvoiceItem', 561, 1, '2015-12-19 20:14:12', 1, '2015-12-19 20:15:25', 1, 0),
(1608, 'lbInvoiceItem', 562, 1, '2015-12-19 20:14:13', 1, '2015-12-19 20:15:26', 1, 0),
(1609, 'lbInvoiceTotal', 233, 1, '2015-12-19 20:14:13', 1, '2015-12-19 20:15:26', 1, 0),
(1610, 'lbInvoiceItem', 563, 1, '2015-12-19 20:15:03', 1, '2015-12-19 20:15:25', 1, 0),
(1611, 'lbInvoiceItem', 564, 1, '2015-12-19 20:15:10', 1, '2015-12-19 20:15:25', 1, 0),
(1612, 'lbInvoice', 234, 1, '2015-12-19 20:57:54', 1, '2015-12-19 20:57:54', 1, 0),
(1613, 'lbInvoiceItem', 565, 1, '2015-12-19 20:57:54', 1, '2015-12-19 20:57:54', 1, 0),
(1614, 'lbInvoiceItem', 566, 1, '2015-12-19 20:57:54', 1, '2015-12-19 20:57:54', 1, 0),
(1615, 'lbInvoiceTotal', 234, 1, '2015-12-19 20:57:54', 1, '2015-12-19 20:57:55', 1, 0),
(1616, 'lbInvoice', 235, 1, '2015-12-19 20:59:24', 1, '2015-12-19 20:59:48', 1, 0),
(1617, 'lbInvoiceItem', 567, 1, '2015-12-19 20:59:24', 1, '2015-12-19 21:00:53', 1, 0),
(1618, 'lbInvoiceItem', 568, 1, '2015-12-19 20:59:24', 1, '2015-12-19 21:01:05', 1, 0),
(1619, 'lbInvoiceTotal', 235, 1, '2015-12-19 20:59:24', 1, '2015-12-22 16:58:56', 1, 0),
(1620, 'lbInvoiceItem', 569, 1, '2015-12-19 21:00:49', 1, '2015-12-19 21:00:53', 1, 0),
(1622, 'lbQuotation', 79, 1, '2015-12-19 21:02:58', 1, '2015-12-19 21:02:58', 1, 0),
(1623, 'lbQuotationItem', 91, 1, '2015-12-19 21:02:58', 1, '2015-12-19 21:02:58', 1, 0),
(1624, 'lbQuotationTax', 86, 1, '2015-12-19 21:02:58', 1, '2015-12-19 21:02:58', 1, 0),
(1625, 'lbQuotationTotal', 79, 1, '2015-12-19 21:02:58', 1, '2015-12-19 21:02:58', 1, 0),
(1626, 'lbQuotationItem', 92, 1, '2015-12-21 15:03:05', 1, '2015-12-21 15:03:08', 1, 0),
(1627, 'lbQuotationItem', 93, 1, '2015-12-21 15:03:07', 1, '2015-12-21 15:03:08', 1, 0),
(1628, 'lbInvoice', 236, 1, '2015-12-21 18:35:29', 1, '2015-12-21 18:35:29', 1, 0),
(1629, 'lbInvoiceItem', 571, 1, '2015-12-21 18:35:29', 1, '2015-12-21 18:35:29', 1, 0),
(1630, 'lbInvoiceItem', 572, 1, '2015-12-21 18:35:29', 1, '2015-12-21 18:35:29', 1, 0),
(1631, 'lbInvoiceTotal', 236, 1, '2015-12-21 18:35:29', 1, '2015-12-22 18:24:38', 1, 0),
(1632, 'lbEmployee', 6, 1, '2015-12-21 18:37:34', 1, '2015-12-21 18:37:34', 1, 0),
(1633, 'lbEmployeeSalary', 5, 1, '2015-12-21 18:37:34', 1, '2015-12-21 18:37:34', 1, 0),
(1634, 'lbEmployeeBenefits', 6, 1, '2015-12-21 18:37:34', 1, '2015-12-21 18:37:34', 1, 0),
(1635, 'lbQuotation', 80, 1, '2015-12-22 08:06:47', 1, '2015-12-22 08:07:34', 1, 0),
(1636, 'lbQuotationItem', 94, 1, '2015-12-22 08:06:47', 1, '2015-12-22 08:07:24', 1, 0),
(1637, 'lbQuotationTax', 87, 1, '2015-12-22 08:06:47', 1, '2015-12-22 08:07:24', 1, 0),
(1638, 'lbQuotationTotal', 80, 1, '2015-12-22 08:06:47', 1, '2015-12-22 08:07:24', 1, 0),
(1639, 'lbPayment', 36, 1, '2015-12-23 02:37:27', 1, '2015-12-23 02:37:27', 1, 0),
(1640, 'lbPaymentItem', 44, 1, '2015-12-23 02:37:27', 1, '2015-12-23 02:37:27', 1, 0),
(1641, 'lbInvoice', 237, 1, '2015-12-23 09:58:03', 1, '2015-12-23 09:58:03', 1, 0),
(1642, 'lbInvoiceItem', 573, 1, '2015-12-23 09:58:03', 1, '2015-12-23 09:58:22', 1, 0),
(1643, 'lbInvoiceItem', 574, 1, '2015-12-23 09:58:03', 1, '2015-12-23 09:58:23', 1, 0),
(1644, 'lbInvoiceTotal', 237, 1, '2015-12-23 09:58:03', 1, '2015-12-23 09:58:23', 1, 0),
(1645, 'lbInvoiceItem', 575, 1, '2015-12-23 09:58:21', 1, '2015-12-23 09:58:22', 1, 0),
(1646, 'lbInvoice', 238, 1, '2015-12-23 15:35:48', 1, '2015-12-23 15:35:48', 1, 0),
(1647, 'lbInvoiceItem', 576, 1, '2015-12-23 15:35:48', 1, '2015-12-23 15:35:48', 1, 0),
(1648, 'lbInvoiceItem', 577, 1, '2015-12-23 15:35:48', 1, '2015-12-23 15:35:48', 1, 0),
(1649, 'lbInvoiceTotal', 238, 1, '2015-12-23 15:35:48', 1, '2015-12-23 15:35:48', 1, 0),
(1650, 'lbInvoiceItemTemplate', 13, 1, '2015-12-23 15:37:31', 1, '2015-12-23 15:37:31', 1, 0),
(1651, 'lbInvoice', 239, 1, '2015-12-24 10:13:29', 1, '2015-12-24 10:13:29', 1, 0),
(1652, 'lbInvoiceItem', 578, 1, '2015-12-24 10:13:29', 1, '2015-12-24 10:13:29', 1, 0),
(1653, 'lbInvoiceItem', 579, 1, '2015-12-24 10:13:29', 1, '2015-12-24 10:13:29', 1, 0),
(1654, 'lbInvoiceTotal', 239, 1, '2015-12-24 10:13:29', 1, '2015-12-24 13:18:04', 1, 0),
(1655, 'lbEmployeePayment', 3, 1, '2015-12-26 00:32:05', 1, '2015-12-26 00:32:05', 1, 0),
(1656, 'lbInvoice', 240, 1, '2015-12-26 00:32:55', 1, '2015-12-26 00:32:55', 1, 0),
(1657, 'lbInvoiceItem', 580, 1, '2015-12-26 00:32:55', 1, '2015-12-26 00:32:55', 1, 0),
(1658, 'lbInvoiceItem', 581, 1, '2015-12-26 00:32:55', 1, '2015-12-26 00:32:55', 1, 0),
(1659, 'lbInvoiceTotal', 240, 1, '2015-12-26 00:32:56', 1, '2015-12-27 03:39:30', 1, 0),
(1660, 'lbCustomer', 28, 1, '2015-12-27 22:48:42', 1, '2015-12-27 22:48:42', 1, 0),
(1661, 'lbInvoice', 241, 1, '2015-12-27 22:49:02', 1, '2015-12-27 22:49:35', 1, 0),
(1662, 'lbInvoiceItem', 582, 1, '2015-12-27 22:49:02', 1, '2015-12-27 22:49:28', 1, 0),
(1663, 'lbInvoiceItem', 583, 1, '2015-12-27 22:49:02', 1, '2015-12-27 22:49:29', 1, 0),
(1664, 'lbInvoiceTotal', 241, 1, '2015-12-27 22:49:02', 1, '2015-12-27 22:49:38', 1, 0),
(1665, 'lbInvoice', 242, 1, '2015-12-28 15:14:02', 1, '2015-12-28 15:14:02', 1, 0),
(1666, 'lbInvoiceItem', 584, 1, '2015-12-28 15:14:02', 1, '2015-12-28 15:14:35', 1, 0),
(1667, 'lbInvoiceItem', 585, 1, '2015-12-28 15:14:02', 1, '2015-12-28 15:14:36', 1, 0),
(1668, 'lbInvoiceTotal', 242, 1, '2015-12-28 15:14:02', 1, '2015-12-28 15:14:36', 1, 0),
(1669, 'lbInvoiceItem', 586, 1, '2015-12-28 15:14:35', 1, '2015-12-28 15:14:35', 1, 0),
(1670, 'lbInvoice', 243, 1, '2015-12-29 01:51:30', 1, '2015-12-29 01:51:30', 1, 0),
(1671, 'lbInvoiceItem', 587, 1, '2015-12-29 01:51:31', 1, '2015-12-29 01:51:31', 1, 0),
(1672, 'lbInvoiceItem', 588, 1, '2015-12-29 01:51:31', 1, '2015-12-29 01:51:31', 1, 0),
(1673, 'lbInvoiceTotal', 243, 1, '2015-12-29 01:51:31', 1, '2016-01-04 18:39:45', 1, 0),
(1674, 'lbQuotation', 81, 1, '2015-12-29 15:47:53', 1, '2015-12-29 15:49:17', 1, 0),
(1675, 'lbQuotationItem', 95, 1, '2015-12-29 15:47:53', 1, '2015-12-29 15:49:10', 1, 0),
(1676, 'lbQuotationTax', 88, 1, '2015-12-29 15:47:53', 1, '2015-12-29 15:49:10', 1, 0),
(1677, 'lbQuotationTotal', 81, 1, '2015-12-29 15:47:54', 1, '2015-12-29 15:49:10', 1, 0),
(1678, 'lbQuotationItem', 96, 1, '2015-12-29 15:48:57', 1, '2015-12-29 15:49:10', 1, 0),
(1679, 'lbInvoice', 244, 1, '2015-12-29 16:03:31', 1, '2015-12-29 16:03:31', 1, 0),
(1680, 'lbInvoiceItem', 589, 1, '2015-12-29 16:03:31', 1, '2015-12-29 16:03:31', 1, 0),
(1681, 'lbInvoiceItem', 590, 1, '2015-12-29 16:03:31', 1, '2015-12-29 16:03:31', 1, 0),
(1682, 'lbInvoiceTotal', 244, 1, '2015-12-29 16:03:31', 1, '2015-12-29 16:03:31', 1, 0),
(1683, 'lbQuotation', 82, 1, '2015-12-29 16:03:43', 1, '2015-12-29 16:03:43', 1, 0),
(1684, 'lbQuotationItem', 97, 1, '2015-12-29 16:03:43', 1, '2015-12-29 16:04:55', 1, 0),
(1685, 'lbQuotationTax', 89, 1, '2015-12-29 16:03:43', 1, '2015-12-29 16:04:55', 1, 0),
(1686, 'lbQuotationTotal', 82, 1, '2015-12-29 16:03:43', 1, '2015-12-29 16:04:55', 1, 0),
(1687, 'lbQuotation', 83, 1, '2015-12-29 16:24:45', 1, '2015-12-29 16:24:45', 1, 0),
(1688, 'lbQuotationItem', 98, 1, '2015-12-29 16:24:45', 1, '2015-12-29 16:24:45', 1, 0),
(1689, 'lbQuotationTax', 90, 1, '2015-12-29 16:24:45', 1, '2015-12-29 16:24:45', 1, 0),
(1690, 'lbQuotationTotal', 83, 1, '2015-12-29 16:24:45', 1, '2015-12-29 16:24:45', 1, 0),
(1691, 'lbInvoice', 245, 1, '2015-12-29 16:39:13', 1, '2015-12-29 16:42:27', 1, 0),
(1694, 'lbInvoiceTotal', 245, 1, '2015-12-29 16:39:13', 1, '2015-12-29 16:42:34', 1, 0),
(1696, 'lbInvoiceItem', 594, 1, '2015-12-29 16:41:39', 1, '2015-12-29 16:41:39', 1, 0),
(1697, 'lbQuotation', 84, 1, '2015-12-29 16:42:40', 1, '2015-12-29 16:42:40', 1, 0),
(1698, 'lbQuotationItem', 99, 1, '2015-12-29 16:42:40', 1, '2015-12-30 15:58:22', 1, 0),
(1699, 'lbQuotationTax', 91, 1, '2015-12-29 16:42:40', 1, '2015-12-30 15:58:22', 1, 0),
(1700, 'lbQuotationTotal', 84, 1, '2015-12-29 16:42:40', 1, '2015-12-30 15:58:22', 1, 0),
(1701, 'lbQuotationItem', 100, 1, '2015-12-29 18:12:13', 1, '2015-12-30 15:58:22', 1, 0),
(1702, 'lbInvoice', 246, 1, '2015-12-29 19:36:45', 1, '2015-12-29 19:36:45', 1, 0),
(1703, 'lbInvoiceItem', 595, 1, '2015-12-29 19:36:46', 1, '2015-12-29 19:36:46', 1, 0),
(1704, 'lbInvoiceItem', 596, 1, '2015-12-29 19:36:46', 1, '2015-12-29 19:37:07', 1, 0),
(1705, 'lbInvoiceTotal', 246, 1, '2015-12-29 19:36:46', 1, '2015-12-29 19:37:07', 1, 0),
(1706, 'lbInvoice', 247, 1, '2015-12-29 19:39:26', 1, '2016-01-02 13:36:26', 1, 0),
(1707, 'lbInvoiceItem', 597, 1, '2015-12-29 19:39:26', 1, '2015-12-29 19:39:43', 1, 0),
(1708, 'lbInvoiceItem', 598, 1, '2015-12-29 19:39:26', 1, '2016-01-02 13:32:38', 1, 0),
(1709, 'lbInvoiceTotal', 247, 1, '2015-12-29 19:39:26', 1, '2016-01-02 13:36:26', 1, 0),
(1710, 'lbVendor', 10, 1, '2015-12-30 02:51:56', 1, '2015-12-30 02:51:56', 1, 0),
(1711, 'lbVendorTax', 11, 1, '2015-12-30 02:52:24', 1, '2015-12-30 02:52:26', 1, 0),
(1712, 'lbVendor', 11, 1, '2015-12-30 03:11:49', 1, '2015-12-30 03:11:49', 1, 0),
(1713, 'lbQuotationItem', 101, 1, '2015-12-30 15:54:15', 1, '2015-12-30 15:58:22', 1, 0),
(1714, 'lbQuotationItem', 102, 1, '2015-12-30 15:54:17', 1, '2015-12-30 15:58:22', 1, 0),
(1715, 'lbQuotationItem', 103, 1, '2015-12-30 15:57:55', 1, '2015-12-30 15:58:22', 1, 0),
(1716, 'lbQuotationItem', 104, 1, '2015-12-30 15:58:20', 1, '2015-12-30 15:58:22', 1, 0),
(1717, 'lbQuotationItem', 105, 1, '2015-12-30 15:58:22', 1, '2015-12-30 15:58:22', 1, 0),
(1718, 'lbQuotation', 85, 1, '2015-12-30 16:07:30', 1, '2015-12-30 16:07:30', 1, 0),
(1719, 'lbQuotationItem', 106, 1, '2015-12-30 16:07:30', 1, '2015-12-30 21:28:02', 1, 0),
(1720, 'lbQuotationTax', 92, 1, '2015-12-30 16:07:30', 1, '2015-12-30 21:28:02', 1, 0),
(1721, 'lbQuotationTotal', 85, 1, '2015-12-30 16:07:30', 1, '2015-12-30 21:28:02', 1, 0),
(1722, 'lbQuotationItem', 107, 1, '2015-12-30 16:11:56', 1, '2015-12-30 21:28:02', 1, 0),
(1727, 'lbInvoice', 249, 1, '2015-12-31 16:25:43', 1, '2016-01-03 15:16:34', 1, 0),
(1728, 'lbInvoiceItem', 601, 1, '2015-12-31 16:25:43', 1, '2016-01-03 15:15:41', 1, 0),
(1729, 'lbInvoiceItem', 602, 1, '2015-12-31 16:25:43', 1, '2016-01-03 15:18:01', 1, 0),
(1730, 'lbInvoiceTotal', 249, 1, '2015-12-31 16:25:43', 1, '2016-01-03 15:18:01', 1, 0),
(1731, 'lbInvoiceItem', 603, 1, '2015-12-31 16:25:51', 1, '2016-01-03 15:15:41', 1, 0),
(1732, 'lbQuotation', 86, 1, '2016-01-01 07:15:45', 1, '2016-01-01 07:15:46', 1, 0),
(1733, 'lbQuotationItem', 108, 1, '2016-01-01 07:15:46', 1, '2016-01-01 07:15:46', 1, 0),
(1734, 'lbQuotationTax', 93, 1, '2016-01-01 07:15:46', 1, '2016-01-01 07:15:46', 1, 0),
(1735, 'lbQuotationTotal', 86, 1, '2016-01-01 07:15:46', 1, '2016-01-01 07:15:46', 1, 0),
(1736, 'lbEmployeePayment', 4, 1, '2016-01-02 13:28:47', 1, '2016-01-02 13:28:47', 1, 0),
(1737, 'lbPayment', 37, 1, '2016-01-02 13:36:26', 1, '2016-01-02 13:36:26', 1, 0),
(1738, 'lbPaymentItem', 45, 1, '2016-01-02 13:36:26', 1, '2016-01-02 13:36:26', 1, 0),
(1739, 'lbPayment', 38, 1, '2016-01-02 23:05:34', 1, '2016-01-02 23:05:34', 1, 0),
(1741, 'lbInvoiceItem', 604, 1, '2016-01-03 15:15:37', 1, '2016-01-03 15:15:41', 1, 0),
(1742, 'lbInvoiceItem', 605, 1, '2016-01-03 15:15:40', 1, '2016-01-03 15:15:41', 1, 0),
(1743, 'lbInvoice', 250, 1, '2016-01-03 15:37:39', 1, '2016-01-03 15:37:39', 1, 0),
(1744, 'lbInvoiceItem', 606, 1, '2016-01-03 15:37:39', 1, '2016-01-03 15:37:39', 1, 0),
(1745, 'lbInvoiceItem', 607, 1, '2016-01-03 15:37:39', 1, '2016-01-03 15:37:39', 1, 0),
(1746, 'lbInvoiceTotal', 250, 1, '2016-01-03 15:37:39', 1, '2016-01-03 19:43:05', 1, 0),
(1747, 'lbQuotation', 87, 1, '2016-01-03 15:37:51', 1, '2016-01-03 15:37:52', 1, 0),
(1748, 'lbQuotationItem', 109, 1, '2016-01-03 15:37:52', 1, '2016-01-03 15:38:08', 1, 0),
(1749, 'lbQuotationTax', 94, 1, '2016-01-03 15:37:52', 1, '2016-01-03 15:38:08', 1, 0),
(1750, 'lbQuotationTotal', 87, 1, '2016-01-03 15:37:52', 1, '2016-01-03 15:38:08', 1, 0),
(1751, 'lbInvoice', 251, 1, '2016-01-03 19:18:09', 1, '2016-01-03 19:18:09', 1, 0),
(1752, 'lbInvoiceItem', 608, 1, '2016-01-03 19:18:09', 1, '2016-01-03 19:18:09', 1, 0),
(1753, 'lbInvoiceItem', 609, 1, '2016-01-03 19:18:09', 1, '2016-01-03 19:18:09', 1, 0),
(1754, 'lbInvoiceTotal', 251, 1, '2016-01-03 19:18:09', 1, '2016-01-03 19:43:41', 1, 0),
(1755, 'lbInvoice', 252, 1, '2016-01-04 05:30:51', 1, '2016-01-04 05:31:24', 1, 0),
(1756, 'lbInvoiceItem', 610, 1, '2016-01-04 05:30:51', 1, '2016-01-04 05:31:55', 1, 0),
(1757, 'lbInvoiceItem', 611, 1, '2016-01-04 05:30:52', 1, '2016-01-04 05:31:55', 1, 0),
(1758, 'lbInvoiceTotal', 252, 1, '2016-01-04 05:30:52', 1, '2016-01-04 20:56:56', 1, 0),
(1759, 'lbQuotation', 88, 1, '2016-01-04 14:18:08', 1, '2016-01-04 14:18:08', 1, 0),
(1760, 'lbQuotationItem', 110, 1, '2016-01-04 14:18:08', 1, '2016-01-04 14:29:05', 1, 0),
(1761, 'lbQuotationTax', 95, 1, '2016-01-04 14:18:08', 1, '2016-01-04 14:29:05', 1, 0),
(1762, 'lbQuotationTotal', 88, 1, '2016-01-04 14:18:08', 1, '2016-01-04 14:29:05', 1, 0),
(1763, 'lbQuotationItem', 111, 1, '2016-01-04 14:21:13', 1, '2016-01-04 14:29:05', 1, 0),
(1764, 'lbQuotationItem', 112, 1, '2016-01-04 14:29:05', 1, '2016-01-04 14:29:05', 1, 0),
(1765, 'lbInvoice', 253, 1, '2016-01-04 21:21:53', 1, '2016-01-04 21:21:53', 1, 0),
(1766, 'lbInvoiceItem', 612, 1, '2016-01-04 21:21:53', 1, '2016-01-04 21:21:53', 1, 0),
(1767, 'lbInvoiceItem', 613, 1, '2016-01-04 21:21:53', 1, '2016-01-04 21:21:53', 1, 0),
(1768, 'lbInvoiceTotal', 253, 1, '2016-01-04 21:21:53', 1, '2016-01-04 21:21:53', 1, 0),
(1769, 'lbPayment', 39, 1, '2016-01-04 21:22:39', 1, '2016-01-04 21:22:39', 1, 0),
(1770, 'lbPaymentItem', 47, 1, '2016-01-04 21:22:39', 1, '2016-01-04 21:22:39', 1, 0),
(1771, 'lbInvoice', 254, 1, '2016-01-04 21:23:42', 1, '2016-01-04 21:23:42', 1, 0),
(1772, 'lbInvoiceItem', 614, 1, '2016-01-04 21:23:42', 1, '2016-01-04 21:23:42', 1, 0),
(1773, 'lbInvoiceItem', 615, 1, '2016-01-04 21:23:42', 1, '2016-01-04 21:23:42', 1, 0),
(1774, 'lbInvoiceTotal', 254, 1, '2016-01-04 21:23:42', 1, '2016-01-04 21:23:42', 1, 0),
(1775, 'lbContracts', 4, 1, '2016-01-04 21:26:11', 1, '2016-01-04 21:26:11', 1, 0),
(1776, 'lbInvoice', 255, 1, '2016-01-04 21:26:11', 1, '2016-01-04 21:26:11', 1, 0),
(1777, 'lbContractInvoice', 5, 1, '2016-01-04 21:26:11', 1, '2016-01-04 21:26:11', 1, 0),
(1778, 'lbInvoiceItem', 616, 1, '2016-01-04 21:26:11', 1, '2016-01-04 21:26:11', 1, 0),
(1779, 'lbInvoiceItem', 617, 1, '2016-01-04 21:26:11', 1, '2016-01-04 21:26:11', 1, 0),
(1780, 'lbInvoiceTotal', 255, 1, '2016-01-04 21:26:11', 1, '2016-01-04 21:26:11', 1, 0),
(1781, 'lbQuotation', 89, 1, '2016-01-04 21:27:16', 1, '2016-01-04 21:29:53', 1, 0),
(1782, 'lbQuotationItem', 113, 1, '2016-01-04 21:27:16', 1, '2016-01-04 21:27:42', 1, 0),
(1783, 'lbQuotationTax', 96, 1, '2016-01-04 21:27:16', 1, '2016-01-04 21:29:24', 1, 0),
(1784, 'lbQuotationTotal', 89, 1, '2016-01-04 21:27:16', 1, '2016-01-04 21:29:24', 1, 0),
(1785, 'lbQuotationDiscount', 8, 1, '2016-01-04 21:27:49', 1, '2016-01-04 21:29:23', 1, 0);

-- --------------------------------------------------------

--
-- Table structure for table `lb_customers`
--

CREATE TABLE IF NOT EXISTS `lb_customers` (
  `lb_record_primary_key` int(11) NOT NULL AUTO_INCREMENT,
  `lb_customer_name` varchar(255) COLLATE utf8_unicode_ci NOT NULL,
  `lb_customer_registration` varchar(100) COLLATE utf8_unicode_ci DEFAULT NULL,
  `lb_customer_tax_id` varchar(100) COLLATE utf8_unicode_ci DEFAULT NULL,
  `lb_customer_website_url` varchar(255) COLLATE utf8_unicode_ci DEFAULT NULL,
  `lb_customer_is_own_company` tinyint(1) NOT NULL COMMENT 'only allow ONE per subscription',
  PRIMARY KEY (`lb_record_primary_key`)
) ENGINE=InnoDB  DEFAULT CHARSET=utf8 COLLATE=utf8_unicode_ci AUTO_INCREMENT=29 ;

--
-- Dumping data for table `lb_customers`
--

INSERT INTO `lb_customers` (`lb_record_primary_key`, `lb_customer_name`, `lb_customer_registration`, `lb_customer_tax_id`, `lb_customer_website_url`, `lb_customer_is_own_company`) VALUES
(7, 'Lightsource Limited', '', NULL, '', 0),
(8, 'Francisco A', '123', NULL, 'www.telesistem.com.ve', 0),
(9, 'LSS Co Ltd', NULL, NULL, 'www.abc.com', 0),
(10, 'corcionne', '', NULL, '', 0),
(11, 'Piano Consulting Ltd', NULL, NULL, '', 0),
(12, 'Nhu', 'wq', 'qqqqq', 'nhuht@linxhq.com', 0),
(13, 'Tecno All', '1992', NULL, 'www.tecnoall.com', 0),
(14, 'Hoang Nhu', '1', NULL, 'nhuht@linxhq.com', 0),
(15, 'sdbjsd', 'sdjhfjshd', 'NLq123123123123', 'sdhfjshd', 0),
(16, 'John Cruz', '', NULL, '', 0),
(17, 'toko iwan', '', NULL, 'http://carafitri.com', 0),
(18, 'Trusted', 'apasihc', '124679', 'www.trust.com', 0),
(19, 'smile', NULL, NULL, 'linxhq.com', 0),
(20, 'John', NULL, NULL, 'dantri.com', 0),
(21, 'Smith ', '12345', NULL, 'smith.linxhq.com', 0),
(22, 'smile', '1234', NULL, 'linxhq.com', 0),
(23, 'smile', NULL, NULL, '', 0),
(24, 'cdsc', NULL, NULL, '', 0),
(25, 'prakash', '', NULL, 'no', 1),
(26, 'Vishwas Customer', '', NULL, '', 0),
(27, 'travis', NULL, NULL, 'www.travis.com', 0),
(28, 'Firma1', '', NULL, '', 0);

-- --------------------------------------------------------

--
-- Table structure for table `lb_customer_addresses`
--

CREATE TABLE IF NOT EXISTS `lb_customer_addresses` (
  `lb_record_primary_key` int(11) NOT NULL AUTO_INCREMENT,
  `lb_customer_id` int(11) NOT NULL,
  `lb_customer_address_line_1` varchar(255) COLLATE utf8_unicode_ci NOT NULL,
  `lb_customer_address_line_2` varchar(255) COLLATE utf8_unicode_ci DEFAULT NULL,
  `lb_customer_address_city` varchar(100) COLLATE utf8_unicode_ci DEFAULT NULL,
  `lb_customer_address_state` varchar(100) COLLATE utf8_unicode_ci DEFAULT NULL,
  `lb_customer_address_country` varchar(100) COLLATE utf8_unicode_ci DEFAULT NULL,
  `lb_customer_address_postal_code` varchar(20) COLLATE utf8_unicode_ci DEFAULT NULL,
  `lb_customer_address_website_url` varchar(255) COLLATE utf8_unicode_ci DEFAULT NULL,
  `lb_customer_address_phone_1` varchar(50) COLLATE utf8_unicode_ci DEFAULT NULL,
  `lb_customer_address_phone_2` varchar(50) COLLATE utf8_unicode_ci DEFAULT NULL,
  `lb_customer_address_fax` varchar(50) COLLATE utf8_unicode_ci DEFAULT NULL,
  `lb_customer_address_email` varchar(100) COLLATE utf8_unicode_ci DEFAULT NULL,
  `lb_customer_address_note` varchar(255) COLLATE utf8_unicode_ci DEFAULT NULL,
  `lb_customer_address_is_active` tinyint(1) NOT NULL,
  `lb_customer_address_is_billing` tinyint(1) NOT NULL,
  PRIMARY KEY (`lb_record_primary_key`)
) ENGINE=InnoDB  DEFAULT CHARSET=utf8 COLLATE=utf8_unicode_ci AUTO_INCREMENT=15 ;

--
-- Dumping data for table `lb_customer_addresses`
--

INSERT INTO `lb_customer_addresses` (`lb_record_primary_key`, `lb_customer_id`, `lb_customer_address_line_1`, `lb_customer_address_line_2`, `lb_customer_address_city`, `lb_customer_address_state`, `lb_customer_address_country`, `lb_customer_address_postal_code`, `lb_customer_address_website_url`, `lb_customer_address_phone_1`, `lb_customer_address_phone_2`, `lb_customer_address_fax`, `lb_customer_address_email`, `lb_customer_address_note`, `lb_customer_address_is_active`, `lb_customer_address_is_billing`) VALUES
(1, 6, 'Singapore, VietNam', '', '', '', '0', '', NULL, NULL, NULL, NULL, NULL, NULL, 1, 1),
(2, 7, 'Northway lane', '#01-01', 'Singapore', '', 'SG', '123123', NULL, NULL, NULL, NULL, NULL, NULL, 1, 1),
(3, 9, 'My address', '', '', '', '0', '', NULL, NULL, NULL, NULL, NULL, NULL, 1, 1),
(4, 8, '1112', '111', 'sfds', '', 'TM', '744000', NULL, NULL, NULL, NULL, NULL, NULL, 1, 1),
(5, 11, 'On the beach', '#01', 'S.A', '', 'SG', '', NULL, NULL, NULL, NULL, NULL, NULL, 1, 1),
(6, 12, 'Nghi loc-Nghe An', '58 Tran thai tong', 'Ha noi', '', 'VN', '', NULL, NULL, NULL, NULL, NULL, NULL, 1, 1),
(7, 8, 'SS City', 'SS', 'SS', '', 'AZ', '', NULL, NULL, NULL, NULL, NULL, NULL, 1, 1),
(8, 8, '456', '', '', '', '', '', '', '', '', '', '', '', 1, 0),
(9, 14, 'Nghi loc-Nghe An', '58 Tran thai tong-Ha noi-Viet Nam', 'Ha noi', '123', 'VN', '1', NULL, NULL, NULL, NULL, NULL, NULL, 1, 1),
(10, 16, '12321', '2312', 'Tagum', 'PH', 'PH', '08100', NULL, NULL, NULL, NULL, NULL, NULL, 1, 1),
(11, 20, 'cra 44a 27c 116', '', 'barranquilla', 'atlantico', 'CO', '81991', NULL, NULL, NULL, NULL, NULL, NULL, 1, 1),
(12, 25, 'sion koliwada', 'punjabi camp', 'mumbai', 'maharastra', 'IN', '400037', NULL, NULL, NULL, NULL, NULL, NULL, 1, 1),
(13, 26, 'At Post:Kumbhargaon', 'Tal:Karmala', 'Kumbhargaon', 'MH', 'IN', '413232', NULL, NULL, NULL, NULL, NULL, NULL, 1, 1),
(14, 27, '123 franklin', 'rm2', 'fredricsburg', 'nh', '0', '03568', NULL, NULL, NULL, NULL, NULL, NULL, 1, 1);

-- --------------------------------------------------------

--
-- Table structure for table `lb_customer_address_contacts`
--

CREATE TABLE IF NOT EXISTS `lb_customer_address_contacts` (
  `lb_record_primary_key` int(11) NOT NULL AUTO_INCREMENT,
  `lb_customer_address_id` int(11) NOT NULL,
  `lb_customer_contact_id` int(11) NOT NULL,
  PRIMARY KEY (`lb_record_primary_key`)
) ENGINE=InnoDB  DEFAULT CHARSET=utf8 COLLATE=utf8_unicode_ci AUTO_INCREMENT=3 ;

--
-- Dumping data for table `lb_customer_address_contacts`
--

INSERT INTO `lb_customer_address_contacts` (`lb_record_primary_key`, `lb_customer_address_id`, `lb_customer_contact_id`) VALUES
(1, 1, 1),
(2, 12, 9);

-- --------------------------------------------------------

--
-- Table structure for table `lb_customer_contacts`
--

CREATE TABLE IF NOT EXISTS `lb_customer_contacts` (
  `lb_record_primary_key` int(11) NOT NULL AUTO_INCREMENT,
  `lb_customer_id` int(11) DEFAULT NULL,
  `lb_customer_contact_first_name` varchar(50) COLLATE utf8_unicode_ci NOT NULL,
  `lb_customer_contact_last_name` varchar(50) COLLATE utf8_unicode_ci NOT NULL,
  `lb_customer_contact_office_phone` varchar(50) COLLATE utf8_unicode_ci DEFAULT NULL,
  `lb_customer_contact_office_fax` varchar(50) COLLATE utf8_unicode_ci DEFAULT NULL,
  `lb_customer_contact_mobile` varchar(50) COLLATE utf8_unicode_ci DEFAULT NULL,
  `lb_customer_contact_email_1` varchar(100) COLLATE utf8_unicode_ci DEFAULT NULL,
  `lb_customer_contact_email_2` varchar(100) COLLATE utf8_unicode_ci DEFAULT NULL,
  `lb_customer_contact_note` varchar(255) COLLATE utf8_unicode_ci DEFAULT NULL,
  `lb_customer_contact_is_active` tinyint(1) NOT NULL,
  PRIMARY KEY (`lb_record_primary_key`)
) ENGINE=InnoDB  DEFAULT CHARSET=utf8 COLLATE=utf8_unicode_ci AUTO_INCREMENT=11 ;

--
-- Dumping data for table `lb_customer_contacts`
--

INSERT INTO `lb_customer_contacts` (`lb_record_primary_key`, `lb_customer_id`, `lb_customer_contact_first_name`, `lb_customer_contact_last_name`, `lb_customer_contact_office_phone`, `lb_customer_contact_office_fax`, `lb_customer_contact_mobile`, `lb_customer_contact_email_1`, `lb_customer_contact_email_2`, `lb_customer_contact_note`, `lb_customer_contact_is_active`) VALUES
(1, 6, 'Linxseed', 'VN', '', NULL, '', '', NULL, NULL, 1),
(2, 7, 'Source', 'Ng', '', NULL, '', '', NULL, NULL, 1),
(3, 9, 'Joel', 'Ng', '', NULL, '', '', NULL, NULL, 1),
(4, 8, 'aass', 'ssas', '', NULL, '', '', NULL, NULL, 1),
(5, 12, 'Nhu', 'Hoang', '', NULL, '', 'nhuht@linxhq.com', NULL, NULL, 1),
(6, 13, 'Carlos', 'Rosales', '22440303', '', '', '', '', '', 1),
(7, 11, 'Szab', 'Zoltn', '+36304440076', NULL, '+36304440076', 'szabozmester@gmail.com', NULL, NULL, 1),
(8, 8, 'Carlos', 'Rosales', '50378990101', '', '', '', '', '', 1),
(10, 27, 'travis', 'martin', '904-345-2341', NULL, '234-231-4567', 'travus.martin@goku.com', NULL, NULL, 1);

-- --------------------------------------------------------

--
-- Table structure for table `lb_default_note`
--

CREATE TABLE IF NOT EXISTS `lb_default_note` (
  `lb_record_primary_key` int(11) NOT NULL AUTO_INCREMENT,
  `lb_default_note_quotation` longtext NOT NULL,
  `lb_default_note_invoice` longtext NOT NULL,
  PRIMARY KEY (`lb_record_primary_key`)
) ENGINE=InnoDB  DEFAULT CHARSET=latin1 AUTO_INCREMENT=2 ;

--
-- Dumping data for table `lb_default_note`
--

INSERT INTO `lb_default_note` (`lb_record_primary_key`, `lb_default_note_quotation`, `lb_default_note_invoice`) VALUES
(1, '', '');

-- --------------------------------------------------------

--
-- Table structure for table `lb_define_permission`
--

CREATE TABLE IF NOT EXISTS `lb_define_permission` (
  `define_permission_id` int(11) NOT NULL AUTO_INCREMENT,
  `module_id` int(11) NOT NULL,
  `define_permission_name` varchar(100) NOT NULL,
  `define_description` varchar(255) NOT NULL,
  `define_permission_hidden` int(1) NOT NULL,
  PRIMARY KEY (`define_permission_id`)
) ENGINE=InnoDB DEFAULT CHARSET=latin1 AUTO_INCREMENT=1 ;

-- --------------------------------------------------------

--
-- Table structure for table `lb_documents`
--

CREATE TABLE IF NOT EXISTS `lb_documents` (
  `lb_record_primary_key` int(11) NOT NULL AUTO_INCREMENT,
  `lb_document_parent_type` varchar(255) NOT NULL,
  `lb_document_parent_id` int(11) NOT NULL,
  `lb_account_id` int(11) NOT NULL,
  `lb_document_url` varchar(255) NOT NULL,
  `lb_document_name` varchar(255) NOT NULL,
  `lb_document_uploaded_datetime` datetime NOT NULL,
  `lb_document_encoded_name` varchar(255) NOT NULL,
  PRIMARY KEY (`lb_record_primary_key`)
) ENGINE=MyISAM  DEFAULT CHARSET=utf8 AUTO_INCREMENT=11 ;

--
-- Dumping data for table `lb_documents`
--

INSERT INTO `lb_documents` (`lb_record_primary_key`, `lb_document_parent_type`, `lb_document_parent_id`, `lb_account_id`, `lb_document_url`, `lb_document_name`, `lb_document_uploaded_datetime`, `lb_document_encoded_name`) VALUES
(1, 'lbInvoice', 20, 1, '/uploads/PTAH-nang cap module PO.odt', 'PTAH-nang cap module PO.odt', '2015-06-30 15:49:46', 'PTAH-nang cap module PO.odt'),
(3, 'lbInvoice', 75, 1, '/uploads/1.jpg', '1.jpg', '2015-08-19 18:05:51', '1.jpg'),
(4, 'lbInvoice', 75, 1, '/uploads/3.jpg', '3.jpg', '2015-08-19 18:06:04', '3.jpg'),
(5, 'lbInvoice', 99, 1, '/uploads/prn.pdf', 'prn.pdf', '2015-08-28 17:35:28', 'prn.pdf'),
(8, 'lbInvoice', 168, 1, '/uploads/masterchander.jpg', 'masterchander.jpg', '2015-10-25 17:37:25', 'masterchander.jpg'),
(9, 'lbInvoice', 172, 1, '/uploads/Logic aging report.odt', 'Logic aging report.odt', '2015-10-30 15:59:47', 'Logic aging report.odt'),
(10, 'lbInvoice', 172, 1, '/uploads/Logic aging report53.odt', 'Logic aging report53.odt', '2015-10-30 16:00:00', 'Logic aging report53.odt');

-- --------------------------------------------------------

--
-- Table structure for table `lb_employee`
--

CREATE TABLE IF NOT EXISTS `lb_employee` (
  `lb_record_primary_key` int(11) NOT NULL AUTO_INCREMENT,
  `lowest_salary` decimal(10,2) NOT NULL,
  `employee_name` varchar(255) CHARACTER SET utf8 COLLATE utf8_unicode_ci NOT NULL,
  `employee_address` text CHARACTER SET utf8 COLLATE utf8_unicode_ci NOT NULL,
  `employee_birthday` date NOT NULL,
  `employee_phone_1` int(11) NOT NULL,
  `employee_phone_2` int(11) NOT NULL,
  `employee_email_1` varchar(255) NOT NULL,
  `employee_email_2` varchar(255) NOT NULL,
  `employee_code` varchar(255) NOT NULL,
  `employee_tax` varchar(255) NOT NULL,
  `employee_bank` text CHARACTER SET utf8 COLLATE utf8_unicode_ci NOT NULL,
  `employee_note` text CHARACTER SET utf8 COLLATE utf8_unicode_ci NOT NULL,
  `employee_salary` decimal(10,2) NOT NULL,
  PRIMARY KEY (`lb_record_primary_key`)
) ENGINE=InnoDB  DEFAULT CHARSET=latin1 AUTO_INCREMENT=7 ;

--
-- Dumping data for table `lb_employee`
--

INSERT INTO `lb_employee` (`lb_record_primary_key`, `lowest_salary`, `employee_name`, `employee_address`, `employee_birthday`, `employee_phone_1`, `employee_phone_2`, `employee_email_1`, `employee_email_2`, `employee_code`, `employee_tax`, `employee_bank`, `employee_note`, `employee_salary`) VALUES
(1, 0.00, 'Pham Nhung', 'Hoang hoa tham, tay ho', '1992-02-01', 112546789, 0, 'nhungpt@linxhq.com', '', '', '', '', '', 0.00),
(4, 0.00, 'test', 'trn thi tng', '2015-12-08', 112546789, 0, 'abc@gmail.com', '', '', '', '', '', 0.00),
(5, 0.00, 'osa', 'benin', '2015-12-19', 888, 0, 'eir', '', '', '', 'FBN', '', 0.00),
(6, 0.00, 'dmfdkf', 'lfdkfl', '2015-12-21', 2147483647, 0, 'djjkf@dkjsc.com', '', '', '', '', '', 0.00);

-- --------------------------------------------------------

--
-- Table structure for table `lb_employee_benefits`
--

CREATE TABLE IF NOT EXISTS `lb_employee_benefits` (
  `lb_record_primary_key` int(11) NOT NULL AUTO_INCREMENT,
  `employee_id` int(11) NOT NULL,
  `benefit_name` varchar(255) CHARACTER SET utf8 COLLATE utf8_unicode_ci NOT NULL,
  `benefit_tax` decimal(10,2) NOT NULL,
  `benefit_amount` decimal(10,2) NOT NULL,
  PRIMARY KEY (`lb_record_primary_key`)
) ENGINE=InnoDB  DEFAULT CHARSET=latin1 AUTO_INCREMENT=7 ;

--
-- Dumping data for table `lb_employee_benefits`
--

INSERT INTO `lb_employee_benefits` (`lb_record_primary_key`, `employee_id`, `benefit_name`, `benefit_tax`, `benefit_amount`) VALUES
(1, 1, '12', 0.00, 1000.00),
(4, 4, '12', 0.00, 1500.00),
(5, 5, '0', 0.00, 0.00),
(6, 6, '12', 0.00, 1500.00);

-- --------------------------------------------------------

--
-- Table structure for table `lb_employee_payment`
--

CREATE TABLE IF NOT EXISTS `lb_employee_payment` (
  `lb_record_primary_key` int(11) NOT NULL AUTO_INCREMENT,
  `employee_id` int(11) NOT NULL,
  `payment_date` date NOT NULL,
  `payment_paid` decimal(10,2) NOT NULL,
  `payment_oustanding` decimal(10,2) NOT NULL,
  `payment_status` int(11) NOT NULL,
  `payment_note` varchar(255) NOT NULL,
  `payment_created_by` int(11) NOT NULL,
  `payment_for_month` date NOT NULL,
  `payment_month` int(11) NOT NULL,
  `payment_year` int(11) NOT NULL,
  PRIMARY KEY (`lb_record_primary_key`)
) ENGINE=InnoDB  DEFAULT CHARSET=latin1 AUTO_INCREMENT=5 ;

--
-- Dumping data for table `lb_employee_payment`
--

INSERT INTO `lb_employee_payment` (`lb_record_primary_key`, `employee_id`, `payment_date`, `payment_paid`, `payment_oustanding`, `payment_status`, `payment_note`, `payment_created_by`, `payment_for_month`, `payment_month`, `payment_year`) VALUES
(1, 4, '2015-12-08', 500.00, 0.00, 2, '', 1, '0000-00-00', 12, 2015),
(2, 4, '2015-12-08', 500.00, 0.00, 2, '', 1, '0000-00-00', 12, 2015),
(3, 1, '2015-12-26', 1999000.00, 0.00, 1, '', 1, '0000-00-00', 12, 2015),
(4, 1, '2016-01-02', 5000.00, 0.00, 1, '', 1, '0000-00-00', 1, 2016);

-- --------------------------------------------------------

--
-- Table structure for table `lb_employee_salary`
--

CREATE TABLE IF NOT EXISTS `lb_employee_salary` (
  `lb_record_primary_key` int(11) NOT NULL AUTO_INCREMENT,
  `employee_id` int(11) NOT NULL,
  `salary_name` varchar(255) CHARACTER SET utf8 COLLATE utf8_unicode_ci NOT NULL,
  `salary_amount` decimal(10,2) NOT NULL,
  PRIMARY KEY (`lb_record_primary_key`)
) ENGINE=InnoDB  DEFAULT CHARSET=latin1 AUTO_INCREMENT=6 ;

--
-- Dumping data for table `lb_employee_salary`
--

INSERT INTO `lb_employee_salary` (`lb_record_primary_key`, `employee_id`, `salary_name`, `salary_amount`) VALUES
(4, 4, '13', 5000.00),
(5, 6, '13', 10000.00);

-- --------------------------------------------------------

--
-- Table structure for table `lb_expenses`
--

CREATE TABLE IF NOT EXISTS `lb_expenses` (
  `lb_record_primary_key` int(11) NOT NULL AUTO_INCREMENT,
  `lb_category_id` int(11) NOT NULL,
  `lb_expenses_no` varchar(50) NOT NULL,
  `lb_expenses_amount` decimal(10,2) NOT NULL,
  `lb_expenses_date` date NOT NULL,
  `lb_expenses_recurring_id` int(11) DEFAULT NULL,
  `lb_expenses_bank_account_id` int(11) DEFAULT NULL,
  `lb_expenses_note` varchar(500) DEFAULT NULL,
  PRIMARY KEY (`lb_record_primary_key`)
) ENGINE=MyISAM  DEFAULT CHARSET=utf8 AUTO_INCREMENT=5 ;

-- --------------------------------------------------------

--
-- Table structure for table `lb_expenses_customer`
--

CREATE TABLE IF NOT EXISTS `lb_expenses_customer` (
  `lb_record_primary_key` int(11) NOT NULL AUTO_INCREMENT,
  `lb_expenses_id` int(11) NOT NULL,
  `lb_customer_id` int(11) NOT NULL,
  PRIMARY KEY (`lb_record_primary_key`)
) ENGINE=MyISAM  DEFAULT CHARSET=utf8 AUTO_INCREMENT=4 ;

-- --------------------------------------------------------

--
-- Table structure for table `lb_expenses_invoice`
--

CREATE TABLE IF NOT EXISTS `lb_expenses_invoice` (
  `lb_record_primary_key` int(11) NOT NULL AUTO_INCREMENT,
  `lb_expenses_id` int(11) NOT NULL,
  `lb_invoice_id` int(11) NOT NULL,
  PRIMARY KEY (`lb_record_primary_key`)
) ENGINE=MyISAM  DEFAULT CHARSET=utf8 AUTO_INCREMENT=4 ;

-- --------------------------------------------------------

--
-- Table structure for table `lb_expenses_tax`
--

CREATE TABLE IF NOT EXISTS `lb_expenses_tax` (
  `lb_record_primary_key` int(11) NOT NULL AUTO_INCREMENT,
  `lb_expenses_id` int(11) NOT NULL,
  `lb_tax_id` int(11) NOT NULL,
  `lb_expenses_tax_total` decimal(10,2) NOT NULL,
  PRIMARY KEY (`lb_record_primary_key`)
) ENGINE=MyISAM  DEFAULT CHARSET=utf8 AUTO_INCREMENT=4 ;

-- --------------------------------------------------------

--
-- Table structure for table `lb_genera`
--

CREATE TABLE IF NOT EXISTS `lb_genera` (
  `lb_record_primary_key` int(11) NOT NULL AUTO_INCREMENT,
  `lb_genera_currency_symbol` varchar(100) NOT NULL,
  `lb_thousand_separator` varchar(50) NOT NULL,
  `lb_decimal_symbol` varchar(50) NOT NULL,
  PRIMARY KEY (`lb_record_primary_key`)
) ENGINE=InnoDB  DEFAULT CHARSET=latin1 AUTO_INCREMENT=8 ;

--
-- Dumping data for table `lb_genera`
--

INSERT INTO `lb_genera` (`lb_record_primary_key`, `lb_genera_currency_symbol`, `lb_thousand_separator`, `lb_decimal_symbol`) VALUES
(1, 'USD', ',', '.'),
(2, '', '', ''),
(3, '', '', ''),
(4, '', '', ''),
(5, '', '', ''),
(6, '', '', ''),
(7, '', '', '');

-- --------------------------------------------------------

--
-- Table structure for table `lb_invoices`
--

CREATE TABLE IF NOT EXISTS `lb_invoices` (
  `lb_record_primary_key` int(11) NOT NULL AUTO_INCREMENT,
  `lb_invoice_group` char(60) COLLATE utf8_unicode_ci NOT NULL COMMENT 'INVOICE, QUOTATION',
  `lb_generated_from_quotation_id` int(11) DEFAULT NULL,
  `lb_invoice_no` varchar(50) COLLATE utf8_unicode_ci NOT NULL,
  `lb_invoice_date` date NOT NULL,
  `lb_invoice_due_date` date DEFAULT NULL,
  `lb_invoice_company_id` int(11) DEFAULT NULL COMMENT 'owner company',
  `lb_invoice_company_address_id` int(11) DEFAULT NULL,
  `lb_invoice_customer_id` int(11) DEFAULT NULL,
  `lb_invoice_customer_address_id` int(11) DEFAULT NULL,
  `lb_invoice_attention_contact_id` int(11) DEFAULT NULL,
  `lb_invoice_subject` varchar(255) COLLATE utf8_unicode_ci DEFAULT NULL,
  `lb_invoice_note` longtext COLLATE utf8_unicode_ci,
  `lb_invoice_status_code` char(60) COLLATE utf8_unicode_ci DEFAULT NULL,
  `lb_invoice_encode` varchar(300) COLLATE utf8_unicode_ci NOT NULL,
  `lb_quotation_id` int(11) NOT NULL,
  `lb_invoice_internal_note` longtext COLLATE utf8_unicode_ci NOT NULL,
  PRIMARY KEY (`lb_record_primary_key`)
) ENGINE=InnoDB  DEFAULT CHARSET=utf8 COLLATE=utf8_unicode_ci AUTO_INCREMENT=256 ;

--
-- Dumping data for table `lb_invoices`
--

INSERT INTO `lb_invoices` (`lb_record_primary_key`, `lb_invoice_group`, `lb_generated_from_quotation_id`, `lb_invoice_no`, `lb_invoice_date`, `lb_invoice_due_date`, `lb_invoice_company_id`, `lb_invoice_company_address_id`, `lb_invoice_customer_id`, `lb_invoice_customer_address_id`, `lb_invoice_attention_contact_id`, `lb_invoice_subject`, `lb_invoice_note`, `lb_invoice_status_code`, `lb_invoice_encode`, `lb_quotation_id`, `lb_invoice_internal_note`) VALUES
(1, 'INVOICE', NULL, 'I-20150000001', '2015-06-22', '2015-06-22', 6, 1, 7, 2, 2, NULL, 'Some note. Default Note can be set in configuration as well.', 'I_OPEN', 'RzhRUFY4NlN3MjE=', 0, ''),
(2, 'INVOICE', NULL, 'Draft', '2015-06-23', '2015-06-23', 6, 1, NULL, NULL, NULL, NULL, '', 'I_DRAFT', 'NkRSajFXaUhzcjE=', 0, ''),
(3, 'INVOICE', NULL, 'Draft', '2015-06-23', '2015-06-23', 6, 1, NULL, NULL, NULL, NULL, '', 'I_DRAFT', 'SEhRTGwwd3JNQjE=', 0, ''),
(4, 'INVOICE', NULL, 'Draft', '2015-06-23', '2015-06-23', 8, NULL, NULL, NULL, NULL, NULL, '', 'I_DRAFT', 'WXNrUU04TGlSaTE=', 0, ''),
(5, 'INVOICE', NULL, 'Draft', '2015-06-23', '2015-06-30', 8, NULL, 9, 3, 3, NULL, '', 'I_WRITTEN_OFF', 'cENCVUFKZm9USjE=', 0, ''),
(6, 'INVOICE', NULL, 'Draft', '2015-06-23', '2015-06-23', 8, NULL, NULL, NULL, NULL, NULL, '', 'I_DRAFT', 'MEpnZTNoUzVKUDE=', 0, ''),
(7, 'INVOICE', NULL, 'Draft', '2015-06-24', '2015-06-24', 8, NULL, NULL, NULL, NULL, NULL, '', 'I_DRAFT', 'ZFhBZ1dITHVHdjE=', 0, ''),
(8, 'INVOICE', NULL, 'Draft', '2015-06-24', '2015-06-24', 8, NULL, NULL, NULL, NULL, NULL, '', 'I_DRAFT', 'OVBmZThwcXRVNDE=', 0, ''),
(9, 'INVOICE', NULL, 'Draft', '2015-06-24', '2015-06-24', 8, NULL, NULL, NULL, NULL, NULL, '', 'I_DRAFT', 'bmdpMnFJdGEzNTE=', 0, ''),
(10, 'INVOICE', NULL, 'Draft', '2015-06-25', '2015-06-25', 8, NULL, 7, 2, 0, NULL, '', 'I_DRAFT', 'czVFMVlpSHJOazE=', 0, ''),
(11, 'INVOICE', NULL, 'I-20150000002', '2015-06-25', '2015-06-25', 8, NULL, 8, 4, 4, 'dfknvfdkjnkjfndvjk  dvfj nvjkfdn vfdjk nvkjdfvf vdvfvdfvfdvdfvf', '', 'I_PAID', 'ZXlWeFV5YlNraTE=', 0, ''),
(12, 'INVOICE', NULL, 'Draft', '2015-06-26', '2015-06-26', 8, 4, NULL, NULL, NULL, NULL, '', 'I_DRAFT', 'TWdId2xJRjhyVDE=', 0, ''),
(13, 'INVOICE', NULL, 'Draft', '2015-06-26', '2015-06-26', 8, 4, 8, 4, 0, NULL, '', 'I_DRAFT', 'VFhlc00xVHVmMTE=', 0, ''),
(14, 'INVOICE', NULL, 'Draft', '2015-06-26', '2015-06-26', 8, 4, NULL, NULL, NULL, NULL, '', 'I_DRAFT', 'VkpXV0xNalhLRjE=', 0, ''),
(15, 'INVOICE', NULL, 'Draft', '2015-06-26', '2015-06-26', 8, 4, NULL, NULL, NULL, NULL, '', 'I_DRAFT', 'V1FSaDlpSXJNMzE=', 0, ''),
(16, 'INVOICE', NULL, 'Draft', '2015-06-26', '2015-06-26', 8, 4, NULL, NULL, NULL, NULL, '', 'I_DRAFT', 'Q1hOVXpSb0g2dDE=', 0, ''),
(17, 'INVOICE', NULL, 'Draft', '2015-06-28', '2015-06-28', 8, 4, NULL, NULL, NULL, NULL, '', 'I_DRAFT', 'VHNlZThHbGZ2MjI=', 0, ''),
(18, 'INVOICE', NULL, 'Draft', '2015-06-28', '2015-06-28', 8, 4, NULL, NULL, NULL, NULL, '', 'I_DRAFT', 'UUx0YU5wUWhYYTI=', 0, ''),
(19, 'INVOICE', NULL, 'I-20150000003', '2015-06-30', '2015-07-03', 8, 4, 11, 5, 0, NULL, 'This is a note 1\n\nHello', 'I_WRITTEN_OFF', 'eWl6c0FyNVNidjI=', 0, ''),
(20, 'INVOICE', NULL, 'I-20150000004', '2015-06-30', '2015-06-30', 8, 4, 12, 6, 5, NULL, '', 'I_OPEN', 'YldoUWMzQmhEaTI=', 0, ''),
(21, 'INVOICE', NULL, 'Draft', '2015-06-30', '2015-06-30', 8, 4, 10, 0, 0, NULL, '', 'I_DRAFT', 'eWdLVVVQeWhOQTI=', 0, ''),
(22, 'INVOICE', NULL, 'I-20150000005', '2015-06-30', '2015-06-30', 8, 4, 8, 4, 0, NULL, '', 'I_PAID', 'U1MzRGl2aVUzejI=', 0, ''),
(23, 'INVOICE', NULL, 'I-20150000006', '2015-07-02', '2015-07-02', 8, 4, 8, 7, 0, 'This is just a test', '', 'I_PAID', 'VzJVRXRLQ1QzcTI=', 0, ''),
(24, 'INVOICE', NULL, 'Draft', '2015-07-02', '2015-07-02', 8, 4, NULL, NULL, NULL, NULL, '', 'I_DRAFT', 'dEF5Y25DNzV0aDI=', 0, ''),
(25, 'INVOICE', NULL, 'Draft', '2015-07-02', '2015-07-02', 8, 4, NULL, NULL, NULL, NULL, '', 'I_DRAFT', 'ME9CRmZCSWVJUjI=', 0, ''),
(26, 'INVOICE', NULL, 'Draft', '2015-07-02', '2015-07-02', 8, 4, NULL, NULL, NULL, NULL, '', 'I_DRAFT', 'SXBqYWk5UUQ3bjI=', 0, ''),
(27, 'INVOICE', NULL, 'Draft', '2015-07-02', '2015-07-02', 8, 4, NULL, NULL, NULL, NULL, '', 'I_DRAFT', 'MGFGOUo1NGxkMzI=', 0, ''),
(28, 'INVOICE', NULL, 'Draft', '2015-07-02', '2015-07-02', 8, 4, NULL, NULL, NULL, NULL, '', 'I_DRAFT', 'ZFU2TlhzWE83TTI=', 0, ''),
(29, 'INVOICE', NULL, 'Draft', '2015-07-02', '2015-07-02', 8, 4, NULL, NULL, NULL, NULL, '', 'I_DRAFT', 'dU5EaTlHanVVaDI=', 0, ''),
(30, 'INVOICE', NULL, 'Draft', '2015-07-03', '2015-07-03', 8, 4, 10, 0, 0, NULL, '', 'I_DRAFT', 'QmhQZUptQVF6SzI=', 0, ''),
(31, 'INVOICE', NULL, 'Draft', '2015-07-04', '2015-07-04', 8, 4, 11, 5, 7, 'Test invoice', 'Test', 'I_DRAFT', 'cDlYU0VWajdWdDI=', 0, ''),
(32, 'INVOICE', NULL, 'Draft', '2015-07-04', '2015-07-04', 8, 4, NULL, NULL, NULL, NULL, '', 'I_DRAFT', 'S0R5MkFRZ0ZhMDI=', 0, ''),
(33, 'INVOICE', NULL, 'Draft', '2015-07-05', '2015-07-05', 8, 4, NULL, NULL, NULL, NULL, '', 'I_DRAFT', 'V1lZYUNjejVNNzI=', 0, ''),
(34, 'INVOICE', NULL, 'Draft', '2015-07-05', '2015-07-05', 8, 4, NULL, NULL, NULL, NULL, '', 'I_DRAFT', 'a2VzZkh0WmR1azI=', 0, ''),
(35, 'INVOICE', NULL, 'Draft', '2015-07-05', '2015-07-05', 8, 4, NULL, NULL, NULL, NULL, '', 'I_DRAFT', 'ZjQxZ29FQjhOWDI=', 0, ''),
(36, 'INVOICE', NULL, 'I-20150000007', '2015-07-06', '2015-07-06', 8, 4, 8, 4, 4, NULL, '', 'I_OPEN', 'Y0NUbXdkOElkRzI=', 0, ''),
(37, 'INVOICE', NULL, 'Draft', '2015-07-07', '2015-07-07', 8, 4, NULL, NULL, NULL, NULL, '', 'I_DRAFT', 'MVl5SDRsVWY3VjI=', 0, ''),
(38, 'INVOICE', NULL, 'Draft', '2015-07-07', '2015-07-07', 8, 4, 8, 4, 0, NULL, '', 'I_DRAFT', 'a1padm5kdFRtdzI=', 0, ''),
(39, 'INVOICE', NULL, 'I-20150000008', '2015-07-07', '2015-07-07', 8, 4, 9, 3, 3, NULL, '', 'I_PAID', 'c3FFTmZ4Vm5QQzI=', 0, ''),
(40, 'INVOICE', NULL, 'Draft', '2015-07-07', '2015-07-07', 8, 4, NULL, NULL, NULL, NULL, '', 'I_DRAFT', 'ZUxSRzBhN2JvMzI=', 0, ''),
(41, 'INVOICE', NULL, 'I-20150000009', '2015-07-08', '2015-07-08', 8, 4, 6, 1, 0, NULL, '', 'I_OPEN', 'aWV5b01JdmNFRzI=', 0, ''),
(42, 'INVOICE', NULL, 'Draft', '2015-07-08', '2015-07-08', 8, 4, NULL, NULL, NULL, NULL, '', 'I_DRAFT', 'ZEdubFVudnNtcTM=', 0, ''),
(43, 'INVOICE', NULL, 'Draft', '2015-07-08', '2015-07-08', 8, 4, NULL, NULL, NULL, NULL, '', 'I_DRAFT', 'QndBeGtPOHlOODM=', 0, ''),
(44, 'INVOICE', NULL, 'Draft', '2015-07-09', '2015-07-09', 8, 4, NULL, NULL, NULL, NULL, '', 'I_DRAFT', 'WG15YTFxcEsyczM=', 0, ''),
(45, 'INVOICE', NULL, 'I-20150000010', '2015-07-10', '2015-07-10', 8, 4, 6, 1, 0, 'test', '', 'I_WRITTEN_OFF', 'WjBsNWpGcXh6bTM=', 0, ''),
(46, 'INVOICE', NULL, 'Draft', '2015-07-10', '2015-07-10', 8, 4, 11, 5, 0, NULL, '', 'I_DRAFT', 'UlZCOTQ5cmcxSTM=', 0, ''),
(47, 'INVOICE', NULL, 'Draft', '2015-07-12', '2015-07-12', 8, 4, NULL, NULL, NULL, NULL, '', 'I_DRAFT', 'VGtHdWZNa0ZCUDM=', 0, ''),
(48, 'INVOICE', NULL, 'I-20150000011', '2015-07-12', '2015-07-12', 8, 4, 8, 4, 0, 'bayar', '', 'I_OPEN', 'UXhDT3VOeGlpTTM=', 0, ''),
(49, 'INVOICE', NULL, 'Draft', '2015-07-13', '2015-07-13', 8, 4, 12, 6, 0, NULL, '', 'I_DRAFT', 'ckNCc1l2WW4xbTM=', 0, ''),
(50, 'INVOICE', NULL, 'Draft', '2015-07-13', '2015-07-13', 8, 4, NULL, NULL, NULL, NULL, '', 'I_DRAFT', 'Nno5aDVCYnZPdzM=', 0, ''),
(51, 'INVOICE', NULL, 'Draft', '2015-07-13', '2015-07-13', 8, 4, NULL, NULL, NULL, NULL, '', 'I_DRAFT', 'cGdKZWhDZnJoejM=', 0, ''),
(52, 'INVOICE', NULL, 'Draft', '2015-07-13', '2015-07-13', 8, 4, NULL, NULL, NULL, NULL, '', 'I_DRAFT', 'eE5oNW13UU15azM=', 0, ''),
(53, 'INVOICE', NULL, 'I-20150000012', '2015-07-14', '2015-07-14', 8, 4, 6, 1, 0, 'TESADF', '', 'I_WRITTEN_OFF', 'ZVllMUM2TERhZzM=', 0, ''),
(54, 'INVOICE', NULL, 'Draft', '2015-07-15', '2015-07-15', 8, 4, NULL, NULL, NULL, NULL, '', 'I_DRAFT', 'M1lkVzFaeWtpTDM=', 0, ''),
(55, 'INVOICE', NULL, 'Draft', '2015-07-15', '2015-07-15', 8, 4, 12, 6, 0, NULL, '', 'I_DRAFT', 'RTJEUlhJalZsczM=', 0, ''),
(56, 'INVOICE', NULL, 'I-20150000013', '2015-07-15', '2015-07-15', 8, 4, 8, 4, 0, NULL, '', 'I_OPEN', 'ejFOVHN4Y1lVbjM=', 0, ''),
(57, 'INVOICE', NULL, 'Draft', '2015-07-15', '2015-07-15', 8, 4, NULL, NULL, NULL, NULL, '', 'I_DRAFT', 'bjVNQ3hWMFkxaDM=', 0, ''),
(58, 'INVOICE', NULL, 'Draft', '2015-07-15', '2015-07-15', 8, 4, NULL, NULL, NULL, NULL, '', 'I_DRAFT', 'bHF0VUNpOFF3UTM=', 0, ''),
(59, 'INVOICE', NULL, 'Draft', '2015-07-16', '2015-07-16', NULL, NULL, NULL, NULL, NULL, NULL, NULL, 'I_DRAFT', 'T2xCVGpTazczZTA=', 0, ''),
(60, 'INVOICE', NULL, 'Draft', '2015-07-17', '2015-07-17', 8, 4, 7, 2, 0, NULL, '', 'I_DRAFT', 'R1Y3Ykx3azRrczM=', 0, ''),
(61, 'INVOICE', NULL, 'Draft', '2015-07-19', '2015-07-19', 8, 4, NULL, NULL, NULL, NULL, '', 'I_DRAFT', 'WkVSS3kxUUE0OTM=', 0, ''),
(62, 'INVOICE', NULL, 'Draft', '2015-07-20', '2015-07-20', 8, 4, NULL, NULL, NULL, NULL, '', 'I_DRAFT', 'Rno3SlBLYUpLaDM=', 0, ''),
(63, 'INVOICE', NULL, 'Draft', '2015-07-20', '2015-07-20', 8, 4, NULL, NULL, NULL, NULL, '', 'I_DRAFT', 'a09HYW14MGRsZDM=', 0, ''),
(64, 'INVOICE', NULL, 'Draft', '2015-07-20', '2015-07-20', 8, 4, 8, 4, 0, NULL, '', 'I_DRAFT', 'bjUwRjRqWWZiTzM=', 0, ''),
(65, 'INVOICE', NULL, 'Draft', '2015-07-21', '2015-07-21', 8, 4, NULL, NULL, NULL, NULL, '', 'I_DRAFT', 'R0x6YlBJR2Y0TzM=', 0, ''),
(68, 'INVOICE', NULL, 'Draft', '2015-07-23', '2015-07-23', 8, 4, NULL, 3, 5, NULL, '', 'I_DRAFT', 'WVdoOElZSkllejM=', 0, ''),
(69, 'INVOICE', NULL, 'Draft', '2015-07-23', '2015-07-23', 8, 4, 8, 4, 0, NULL, 'tersrsr', 'I_PAID', 'bXVZSmN3WXdOSzM=', 0, 'rtrtrtt'),
(70, 'INVOICE', NULL, 'Draft', '2015-07-24', '2015-07-24', 8, 4, NULL, NULL, NULL, NULL, '', 'I_DRAFT', 'V3lNSWhBWkdhdjM=', 0, ''),
(71, 'INVOICE', NULL, 'Draft', '2015-07-24', '2015-07-24', 8, 4, NULL, NULL, NULL, NULL, '', 'I_DRAFT', 'cHh4ODFQdTJsQjM=', 0, ''),
(72, 'INVOICE', NULL, 'Draft', '2015-07-25', '2015-07-25', 8, 4, 10, 0, 0, NULL, '', 'I_DRAFT', 'dW5QbXEwUmFJRTM=', 0, ''),
(73, 'INVOICE', NULL, 'Draft', '2015-07-25', '2015-07-25', 8, 4, NULL, NULL, NULL, NULL, '', 'I_DRAFT', 'Q3FwaE41RGk4QzM=', 0, ''),
(74, 'INVOICE', NULL, 'I-20150000016', '2015-07-25', '2015-07-25', 15, NULL, 8, 4, 0, NULL, '', 'I_PAID', 'ejlGNWxyWWFkbjM=', 0, ''),
(75, 'INVOICE', NULL, 'I-20150000014', '2015-07-26', '2015-07-26', 15, NULL, 10, 0, 0, NULL, '', 'I_WRITTEN_OFF', 'eEJsTE9Ud3BBcjM=', 0, ''),
(76, 'INVOICE', NULL, 'Draft', '2015-07-26', '2015-07-26', 15, NULL, NULL, NULL, NULL, NULL, '', 'I_DRAFT', 'dTJLN2wwcTcyczM=', 0, ''),
(77, 'INVOICE', NULL, 'Draft', '2015-07-29', '2015-07-29', 15, NULL, NULL, NULL, NULL, NULL, 'fgdfgdfgfdvcxcbc\ncvbvcb\ncvb\ncvb\ncvb\nvcb', 'I_DRAFT', 'RHhrdXRhTmxtcjM=', 0, ''),
(78, 'INVOICE', NULL, 'I-20150000015', '2015-08-01', '2015-08-01', 15, NULL, 8, 3, 3, NULL, '', 'I_OPEN', 'eXRZcm5Lc3YwSjM=', 0, ''),
(80, 'INVOICE', NULL, 'Draft', '2015-08-20', '2015-08-20', 15, NULL, NULL, NULL, NULL, NULL, '', 'I_DRAFT', 'YVl6UkdmVkZsRzM=', 0, ''),
(81, 'INVOICE', NULL, 'Draft', '2015-08-21', '2015-08-21', 15, NULL, NULL, NULL, NULL, NULL, '', 'I_DRAFT', 'eDRsU0RrQTVnVTM=', 0, ''),
(82, 'INVOICE', NULL, 'Draft', '2015-08-21', '2015-08-21', 15, NULL, NULL, NULL, NULL, NULL, '', 'I_DRAFT', 'bXk1MUZxOVFKWTM=', 0, ''),
(83, 'INVOICE', NULL, 'Draft', '2015-08-21', '2015-08-21', 15, NULL, NULL, NULL, NULL, NULL, '', 'I_DRAFT', 'Z2pjUFMwMlR6VTM=', 0, ''),
(84, 'INVOICE', NULL, 'Draft', '2015-08-23', '2015-08-23', 15, NULL, NULL, NULL, NULL, NULL, '', 'I_DRAFT', 'VzQ0VlZIVUhPUTM=', 0, ''),
(85, 'INVOICE', NULL, 'Draft', '2015-08-24', '2015-08-24', 15, NULL, NULL, NULL, NULL, NULL, '', 'I_DRAFT', 'V04za0l2UE1oYjM=', 0, ''),
(86, 'INVOICE', NULL, 'Draft', '2015-08-24', '2015-08-24', 15, NULL, NULL, NULL, NULL, NULL, '', 'I_DRAFT', 'UmtCZmdvT3R4RDM=', 0, ''),
(87, 'INVOICE', NULL, 'Draft', '2015-08-24', '2015-08-24', 15, NULL, 16, 10, 0, NULL, '', 'I_DRAFT', 'TGZSYW1pUVlrUDM=', 0, ''),
(88, 'INVOICE', NULL, 'Draft', '2015-08-25', '2015-08-25', 15, NULL, 10, 0, 0, NULL, '', 'I_DRAFT', 'T0JsVFV3YnNJVzM=', 0, ''),
(90, 'INVOICE', NULL, 'Draft', '2015-08-26', '2015-08-26', 15, NULL, NULL, NULL, NULL, NULL, '', 'I_DRAFT', 'Um5zU09nU1Y1TTM=', 0, ''),
(92, 'INVOICE', NULL, 'Draft', '2015-08-26', '2015-08-26', 15, NULL, NULL, NULL, NULL, NULL, '', 'I_DRAFT', 'bjlTQ0xicFdJZzM=', 0, ''),
(93, 'INVOICE', NULL, 'Draft', '2015-08-27', '2015-08-27', 15, NULL, NULL, NULL, NULL, NULL, '', 'I_DRAFT', 'WUVtWW5oa0pRTzM=', 0, ''),
(94, 'INVOICE', NULL, 'Draft', '2015-08-27', '2015-08-27', 15, NULL, NULL, NULL, NULL, NULL, '', 'I_DRAFT', 'NVNENURwMVdaZzM=', 0, ''),
(95, 'INVOICE', NULL, 'Draft', '2015-08-27', '2015-08-27', 15, NULL, NULL, NULL, NULL, NULL, '', 'I_DRAFT', 'SkxZelJ0UkR5UDM=', 0, ''),
(98, 'INVOICE', NULL, 'I-20150000017', '2015-08-28', '2015-08-28', 15, NULL, 8, 7, 8, NULL, '', 'I_OPEN', 'MlpqM3lCTUJPYTM=', 0, ''),
(99, 'INVOICE', NULL, 'I-20150000018', '2015-08-28', '2015-08-28', 15, NULL, 8, 7, 8, NULL, '', 'I_OPEN', 'YUg5QmFaeDVCQjM=', 0, ''),
(100, 'INVOICE', NULL, 'I-20150000019', '2015-08-28', '2015-08-28', 15, NULL, 8, 7, 8, NULL, '', 'I_OPEN', 'VW5HVGpnTlFPUjM=', 0, ''),
(101, 'INVOICE', NULL, 'Draft', '2015-09-01', '2015-09-01', 18, NULL, NULL, NULL, NULL, NULL, '', 'I_DRAFT', 'NGpWODVvMldJUzM=', 0, ''),
(102, 'INVOICE', NULL, 'Draft', '2015-09-08', '2015-09-08', 18, NULL, NULL, NULL, NULL, NULL, '', 'I_DRAFT', 'SVF2R2F4U1Z5eTM=', 0, ''),
(103, 'INVOICE', NULL, 'Draft', '2015-09-09', '2015-09-09', 18, NULL, 23, 0, 0, NULL, '', 'I_DRAFT', 'UXRmaHYyWGI5MzM=', 0, ''),
(104, 'INVOICE', NULL, 'I-20150000022', '2015-09-09', '2015-09-09', 18, NULL, 7, 2, 0, NULL, '', 'I_OPEN', 'R3JNNm1ibHE1dTM=', 0, ''),
(105, 'INVOICE', NULL, 'Draft', '2015-09-13', '2015-09-13', 18, NULL, NULL, NULL, NULL, NULL, '', 'I_DRAFT', 'ZGhNeWRmUk11VzM=', 0, ''),
(106, 'INVOICE', NULL, 'Draft', '2015-09-13', '2015-09-13', 18, NULL, NULL, NULL, NULL, NULL, '', 'I_DRAFT', 'YnNGT2QzdldEVzM=', 0, ''),
(107, 'INVOICE', NULL, 'Draft', '2015-09-14', '2015-09-14', 18, NULL, NULL, NULL, NULL, NULL, '', 'I_WRITTEN_OFF', 'RWZSdWVBcFU3QjM=', 0, ''),
(109, 'INVOICE', NULL, 'Draft', '2015-09-16', '2015-09-16', 18, NULL, NULL, NULL, NULL, NULL, '', 'I_DRAFT', 'YU5CUUVtRWRwWDM=', 0, ''),
(111, 'INVOICE', NULL, 'Draft', '2015-09-17', '2015-09-17', 18, NULL, NULL, NULL, NULL, NULL, '', 'I_DRAFT', 'Q3ZjdW80WUhJSDM=', 0, ''),
(112, 'INVOICE', NULL, 'Draft', '2015-09-17', '2015-09-17', 18, NULL, NULL, NULL, NULL, NULL, '', 'I_DRAFT', 'd2JjUkQ3Ykh3bDM=', 0, ''),
(113, 'INVOICE', NULL, 'I-20150000020', '2015-09-19', '2015-09-19', 18, NULL, 8, 4, 0, 'test subject', '', 'I_WRITTEN_OFF', 'UHYzdWtRdEpNcDM=', 0, ''),
(114, 'INVOICE', NULL, 'Draft', '2015-09-21', '2015-09-21', 18, NULL, NULL, NULL, NULL, NULL, '', 'I_DRAFT', 'ZmNldDlDclB3bDM=', 0, ''),
(115, 'INVOICE', NULL, 'Draft', '2015-09-23', '2015-09-23', 18, NULL, NULL, NULL, NULL, NULL, '', 'I_WRITTEN_OFF', 'UjBvZmFtS2dKRTM=', 0, ''),
(116, 'INVOICE', NULL, 'I-20150000021', '2015-09-25', '2015-09-25', 18, NULL, 16, 10, 0, NULL, 'this is a test', 'I_OPEN', 'eUIxZ28ybk1LdTM=', 0, ''),
(117, 'INVOICE', NULL, 'Draft', '2015-09-25', '2015-09-25', 18, NULL, 8, 4, 0, NULL, '', 'I_DRAFT', 'bGR0ZzlsUllZSjM=', 0, ''),
(118, 'INVOICE', NULL, 'Draft', '2015-09-25', '2015-09-25', 18, NULL, NULL, NULL, NULL, NULL, '', 'I_DRAFT', 'Vko2clVOem9lVzM=', 0, ''),
(119, 'INVOICE', NULL, 'Draft', '2015-09-26', '2015-09-26', 18, NULL, NULL, NULL, NULL, NULL, '', 'I_DRAFT', 'YzB6TmQyNTMweDM=', 0, ''),
(120, 'INVOICE', NULL, 'Draft', '2015-09-27', '2015-09-27', 18, NULL, NULL, NULL, NULL, NULL, '', 'I_DRAFT', 'eXlEc3pIaDkzNjM=', 0, ''),
(121, 'INVOICE', NULL, 'Draft', '2015-09-27', '2015-09-27', 18, NULL, NULL, NULL, NULL, NULL, '', 'I_DRAFT', 'N0J6NlhaMzZNWTM=', 0, ''),
(122, 'INVOICE', NULL, 'Draft', '2015-09-27', '2015-09-27', 18, NULL, NULL, NULL, NULL, NULL, '', 'I_DRAFT', 'bVJBMXpIUHdTSDM=', 0, ''),
(123, 'INVOICE', NULL, 'Draft', '2015-09-27', '2015-09-27', 18, NULL, NULL, NULL, NULL, NULL, '', 'I_DRAFT', 'aERSamRDNjR2OTQ=', 0, ''),
(124, 'INVOICE', NULL, 'Draft', '2015-09-28', '2015-09-28', 18, NULL, NULL, NULL, NULL, NULL, '', 'I_DRAFT', 'MkhENXFqampRYzQ=', 0, ''),
(125, 'INVOICE', NULL, 'Draft', '2015-09-28', '2015-09-28', 18, NULL, NULL, NULL, NULL, NULL, '', 'I_DRAFT', 'ZklRQ1BKV1RmUjQ=', 0, ''),
(126, 'INVOICE', NULL, 'Draft', '2015-09-29', '2015-09-29', 18, NULL, NULL, NULL, NULL, NULL, '', 'I_WRITTEN_OFF', 'NFdITVRBalhvRjQ=', 0, ''),
(127, 'INVOICE', NULL, 'Draft', '2015-10-03', '2015-10-03', 18, NULL, NULL, NULL, NULL, NULL, '', 'I_DRAFT', 'TTA4YnVyeUE3NTQ=', 0, ''),
(128, 'INVOICE', NULL, 'Draft', '2015-10-03', '2015-10-03', 18, NULL, 20, 0, 0, NULL, '', 'I_DRAFT', 'N0IzeXpuMWY5RjQ=', 0, ''),
(129, 'INVOICE', NULL, 'Draft', '2015-10-06', '2015-10-06', 18, NULL, 9, 3, 0, NULL, '', 'I_DRAFT', 'ZEJaYmxEVHVZMzQ=', 0, ''),
(130, 'INVOICE', NULL, 'Draft', '2015-10-06', '2015-10-06', 18, NULL, NULL, NULL, NULL, NULL, '', 'I_DRAFT', 'dXlZVWpFVEhyTDQ=', 0, ''),
(131, 'INVOICE', NULL, 'Draft', '2015-10-06', '2015-10-06', 18, NULL, NULL, NULL, NULL, NULL, '', 'I_DRAFT', 'MkZvS2hYbWFqZTQ=', 0, ''),
(132, 'INVOICE', NULL, 'Draft', '2015-10-06', '2015-10-06', 18, NULL, NULL, NULL, NULL, NULL, '', 'I_DRAFT', 'dUswdTV4T0Z2VDQ=', 0, ''),
(133, 'INVOICE', NULL, 'Draft', '2015-10-06', '2015-10-06', 18, NULL, 20, 0, 0, NULL, '', 'I_DRAFT', 'VXV3b2M1cVdMZDQ=', 0, ''),
(134, 'INVOICE', NULL, 'Draft', '2015-10-06', '2015-10-06', 18, NULL, NULL, NULL, NULL, NULL, '', 'I_DRAFT', 'WFlSRkdkNmF1MTQ=', 0, ''),
(135, 'INVOICE', NULL, 'Draft', '2015-10-06', '2015-10-06', 18, NULL, NULL, NULL, NULL, NULL, '', 'I_DRAFT', 'dW5mVHlkMUlYSjQ=', 0, ''),
(136, 'INVOICE', NULL, 'Draft', '2015-10-06', '2015-10-06', 18, NULL, NULL, NULL, NULL, NULL, '', 'I_DRAFT', 'Rm43enR6eG5MTDQ=', 0, ''),
(137, 'INVOICE', NULL, 'Draft', '2015-10-07', '2015-10-07', 18, NULL, NULL, NULL, NULL, NULL, '', 'I_DRAFT', 'MzkyOXA0MHpHdjQ=', 0, ''),
(138, 'INVOICE', NULL, 'Draft', '2015-10-09', '2015-10-09', 18, NULL, NULL, NULL, NULL, NULL, '', 'I_DRAFT', 'cnRBOGdrNHh6eDQ=', 0, ''),
(139, 'INVOICE', NULL, 'Draft', '2015-10-10', '2015-10-10', 18, NULL, NULL, NULL, NULL, NULL, '', 'I_DRAFT', 'TXJPUEE2cWI4eDQ=', 0, ''),
(140, 'INVOICE', NULL, 'I-20150000023', '2015-10-12', '2015-10-12', 18, NULL, 20, 11, 0, 'factura de compra', '', 'I_PAID', 'ZWlPUXA0UlBSczQ=', 0, ''),
(141, 'INVOICE', NULL, 'Draft', '2015-10-13', '2015-10-13', 18, NULL, NULL, NULL, NULL, NULL, '', 'I_DRAFT', 'OXlDNlpVTlN0bTU=', 0, ''),
(143, 'INVOICE', NULL, 'Draft', '2015-10-13', '2015-10-13', 18, NULL, NULL, NULL, NULL, NULL, '', 'I_DRAFT', 'SGJkWWRiWjFNNjU=', 0, ''),
(144, 'INVOICE', NULL, 'Draft', '2015-10-13', '2015-10-13', 18, NULL, NULL, NULL, NULL, NULL, '', 'I_DRAFT', 'QlVDMXNoT3ZwYjU=', 0, ''),
(146, 'INVOICE', NULL, 'I-20150000024', '2015-10-14', '2015-10-14', 18, NULL, 21, 0, 0, NULL, '', 'I_OPEN', 'M3pUSVZaOXVIcTU=', 0, ''),
(147, 'INVOICE', NULL, 'Draft', '2015-10-14', '2015-10-14', 18, NULL, NULL, NULL, NULL, NULL, '', 'I_DRAFT', 'QzlYc3FNWWJnTDU=', 0, ''),
(148, 'INVOICE', NULL, 'Draft', '2015-10-14', '2015-10-14', 18, NULL, NULL, NULL, NULL, NULL, '', 'I_WRITTEN_OFF', 'WDJoRTAyMWNxRTY=', 0, ''),
(149, 'INVOICE', NULL, 'Draft', '2015-10-14', '2015-10-14', 18, NULL, NULL, NULL, NULL, NULL, '', 'I_DRAFT', 'R1F1NnRQUXJyYjY=', 0, ''),
(150, 'INVOICE', NULL, 'Draft', '2015-10-14', '2015-10-14', 18, NULL, NULL, NULL, NULL, NULL, '', 'I_DRAFT', 'WTdXcU9FTVppZzY=', 0, ''),
(151, 'INVOICE', NULL, 'Draft', '2015-10-14', '2015-10-14', 18, NULL, NULL, NULL, NULL, NULL, '', 'I_DRAFT', 'UFVpZTNvYUFaVjY=', 0, ''),
(152, 'INVOICE', NULL, 'Draft', '2015-10-14', '2015-10-14', 18, NULL, NULL, NULL, NULL, NULL, '', 'I_WRITTEN_OFF', 'SkFnOVNjWUlNSDY=', 0, ''),
(153, 'INVOICE', NULL, 'Draft', '2015-10-14', '2015-10-14', 18, NULL, NULL, NULL, NULL, NULL, '', 'I_DRAFT', 'bmNQSG1IUXFzaTY=', 0, ''),
(154, 'INVOICE', NULL, 'Draft', '2015-10-14', '2015-10-14', 18, NULL, NULL, NULL, NULL, NULL, '', 'I_DRAFT', 'M0piT3Z4dFp5VDY=', 0, ''),
(155, 'INVOICE', NULL, 'Draft', '2015-10-14', '2015-10-14', 18, NULL, NULL, NULL, NULL, NULL, '', 'I_DRAFT', 'UGZzbW9CN1BxdzY=', 0, ''),
(157, 'INVOICE', NULL, 'Draft', '2015-10-14', '2015-10-14', NULL, NULL, NULL, NULL, NULL, NULL, NULL, 'I_DRAFT', 'b0lWMUtJQWFxdTE=', 0, ''),
(158, 'INVOICE', NULL, 'I-20150000001', '2015-10-14', '2015-10-14', NULL, NULL, 24, 0, 0, NULL, NULL, 'I_OPEN', 'cUJoSjdZOElHaDA=', 0, ''),
(159, 'INVOICE', NULL, 'Draft', '2015-10-15', '2015-10-15', 18, NULL, NULL, NULL, NULL, NULL, '', 'I_DRAFT', 'QjhXZXJqUXZCcjY=', 0, ''),
(160, 'INVOICE', NULL, 'Draft', '2015-10-16', '2015-10-16', 18, NULL, NULL, NULL, NULL, NULL, '', 'I_DRAFT', 'cWFFTXlrUEljaDY=', 0, ''),
(161, 'INVOICE', NULL, 'Draft', '2015-10-19', '2015-10-19', 18, NULL, NULL, NULL, NULL, NULL, '', 'I_DRAFT', 'ZEI2YWRVbFpkYTY=', 0, ''),
(162, 'INVOICE', NULL, 'Draft', '2015-10-19', '2015-10-19', 18, NULL, NULL, NULL, NULL, NULL, '', 'I_DRAFT', 'dHlXNEVvbHhZRDY=', 0, ''),
(163, 'INVOICE', NULL, 'I-20150000025', '2015-10-19', '2015-10-19', 18, NULL, 10, 0, 0, NULL, '', 'I_PAID', 'c1ZGUUFSTGozeTY=', 0, ''),
(164, 'INVOICE', NULL, 'Draft', '2015-10-21', '2015-10-21', 18, NULL, 15, 0, 0, NULL, '', 'I_DRAFT', 'czU0U0QxTnlweDY=', 0, ''),
(165, 'INVOICE', NULL, 'Draft', '2015-10-21', '2015-10-21', 18, NULL, NULL, NULL, NULL, NULL, '', 'I_DRAFT', 'amlmenNHMndPUjY=', 0, ''),
(166, 'INVOICE', NULL, 'Draft', '2015-10-24', '2015-10-24', 18, NULL, NULL, NULL, NULL, NULL, '', 'I_DRAFT', 'eVl1UTZMWTJvUTY=', 0, ''),
(167, 'INVOICE', NULL, 'I-20150000026', '2015-10-24', '2015-10-24', 18, NULL, 21, 0, 0, NULL, '', 'I_OPEN', 'UklhejVRdXVUUzY=', 0, ''),
(168, 'INVOICE', NULL, 'Draft', '2015-10-25', '2015-10-25', 25, 12, NULL, NULL, NULL, NULL, '', 'I_DRAFT', 'aTBrU1hxS0pYaDY=', 0, ''),
(169, 'INVOICE', NULL, 'Draft', '2015-10-25', '2015-10-25', 25, 12, NULL, NULL, NULL, NULL, 'ab100', 'I_WRITTEN_OFF', 'Rk14QWZjYXMwajY=', 0, 'AB100'),
(170, 'INVOICE', NULL, 'Draft', '2015-10-25', '2015-10-25', 25, 12, NULL, NULL, NULL, NULL, '', 'I_DRAFT', 'dkkwRXo4YWkzZDY=', 0, ''),
(171, 'INVOICE', NULL, 'Draft', '2015-10-26', '2015-10-26', 25, 12, NULL, NULL, NULL, NULL, '', 'I_DRAFT', 'd0R3SFJhdFZXQjY=', 0, ''),
(172, 'INVOICE', NULL, 'I-20150000027', '2015-10-26', '2015-10-26', 25, 12, 11, 5, 0, NULL, '', 'I_OPEN', 'cmFIaGF1SjNlRzY=', 0, ''),
(173, 'INVOICE', NULL, 'Draft', '2015-10-26', '2015-10-26', 25, 12, NULL, NULL, NULL, NULL, '', 'I_DRAFT', 'RXNyU09tVUpObTY=', 0, ''),
(174, 'INVOICE', NULL, 'Draft', '2015-10-27', '2015-10-27', 25, 12, NULL, NULL, NULL, 'ugug\nnlkjhkljhn\nmnijklj', 'oihiouyhiuh', 'I_DRAFT', 'bng2Q2RxdmN4dTY=', 0, ''),
(175, 'INVOICE', NULL, 'Draft', '2015-10-28', '2015-10-28', 25, 12, NULL, NULL, NULL, NULL, '', 'I_DRAFT', 'WXZYUWs0TnRuWjY=', 0, ''),
(176, 'INVOICE', NULL, 'Draft', '2015-10-28', '2015-10-28', 25, 12, NULL, NULL, NULL, NULL, '', 'I_DRAFT', 'Vk5RUUhWRDBqNzY=', 0, ''),
(177, 'INVOICE', NULL, 'Draft', '2015-10-28', '2015-10-28', 25, 12, NULL, NULL, NULL, NULL, '', 'I_DRAFT', 'SENnSkVRVDBqbTY=', 0, ''),
(178, 'INVOICE', NULL, 'I-20150000028', '2015-10-29', '2015-10-29', 25, 12, 9, 3, 0, NULL, '', 'I_WRITTEN_OFF', 'YkVrbU42UlFlTzY=', 0, ''),
(179, 'INVOICE', NULL, 'Draft', '2015-10-29', '2015-10-29', 25, 12, NULL, NULL, NULL, NULL, '', 'I_DRAFT', 'aWxXa2Z0TDNyZTY=', 0, ''),
(180, 'INVOICE', NULL, 'Draft', '2015-10-29', '2015-10-29', 25, 12, NULL, NULL, NULL, NULL, '', 'I_DRAFT', 'MmVjRnRVUUtoTzY=', 0, ''),
(181, 'INVOICE', NULL, 'Draft', '2015-10-30', '2015-10-30', 25, 12, NULL, NULL, NULL, NULL, '', 'I_DRAFT', 'Tk13SkVCTnI0STY=', 0, ''),
(182, 'INVOICE', NULL, 'Draft', '2015-10-30', '2015-10-30', 25, 12, 8, 4, 0, NULL, '', 'I_WRITTEN_OFF', 'ejVUbjZheHNjQzY=', 0, ''),
(183, 'INVOICE', NULL, 'Draft', '2015-11-01', '2015-11-01', 25, 12, NULL, NULL, NULL, NULL, '', 'I_DRAFT', 'RFNqSWIwS3VsRDY=', 0, ''),
(184, 'INVOICE', NULL, 'Draft', '2015-11-04', '2015-11-04', 25, 12, NULL, NULL, NULL, NULL, '', 'I_DRAFT', 'aU90a01FbVpiUTY=', 0, ''),
(185, 'INVOICE', NULL, 'Draft', '2015-11-09', '2015-11-09', 25, 12, NULL, NULL, NULL, NULL, '', 'I_DRAFT', 'eTJlTXZqWkpjRjY=', 0, ''),
(186, 'INVOICE', NULL, 'Draft', '2015-11-10', '2015-11-10', 25, 12, NULL, NULL, NULL, NULL, '', 'I_DRAFT', 'MkRPOUkxSVlsUTY=', 0, ''),
(187, 'INVOICE', NULL, 'Draft', '2015-11-11', '2015-11-11', 25, 12, 26, 13, 0, NULL, '', 'I_DRAFT', 'NkVNQTdYNnpuZDY=', 0, ''),
(188, 'INVOICE', NULL, 'Draft', '2015-11-13', '2015-11-13', 25, 12, NULL, NULL, NULL, NULL, '', 'I_DRAFT', 'cEtZUkdsQU5RRzY=', 0, ''),
(189, 'INVOICE', NULL, 'I-20150000029', '2015-11-15', '2015-11-15', 25, 12, 10, 0, 0, NULL, '', 'I_PAID', 'NFFMVEpJZWpGdzY=', 0, ''),
(190, 'INVOICE', NULL, 'Draft', '2015-11-17', '2015-11-17', 25, 12, NULL, NULL, NULL, NULL, '', 'I_DRAFT', 'Zm5QdU1ZcTBIRjY=', 0, ''),
(194, 'INVOICE', NULL, 'Draft', '2015-11-21', '2015-11-21', 25, 12, NULL, NULL, NULL, NULL, '', 'I_DRAFT', 'clp3YWhUUXRERTc=', 0, ''),
(195, 'INVOICE', NULL, 'Draft', '2015-11-21', '2015-11-21', 25, 12, NULL, NULL, NULL, NULL, '', 'I_DRAFT', 'NExYZFJQNjE4Tzc=', 0, ''),
(196, 'INVOICE', NULL, 'Draft', '2015-11-21', '2015-11-21', 25, 12, NULL, NULL, NULL, NULL, '', 'I_DRAFT', 'ekg2UVpOVXl2OTc=', 0, ''),
(197, 'INVOICE', NULL, 'Draft', '2015-11-23', '2015-11-23', 25, 12, NULL, NULL, NULL, NULL, '', 'I_DRAFT', 'U1Z2WUhGSnBxWTc=', 0, ''),
(198, 'INVOICE', NULL, 'Draft', '2015-11-23', '2015-11-23', 25, 12, NULL, NULL, NULL, NULL, '', 'I_DRAFT', 'Z2Z5cWpxbGszUzc=', 0, ''),
(199, 'INVOICE', NULL, 'Draft', '2015-11-23', '2015-11-23', 25, 12, 21, 0, 0, NULL, '', 'I_DRAFT', 'bFlaYmVMNVo4ejc=', 0, ''),
(200, 'INVOICE', NULL, 'Draft', '2015-11-23', '2015-11-23', 25, 12, NULL, NULL, NULL, NULL, '', 'I_DRAFT', 'VXN5QkJqT2tSRjc=', 0, ''),
(201, 'INVOICE', NULL, 'Draft', '2015-11-24', '2015-11-24', 25, 12, NULL, NULL, NULL, NULL, '', 'I_DRAFT', 'ZFN3Q0JxUXNjQjc=', 0, ''),
(202, 'INVOICE', NULL, 'Draft', '2015-11-24', '2015-11-24', 25, 12, NULL, NULL, NULL, NULL, '', 'I_DRAFT', 'N0JRUUNubWJFSjc=', 0, ''),
(203, 'INVOICE', NULL, 'Draft', '2015-11-24', '2015-11-24', 25, 12, 14, 9, 0, NULL, '', 'I_DRAFT', 'T1NFaXVJZ1A1azc=', 0, ''),
(204, 'INVOICE', NULL, 'Draft', '2015-11-24', '2015-11-24', 25, 12, NULL, NULL, NULL, NULL, '', 'I_DRAFT', 'YkZmNFNQT2tubzc=', 0, ''),
(205, 'INVOICE', NULL, 'Draft', '2015-11-25', '2015-11-25', 25, 12, NULL, NULL, NULL, NULL, '', 'I_DRAFT', 'TGg3bzBKT0Z6OTc=', 0, ''),
(206, 'INVOICE', NULL, 'Draft', '2015-11-25', '2015-11-25', 25, 12, NULL, NULL, NULL, NULL, '', 'I_DRAFT', 'cFB3WlhDc2dpUjc=', 0, ''),
(207, 'INVOICE', NULL, 'Draft', '2015-11-26', '2015-11-26', 25, 12, NULL, NULL, NULL, NULL, '', 'I_DRAFT', 'WEFaTmxsTkQ1bzc=', 0, ''),
(208, 'INVOICE', NULL, 'Draft', '2015-11-26', '2015-11-26', 25, 12, NULL, NULL, NULL, NULL, '', 'I_DRAFT', 'dFJuSzJnQ1JlUjc=', 0, ''),
(209, 'INVOICE', NULL, 'Draft', '2015-11-26', '2015-11-26', 25, 12, NULL, NULL, NULL, NULL, '', 'I_DRAFT', 'cTZxRllqa3RrQjc=', 0, ''),
(210, 'INVOICE', NULL, 'Draft', '2015-11-27', '2015-11-27', 25, 12, 7, 2, 0, NULL, '', 'I_DRAFT', 'UHg0V29QOWJ2Nzc=', 0, ''),
(211, 'INVOICE', NULL, 'I-20150000030', '2015-11-28', '2015-11-28', 25, 12, 14, 9, 0, 'Testing Invoice', '', 'I_PAID', 'Vkl5cFJIS0piVzc=', 0, ''),
(212, 'INVOICE', NULL, 'I-20150000031', '2015-11-28', '2015-11-28', 25, 12, 20, 11, 0, NULL, '', 'I_OPEN', 'OTNZTEJRbXlFdTc=', 0, ''),
(213, 'INVOICE', NULL, 'Draft', '2015-11-29', '2015-11-29', 25, 12, NULL, NULL, NULL, NULL, '', 'I_DRAFT', 'c1lsUE52c1Y4Tzc=', 0, ''),
(214, 'INVOICE', NULL, 'Draft', '2015-11-29', '2015-11-29', 25, 12, NULL, NULL, NULL, NULL, '', 'I_DRAFT', 'MXRDWldMWHBDQjc=', 0, ''),
(215, 'INVOICE', NULL, 'Draft', '2015-11-29', '2015-11-29', 25, 12, NULL, NULL, NULL, NULL, '', 'I_DRAFT', 'WEpja25yUUgzVTc=', 0, ''),
(216, 'INVOICE', NULL, 'Draft', '2015-11-30', '2015-11-30', 25, 12, 21, 0, 0, NULL, '', 'I_DRAFT', 'TVVENlViT0JYTDc=', 0, ''),
(217, 'INVOICE', NULL, 'Draft', '2015-12-01', '2015-12-01', 25, 12, NULL, NULL, NULL, NULL, '', 'I_DRAFT', 'ZEdlQ3VIOXpSbTc=', 0, ''),
(218, 'INVOICE', NULL, 'Draft', '2015-12-02', '2015-12-02', 25, 12, NULL, NULL, NULL, NULL, '', 'I_DRAFT', 'N3ozSUhpVWlIZjc=', 0, ''),
(219, 'INVOICE', NULL, 'Draft', '2015-12-02', '2015-12-02', 25, 12, NULL, NULL, NULL, NULL, '', 'I_DRAFT', 'ZUhuUzZvQ3NYMTc=', 0, ''),
(220, 'INVOICE', NULL, 'Draft', '2015-12-02', '2015-12-02', 25, 12, NULL, NULL, NULL, NULL, '', 'I_DRAFT', 'aEZsVmRBNk5Xcjc=', 0, ''),
(221, 'INVOICE', NULL, 'Draft', '2015-12-02', '2015-12-02', 25, 12, NULL, NULL, NULL, NULL, '', 'I_DRAFT', 'RkhNREJQNFNFZjc=', 0, ''),
(222, 'INVOICE', NULL, 'Draft', '2015-12-03', '2015-12-03', 25, 12, NULL, NULL, NULL, NULL, '', 'I_DRAFT', 'bXhZd0ZDdHc5MTc=', 0, ''),
(223, 'INVOICE', NULL, 'Draft', '2015-12-03', '2015-12-03', 25, 12, NULL, NULL, NULL, NULL, '', 'I_DRAFT', 'bmUzSnFhME5zUjc=', 0, ''),
(224, 'INVOICE', NULL, 'I-20150000032', '2015-12-04', '2015-12-04', 25, 12, 7, 2, 2, NULL, '', 'I_OPEN', 'VG82SDBGRXZPdzc=', 0, ''),
(225, 'INVOICE', NULL, 'Draft', '2015-12-04', '2015-12-04', 25, 12, NULL, NULL, NULL, NULL, '', 'I_DRAFT', 'Q2pmTVBmMUt3Vjc=', 0, ''),
(226, 'INVOICE', NULL, 'Draft', '2015-12-06', '2015-12-06', 25, 12, NULL, NULL, NULL, NULL, '', 'I_DRAFT', 'OVJvVTA5T0FEbTc=', 0, ''),
(228, 'INVOICE', NULL, 'Draft', '2015-12-08', '2015-12-08', 25, 12, NULL, NULL, NULL, NULL, '', 'I_DRAFT', 'WE9VaEhsVm1NQTc=', 0, ''),
(229, 'INVOICE', NULL, 'Draft', '2015-12-18', '2015-12-18', 25, 12, NULL, NULL, NULL, NULL, '', 'I_DRAFT', 'YnR5b2FRWkpNZTc=', 0, ''),
(230, 'INVOICE', NULL, 'Draft', '2015-12-18', '2015-12-18', 25, 12, NULL, NULL, NULL, NULL, '', 'I_DRAFT', 'WXlmSkdiU3FVUzc=', 0, ''),
(231, 'INVOICE', NULL, 'Draft', '2015-12-19', '2015-12-19', 25, 12, NULL, NULL, NULL, NULL, '', 'I_DRAFT', 'M1p2MGtZNGpuWDc=', 0, ''),
(232, 'INVOICE', NULL, 'Draft', '2015-12-19', '2015-12-19', 25, 12, NULL, NULL, NULL, NULL, '', 'I_DRAFT', 'VVlMTzdrVEY5YTg=', 0, ''),
(233, 'INVOICE', NULL, 'Draft', '2015-12-19', '2015-12-19', 25, 12, NULL, NULL, NULL, NULL, '', 'I_DRAFT', 'ODRtUHZodmxETzg=', 0, ''),
(234, 'INVOICE', NULL, 'Draft', '2015-12-19', '2015-12-19', 25, 12, NULL, NULL, NULL, NULL, '', 'I_DRAFT', 'SmNLT1VSOE5rdDg=', 0, ''),
(235, 'INVOICE', NULL, 'Draft', '2015-12-19', '2015-12-19', 25, 12, 10, 0, 0, NULL, '', 'I_DRAFT', 'YnlLU2dBQmlmSjg=', 0, ''),
(236, 'INVOICE', NULL, 'Draft', '2015-12-21', '2015-12-21', 25, 12, NULL, NULL, NULL, NULL, '', 'I_DRAFT', 'Ykp2aU5NeHNVYzg=', 0, ''),
(237, 'INVOICE', NULL, 'Draft', '2015-12-23', '2015-12-23', 25, 12, NULL, NULL, NULL, NULL, '', 'I_DRAFT', 'NzNuZEYzdkxNTjk=', 0, ''),
(238, 'INVOICE', NULL, 'Draft', '2015-12-23', '2015-12-23', 25, 12, NULL, NULL, NULL, NULL, '', 'I_DRAFT', 'RjdRUjlPbkd1QTk=', 0, ''),
(239, 'INVOICE', NULL, 'Draft', '2015-12-24', '2015-12-24', 25, 12, NULL, NULL, NULL, NULL, '', 'I_DRAFT', 'eVhUSGRKUTZDcjk=', 0, ''),
(240, 'INVOICE', NULL, 'Draft', '2015-12-26', '2015-12-26', 25, 12, NULL, NULL, NULL, NULL, '', 'I_DRAFT', 'U2YzZlhneGpWMTk=', 0, ''),
(241, 'INVOICE', NULL, 'Draft', '2015-12-27', '2015-12-27', 25, 12, NULL, NULL, NULL, NULL, 'Haftungsausschluss', 'I_DRAFT', 'eFBXMWtzOTVpZjk=', 0, ''),
(242, 'INVOICE', NULL, 'Draft', '2015-12-28', '2015-12-28', 25, 12, NULL, NULL, NULL, NULL, '', 'I_DRAFT', 'ZVd6ZndpQ2F0OTk=', 0, ''),
(243, 'INVOICE', NULL, 'Draft', '2015-12-29', '2015-12-29', 25, 12, NULL, NULL, NULL, NULL, '', 'I_DRAFT', 'WlVlQnBnajh0VDk=', 0, ''),
(244, 'INVOICE', NULL, 'Draft', '2015-12-29', '2015-12-29', 25, 12, NULL, NULL, NULL, NULL, '', 'I_DRAFT', 'U0FZaUU4b3dFTzEx', 0, ''),
(245, 'INVOICE', NULL, 'Draft', '2015-12-29', '2015-12-29', 25, 12, 8, 4, 0, NULL, '', 'I_DRAFT', 'Q1dYVkgxMWJDRDEx', 0, ''),
(246, 'INVOICE', NULL, 'Draft', '2015-12-29', '2015-12-29', 25, 12, NULL, NULL, NULL, NULL, '', 'I_DRAFT', 'dnVHQ0ZIM2FJNjEx', 0, ''),
(247, 'INVOICE', NULL, 'I-20150000033', '2015-12-29', '2015-12-29', 25, 12, 10, 0, 0, NULL, '', 'I_PAID', 'VndhbDc1WEJVaDEx', 0, ''),
(249, 'INVOICE', NULL, 'I-20160000034', '2015-12-31', '2015-12-31', 25, 12, 10, 0, 0, NULL, '', 'I_WRITTEN_OFF', 'UnkycU01UVRLeTEx', 0, ''),
(250, 'INVOICE', NULL, 'Draft', '2016-01-03', '2016-01-03', 25, 12, NULL, NULL, NULL, NULL, '', 'I_DRAFT', 'V25zN2laRnNVMDEx', 0, ''),
(251, 'INVOICE', NULL, 'Draft', '2016-01-03', '2016-01-03', 25, 12, NULL, NULL, NULL, NULL, '', 'I_DRAFT', 'UTlBSk1taEtwQjEx', 0, ''),
(252, 'INVOICE', NULL, 'Draft', '2016-01-04', '2016-01-04', 25, 12, 9, 3, 3, NULL, '', 'I_DRAFT', 'QUwzQVdnS1lQUzEx', 0, ''),
(253, 'INVOICE', NULL, 'Draft', '2016-01-04', '2016-01-04', 25, 12, NULL, NULL, NULL, NULL, '', 'I_DRAFT', 'akpWaDRDM296ZjEx', 0, ''),
(254, 'INVOICE', NULL, 'Draft', '2016-01-04', '2016-01-04', 25, 12, NULL, NULL, NULL, NULL, '', 'I_DRAFT', 'WTJoOGZRd3l2SjEx', 0, ''),
(255, 'INVOICE', NULL, 'I-20160000035', '2016-01-04', '2016-01-04', 25, 12, 8, 3, 3, NULL, '', 'I_OPEN', 'S0RxZkZhRWFiNDEx', 0, '');

-- --------------------------------------------------------

--
-- Table structure for table `lb_invoice_items`
--

CREATE TABLE IF NOT EXISTS `lb_invoice_items` (
  `lb_record_primary_key` int(11) NOT NULL AUTO_INCREMENT,
  `lb_invoice_id` int(11) NOT NULL,
  `lb_invoice_item_type` char(60) COLLATE utf8_unicode_ci NOT NULL COMMENT 'LINE_ITEM, DISCOUNT, TAX',
  `lb_invoice_item_description` varchar(255) COLLATE utf8_unicode_ci DEFAULT NULL,
  `lb_invoice_item_quantity` decimal(10,2) NOT NULL DEFAULT '0.00',
  `lb_invoice_item_value` decimal(10,2) NOT NULL DEFAULT '0.00',
  `lb_invoice_item_total` decimal(10,2) NOT NULL DEFAULT '0.00',
  PRIMARY KEY (`lb_record_primary_key`)
) ENGINE=InnoDB  DEFAULT CHARSET=utf8 COLLATE=utf8_unicode_ci AUTO_INCREMENT=618 ;

--
-- Dumping data for table `lb_invoice_items`
--

INSERT INTO `lb_invoice_items` (`lb_record_primary_key`, `lb_invoice_id`, `lb_invoice_item_type`, `lb_invoice_item_description`, `lb_invoice_item_quantity`, `lb_invoice_item_value`, `lb_invoice_item_total`) VALUES
(1, 1, 'LINE', 'Awesome app developmentcxv', 1.00, 10000.00, 10000.00),
(3, 1, 'TAX', '1', 1.00, 7.00, 28119.56),
(4, 2, 'LINE', NULL, 1.00, 0.00, 0.00),
(5, 2, 'TAX', '1', 1.00, 7.00, 0.00),
(6, 3, 'LINE', NULL, 1.00, 0.00, 0.00),
(7, 3, 'TAX', '1', 1.00, 7.00, 0.00),
(8, 4, 'LINE', NULL, 1.00, 0.00, 0.00),
(9, 4, 'TAX', '1', 1.00, 7.00, 0.00),
(10, 5, 'LINE', 'LB app for iOS', 1.00, 5000.00, 5000.00),
(11, 5, 'TAX', '1', 1.00, 7.00, 364.00),
(12, 6, 'LINE', NULL, 1.00, 0.00, 0.00),
(13, 6, 'TAX', '1', 1.00, 7.00, 0.00),
(14, 7, 'LINE', NULL, 1.00, 0.00, 0.00),
(15, 7, 'TAX', '1', 1.00, 7.00, 0.00),
(16, 8, 'LINE', NULL, 1.00, 0.00, 0.00),
(17, 8, 'TAX', '1', 1.00, 7.00, 0.00),
(18, 9, 'LINE', NULL, 1.00, 0.00, 0.00),
(19, 9, 'TAX', '1', 1.00, 7.00, 0.00),
(20, 10, 'LINE', '', 1.00, 0.00, 0.00),
(21, 10, 'TAX', '1', 1.00, 7.00, 7051.10),
(22, 10, 'LINE', '', 1.00, 0.00, 0.00),
(23, 11, 'LINE', 'aaaa', 1.00, 23.00, 23.00),
(25, 11, 'LINE', 'bbbbb', 1.00, 20.00, 20.00),
(26, 11, 'LINE', '', 1.00, 0.00, 0.00),
(27, 12, 'LINE', '', 1.00, 0.00, 0.00),
(28, 12, 'TAX', '1', 1.00, 7.00, 1.54),
(29, 13, 'LINE', '', 1.00, 0.00, 0.00),
(30, 13, 'TAX', '4', 1.00, 10.00, 110.00),
(31, 14, 'LINE', '', 1.00, 0.00, 0.00),
(32, 14, 'TAX', '1', 1.00, 7.00, 14560.00),
(34, 15, 'TAX', '1', 1.00, 7.00, 0.00),
(35, 16, 'LINE', '', 1.00, 0.00, 0.00),
(36, 16, 'TAX', '1', 1.00, 7.00, 115.50),
(37, 17, 'LINE', 'ComputedR434333333333333333', 1.00, 200.00, 200.00),
(38, 17, 'TAX', '4', 1.00, 10.00, 2632.00),
(39, 17, 'LINE', 'aaaatytytytyty', 1.00, 200.00, 200.00),
(40, 17, 'LINE', 'aaaatytytytyty', 1.00, 200.00, 200.00),
(41, 18, 'LINE', NULL, 1.00, 0.00, 0.00),
(42, 18, 'TAX', '1', 1.00, 7.00, 0.00),
(43, 5, 'LINE', '', 1.00, 0.00, 0.00),
(44, 5, 'LINE', 'rerer', 1.00, 200.00, 200.00),
(45, 17, 'LINE', 'Kasur', 1.00, 20.00, 20.00),
(46, 19, 'LINE', 'House viewing appointment setting app', 1.00, 5000.00, 5000.00),
(48, 19, 'LINE', 'Implementation', 1.00, 50.00, 50.00),
(49, 20, 'LINE', NULL, 1.00, 0.00, 0.00),
(50, 20, 'TAX', '1', 1.00, 7.00, 0.00),
(51, 21, 'LINE', '', 1.00, 0.00, 0.00),
(52, 21, 'TAX', '1', 1.00, 7.00, 0.00),
(53, 21, 'LINE', NULL, 1.00, 0.00, 0.00),
(54, 22, 'LINE', 'aaaatytytytyty', 1.00, 200.00, 200.00),
(55, 22, 'TAX', '1', 1.00, 7.00, 14.00),
(56, 22, 'LINE', NULL, 1.00, 0.00, 0.00),
(57, 23, 'LINE', 'Computed', 2.00, 15.00, 30.00),
(58, 23, 'TAX', '1', 1.00, 7.00, 2.10),
(59, 24, 'LINE', NULL, 1.00, 0.00, 0.00),
(60, 24, 'TAX', '1', 1.00, 7.00, 0.00),
(61, 25, 'LINE', 'sdsd', 1.00, 0.00, 0.00),
(62, 25, 'TAX', '2', 1.00, 12.00, 0.00),
(63, 26, 'LINE', 'aaaatytytytyty', 1.00, 200.00, 200.00),
(64, 26, 'TAX', '1', 1.00, 7.00, 14.00),
(65, 26, 'LINE', NULL, 1.00, 0.00, 0.00),
(66, 27, 'LINE', NULL, 1.00, 0.00, 0.00),
(67, 27, 'TAX', '1', 1.00, 7.00, 0.00),
(68, 28, 'LINE', NULL, 1.00, 0.00, 0.00),
(69, 28, 'TAX', '1', 1.00, 7.00, 0.00),
(70, 29, 'LINE', 'bbbbb', 1.00, 20000.00, 20000.00),
(71, 29, 'TAX', '1', 1.00, 7.00, 2100.00),
(72, 29, 'LINE', 'Computed', 1.00, 10000.00, 10000.00),
(73, 30, 'LINE', 'Service Charge Silver Apartemen', 1.00, 518000.00, 518000.00),
(75, 31, 'LINE', 'aaaatytytytyty', 1.00, 200.00, 200.00),
(76, 31, 'TAX', '2', 1.00, 12.00, 93.60),
(77, 32, 'LINE', NULL, 1.00, 0.00, 0.00),
(78, 32, 'TAX', '1', 1.00, 7.00, 0.00),
(79, 31, 'LINE', 'aaaatytytytyty', 4.00, 200.00, 800.00),
(80, 31, 'DISCOUNT', 'Discount', 1.00, 220.00, 220.00),
(81, 33, 'LINE', NULL, 1.00, 0.00, 0.00),
(82, 33, 'TAX', '1', 1.00, 7.00, 0.00),
(83, 34, 'LINE', NULL, 1.00, 0.00, 0.00),
(84, 34, 'TAX', '1', 1.00, 7.00, 0.00),
(85, 35, 'LINE', 'dadsada', 1.00, 0.00, 0.00),
(86, 35, 'TAX', '1', 1.00, 7.00, 0.00),
(87, 36, 'LINE', '', 1.00, 0.00, 0.00),
(88, 36, 'TAX', '2', 1.00, 12.00, 0.00),
(90, 36, 'DISCOUNT', 'Discount', 1.00, 0.00, 0.00),
(91, 37, 'LINE', NULL, 1.00, 0.00, 0.00),
(92, 37, 'TAX', '1', 1.00, 7.00, 0.00),
(93, 38, 'LINE', NULL, 1.00, 0.00, 0.00),
(94, 38, 'TAX', '1', 1.00, 7.00, 0.00),
(95, 39, 'LINE', 'Computed', 1.00, 500.00, 500.00),
(96, 39, 'TAX', '2', 1.00, 12.00, 60.00),
(97, 40, 'LINE', NULL, 1.00, 0.00, 0.00),
(98, 40, 'TAX', '1', 1.00, 7.00, 0.00),
(99, 41, 'LINE', 'yyy', 1.00, 10.00, 10.00),
(100, 41, 'TAX', '1', 1.00, 7.00, 0.70),
(101, 42, 'LINE', NULL, 1.00, 0.00, 0.00),
(102, 42, 'TAX', '1', 1.00, 7.00, 0.00),
(103, 43, 'LINE', NULL, 1.00, 0.00, 0.00),
(104, 43, 'TAX', '1', 1.00, 7.00, 0.00),
(105, 44, 'LINE', NULL, 1.00, 0.00, 0.00),
(106, 44, 'TAX', '1', 1.00, 7.00, 0.00),
(107, 45, 'LINE', 'aaaatytytytyty', 1.00, 200.00, 200.00),
(108, 45, 'TAX', '1', 1.00, 7.00, 364.00),
(109, 45, 'TAX', '3', 1.00, 23.00, 1196.00),
(110, 45, 'LINE', 'HP Pavilion', 1.00, 5000.00, 5000.00),
(111, 46, 'LINE', 'C1276D\r\n', 1.00, 0.00, 0.00),
(112, 46, 'TAX', '1', 1.00, 7.00, 0.00),
(113, 47, 'LINE', 'gdsg', 1.00, 0.00, 0.00),
(114, 47, 'TAX', '1', 1.00, 7.00, 0.00),
(115, 48, 'LINE', 'fdf', 1.00, 5.00, 5.00),
(116, 48, 'TAX', '6', 1.00, 1.50, 2.38),
(117, 49, 'LINE', NULL, 1.00, 0.00, 0.00),
(118, 49, 'TAX', '1', 1.00, 7.00, 0.00),
(119, 50, 'LINE', NULL, 1.00, 0.00, 0.00),
(120, 50, 'TAX', '1', 1.00, 7.00, 0.00),
(121, 51, 'LINE', 'aaaaa', 1.00, 3.00, 3.00),
(122, 51, 'TAX', '1', 1.00, 7.00, 0.21),
(123, 52, 'LINE', NULL, 1.00, 0.00, 0.00),
(124, 52, 'TAX', '3', 1.00, 23.00, 0.00),
(125, 53, 'LINE', 'aaaatytytytyty', 1.00, 200.00, 200.00),
(126, 53, 'TAX', '3', 1.00, 23.00, 812.59),
(127, 53, 'LINE', 'HP Pavilion', 1.00, 3333.00, 3333.00),
(128, 41, 'LINE', '', 1.00, 0.00, 0.00),
(129, 41, 'LINE', NULL, 1.00, 0.00, 0.00),
(130, 54, 'LINE', NULL, 1.00, 0.00, 0.00),
(131, 54, 'TAX', '1', 1.00, 7.00, 0.00),
(132, 55, 'LINE', 'aaaa', 1.00, 1111100.00, 1111100.00),
(133, 55, 'TAX', '1', 1.00, 7.00, 77777.14),
(134, 55, 'LINE', 'sadfsdfs', 1.00, 2.00, 2.00),
(135, 56, 'LINE', 'mua xe tot', 1.00, 111.00, 111.00),
(136, 56, 'TAX', '2', 1.00, 12.00, 13.32),
(137, 57, 'LINE', NULL, 1.00, 0.00, 0.00),
(138, 57, 'TAX', '1', 1.00, 7.00, 0.00),
(139, 58, 'LINE', NULL, 1.00, 0.00, 0.00),
(140, 58, 'TAX', '1', 1.00, 7.00, 0.00),
(141, 59, 'LINE', NULL, 1.00, 0.00, 0.00),
(142, 59, 'TAX', 'null', 1.00, 0.00, 0.00),
(143, 60, 'LINE', 'adfasdfadfadf', 1.00, 50.00, 50.00),
(144, 60, 'TAX', '0', 1.00, 0.00, 0.00),
(145, 61, 'LINE', NULL, 1.00, 0.00, 0.00),
(146, 61, 'TAX', '1', 1.00, 7.00, 0.00),
(147, 62, 'LINE', '', 1.00, 0.00, 0.00),
(148, 62, 'TAX', '1', 1.00, 7.00, 0.00),
(149, 62, 'LINE', NULL, 1.00, 0.00, 0.00),
(150, 63, 'LINE', NULL, 1.00, 0.00, 0.00),
(151, 63, 'TAX', '1', 1.00, 7.00, 0.00),
(152, 64, 'LINE', NULL, 1.00, 0.00, 0.00),
(153, 64, 'TAX', '1', 1.00, 7.00, 0.00),
(154, 65, 'LINE', NULL, 1.00, 0.00, 0.00),
(155, 65, 'TAX', '1', 1.00, 7.00, 0.00),
(164, 68, 'LINE', '', 1.00, 0.00, 0.00),
(165, 68, 'TAX', '1', 1.00, 7.00, 0.00),
(166, 69, 'LINE', 'aaaatytytytyty', 1.00, 200.00, 200.00),
(167, 69, 'TAX', '2', 1.00, 12.00, 24.00),
(168, 70, 'LINE', NULL, 1.00, 0.00, 0.00),
(169, 70, 'TAX', '1', 1.00, 7.00, 0.00),
(170, 68, 'LINE', NULL, 1.00, 0.00, 0.00),
(171, 71, 'LINE', 'Computed', 1.00, 15000.00, 15000.00),
(172, 71, 'TAX', '1', 1.00, 7.00, 3150.00),
(173, 72, 'LINE', NULL, 1.00, 0.00, 0.00),
(175, 73, 'LINE', NULL, 1.00, 0.00, 0.00),
(176, 73, 'TAX', '1', 1.00, 7.00, 0.00),
(177, 74, 'LINE', 'aaaatytytytyty', 6.00, 200.00, 1200.00),
(178, 74, 'TAX', '1', 1.00, 7.00, 84.00),
(179, 75, 'LINE', 'ComputedR434333333333333333\r\n\r\n', 5.00, 200.00, 1000.00),
(180, 75, 'TAX', '1', 1.00, 7.00, 3584.00),
(181, 76, 'LINE', NULL, 1.00, 0.00, 0.00),
(182, 76, 'TAX', '1', 1.00, 7.00, 0.00),
(183, 75, 'LINE', 'aaaatytytytyty', 1.00, 200.00, 200.00),
(184, 75, 'LINE', 'aaaa', 2.00, 0.00, 0.00),
(185, 75, 'LINE', 'SKCMS', 5.00, 10000.00, 50000.00),
(188, 75, 'DISCOUNT', '3000', 1.00, 0.00, 0.00),
(189, 71, 'LINE', 'HP Pavilion', 1.00, 30000.00, 30000.00),
(190, 77, 'LINE', '', 1.00, 0.00, 0.00),
(191, 77, 'TAX', '1', 1.00, 7.00, 0.00),
(192, 77, 'LINE', NULL, 1.00, 0.00, 0.00),
(193, 77, 'LINE', NULL, 1.00, 0.00, 0.00),
(194, 77, 'LINE', NULL, 1.00, 0.00, 0.00),
(195, 77, 'LINE', NULL, 1.00, 0.00, 0.00),
(197, 78, 'LINE', 'Contract payment for contract C-20150000001, , for period 2015-07-01 to 2015-07-01', 1.00, 0.00, 0.00),
(198, 78, 'TAX', '1', 1.00, 7.00, 0.00),
(202, 80, 'LINE', 'HP Pavilion', 2.00, 2500.00, 5000.00),
(203, 80, 'TAX', '2', 1.00, 12.00, 600.00),
(204, 69, 'LINE', NULL, 1.00, 0.00, 0.00),
(205, 69, 'DISCOUNT', 'Discount', 1.00, 0.00, 0.00),
(209, 81, 'LINE', NULL, 1.00, 0.00, 0.00),
(210, 81, 'TAX', '1', 1.00, 7.00, 0.00),
(211, 82, 'LINE', NULL, 1.00, 0.00, 0.00),
(212, 82, 'TAX', '1', 1.00, 7.00, 0.00),
(213, 83, 'LINE', NULL, 1.00, 0.00, 0.00),
(214, 83, 'TAX', '1', 1.00, 7.00, 0.00),
(215, 84, 'LINE', NULL, 1.00, 0.00, 0.00),
(216, 84, 'TAX', '1', 1.00, 7.00, 0.00),
(217, 85, 'LINE', NULL, 1.00, 0.00, 0.00),
(218, 85, 'TAX', '1', 1.00, 7.00, 0.00),
(219, 86, 'LINE', NULL, 1.00, 0.00, 0.00),
(220, 86, 'TAX', '1', 1.00, 7.00, 0.00),
(221, 87, 'LINE', 'aaaatytytytyty', 2.00, 200.00, 400.00),
(222, 87, 'TAX', '0', 1.00, 0.00, 0.00),
(223, 88, 'LINE', NULL, 1.00, 0.00, 0.00),
(224, 88, 'TAX', '1', 1.00, 7.00, 0.00),
(227, 90, 'LINE', NULL, 1.00, 0.00, 0.00),
(228, 90, 'TAX', '1', 1.00, 7.00, 0.00),
(231, 92, 'LINE', NULL, 1.00, 0.00, 0.00),
(232, 92, 'TAX', '1', 1.00, 7.00, 0.00),
(233, 93, 'LINE', NULL, 1.00, 0.00, 0.00),
(234, 93, 'TAX', '3', 1.00, 23.00, 0.00),
(235, 94, 'LINE', 'abcd', 1.00, 10.00, 10.00),
(236, 94, 'TAX', '1', 1.00, 7.00, 0.70),
(237, 95, 'LINE', '', 1.00, 0.00, 0.00),
(238, 95, 'TAX', '1', 1.00, 7.00, 0.00),
(243, 98, 'LINE', 'Contract payment for contract C-20150000002, Kiosk A-14, for period 2015-01-01 to 2015-12-31', 1.00, 9000.00, 9000.00),
(244, 98, 'TAX', '1', 1.00, 7.00, 910.00),
(245, 99, 'LINE', 'Contract payment for contract C-20150000002, Kiosk A-14, for period 2015-01-01 to 2015-12-31', 1.00, 57000000.00, 57000000.00),
(247, 98, 'LINE', 'Service Charge Silver Apartemen', 2.00, 2000.00, 4000.00),
(248, 100, 'LINE', 'Contract payment for contract C-20150000002, Kiosk A-14, for period 2015-01-01 to 2015-12-31', 1.00, 0.00, 0.00),
(250, 100, 'LINE', NULL, 1.00, 0.00, 0.00),
(251, 101, 'LINE', 'sasdasdd', 230.00, 1.00, 230.00),
(252, 101, 'TAX', '1', 1.00, 7.00, 16.10),
(253, 102, 'LINE', NULL, 1.00, 0.00, 0.00),
(254, 102, 'TAX', '1', 1.00, 7.00, 0.00),
(255, 103, 'LINE', 'ABC', 1.00, 100000.00, 100000.00),
(256, 103, 'TAX', '1', 1.00, 7.00, 7000.00),
(257, 104, 'LINE', 'Installation of LinxBooks.com on private cloud', 1.00, 500.00, 500.00),
(258, 104, 'TAX', '3', 1.00, 23.00, 115.00),
(260, 105, 'LINE', NULL, 1.00, 0.00, 0.00),
(262, 105, 'DISCOUNT', 'Discount', 1.00, 0.00, 0.00),
(263, 106, 'LINE', NULL, 1.00, 0.00, 0.00),
(264, 106, 'TAX', '1', 1.00, 7.00, 0.00),
(265, 107, 'LINE', 'f', 1.00, 0.00, 0.00),
(266, 107, 'TAX', '1', 1.00, 7.00, 0.00),
(270, 109, 'LINE', NULL, 1.00, 0.00, 0.00),
(271, 109, 'TAX', '3', 1.00, 23.00, 0.00),
(274, 111, 'LINE', NULL, 1.00, 0.00, 0.00),
(275, 111, 'TAX', '1', 1.00, 7.00, 0.00),
(276, 112, 'LINE', '', 1.00, 0.00, 0.00),
(277, 112, 'TAX', '1', 1.00, 7.00, 0.00),
(278, 112, 'LINE', '', 1.00, 0.00, 0.00),
(279, 112, 'LINE', NULL, 1.00, 0.00, 0.00),
(280, 112, 'LINE', NULL, 1.00, 0.00, 0.00),
(281, 112, 'LINE', NULL, 1.00, 0.00, 0.00),
(282, 113, 'LINE', 'aaaatytytytyty', 1.00, 200.00, 200.00),
(283, 113, 'TAX', '1', 1.00, 7.00, 77.00),
(284, 113, 'LINE', 'bbbbb', 3.00, 300.00, 900.00),
(285, 114, 'LINE', NULL, 1.00, 0.00, 0.00),
(286, 114, 'TAX', '1', 1.00, 7.00, 0.00),
(287, 115, 'LINE', NULL, 1.00, 0.00, 0.00),
(288, 115, 'TAX', '1', 1.00, 7.00, 0.00),
(291, 116, 'LINE', 'test1', 100.00, 10.00, 1000.00),
(292, 116, 'TAX', '1', 1.00, 7.00, 70.00),
(293, 117, 'LINE', NULL, 1.00, 0.00, 0.00),
(294, 117, 'TAX', '1', 1.00, 7.00, 0.00),
(295, 118, 'LINE', NULL, 1.00, 0.00, 0.00),
(296, 118, 'TAX', '1', 1.00, 7.00, 0.00),
(297, 119, 'LINE', NULL, 1.00, 0.00, 0.00),
(298, 119, 'TAX', '1', 1.00, 7.00, 0.00),
(299, 120, 'LINE', NULL, 1.00, 0.00, 0.00),
(300, 120, 'TAX', '1', 1.00, 7.00, 0.00),
(301, 121, 'LINE', NULL, 1.00, 0.00, 0.00),
(302, 121, 'TAX', '1', 1.00, 7.00, 0.00),
(303, 122, 'LINE', NULL, 1.00, 0.00, 0.00),
(304, 122, 'TAX', '1', 1.00, 7.00, 0.00),
(305, 123, 'LINE', NULL, 1.00, 0.00, 0.00),
(306, 123, 'TAX', '1', 1.00, 7.00, 0.00),
(308, 124, 'TAX', '3', 1.00, 23.00, 7.59),
(309, 125, 'LINE', NULL, 1.00, 0.00, 0.00),
(310, 125, 'TAX', '1', 1.00, 7.00, 0.00),
(311, 126, 'LINE', NULL, 1.00, 0.00, 0.00),
(312, 126, 'TAX', '1', 1.00, 7.00, 0.00),
(314, 124, 'LINE', 'bbbbb', 1.00, 22.00, 22.00),
(315, 124, 'LINE', '', 1.00, 2.00, 2.00),
(316, 127, 'LINE', NULL, 1.00, 0.00, 0.00),
(317, 127, 'TAX', '1', 1.00, 7.00, 0.00),
(318, 128, 'LINE', NULL, 1.00, 0.00, 0.00),
(319, 128, 'TAX', '1', 1.00, 7.00, 0.00),
(320, 129, 'LINE', NULL, 1.00, 0.00, 0.00),
(321, 129, 'TAX', '1', 1.00, 7.00, 0.00),
(322, 130, 'LINE', NULL, 1.00, 0.00, 0.00),
(323, 130, 'TAX', '1', 1.00, 7.00, 0.00),
(324, 131, 'LINE', NULL, 1.00, 0.00, 0.00),
(325, 131, 'TAX', '4', 1.00, 10.00, 0.00),
(327, 132, 'LINE', NULL, 1.00, 0.00, 0.00),
(328, 132, 'TAX', '1', 1.00, 7.00, 0.00),
(329, 133, 'LINE', NULL, 1.00, 0.00, 0.00),
(330, 133, 'TAX', '2', 1.00, 12.00, 0.00),
(331, 134, 'LINE', NULL, 1.00, 0.00, 0.00),
(332, 134, 'TAX', '1', 1.00, 7.00, 0.00),
(333, 134, 'TAX', '5', 1.00, 13.00, 0.00),
(334, 135, 'LINE', NULL, 1.00, 0.00, 0.00),
(335, 135, 'TAX', '1', 1.00, 7.00, 0.00),
(336, 136, 'LINE', NULL, 1.00, 0.00, 0.00),
(337, 136, 'TAX', '1', 1.00, 7.00, 0.00),
(338, 137, 'LINE', NULL, 1.00, 0.00, 0.00),
(339, 137, 'TAX', '1', 1.00, 7.00, 0.00),
(340, 138, 'LINE', NULL, 1.00, 0.00, 0.00),
(341, 138, 'TAX', '1', 1.00, 7.00, 0.00),
(342, 139, 'LINE', NULL, 1.00, 0.00, 0.00),
(343, 139, 'TAX', '1', 1.00, 7.00, 0.00),
(344, 140, 'LINE', 'Service Charge Silver Apartemen', 4.00, 2000.00, 8000.00),
(345, 140, 'TAX', '3', 1.00, 23.00, 47840.00),
(346, 140, 'LINE', 'anananananana', 2.00, 100000.00, 200000.00),
(348, 141, 'LINE', '', 1.00, 0.00, 0.00),
(349, 141, 'TAX', '1', 1.00, 7.00, 0.00),
(350, 141, 'LINE', NULL, 1.00, 0.00, 0.00),
(353, 143, 'LINE', NULL, 1.00, 0.00, 0.00),
(354, 143, 'TAX', '1', 1.00, 7.00, 0.00),
(355, 144, 'LINE', NULL, 1.00, 0.00, 0.00),
(356, 144, 'TAX', '1', 1.00, 7.00, 0.00),
(359, 146, 'LINE', NULL, 1.00, 0.00, 0.00),
(360, 146, 'TAX', '1', 1.00, 7.00, 0.00),
(361, 147, 'LINE', NULL, 1.00, 0.00, 0.00),
(362, 147, 'TAX', '2', 1.00, 12.00, 0.00),
(363, 148, 'LINE', 'dfg', 6.00, 19.00, 114.00),
(365, 149, 'LINE', NULL, 1.00, 0.00, 0.00),
(366, 149, 'TAX', '1', 1.00, 7.00, 0.00),
(367, 150, 'LINE', NULL, 1.00, 0.00, 0.00),
(368, 150, 'TAX', '1', 1.00, 7.00, 0.00),
(369, 151, 'LINE', NULL, 1.00, 0.00, 0.00),
(370, 151, 'TAX', '1', 1.00, 7.00, 0.00),
(371, 152, 'LINE', NULL, 1.00, 0.00, 0.00),
(372, 152, 'TAX', '1', 1.00, 7.00, 0.00),
(373, 153, 'LINE', 'fgfgdf', 1.00, 0.00, 0.00),
(374, 153, 'TAX', '1', 1.00, 7.00, 0.00),
(375, 154, 'LINE', NULL, 1.00, 0.00, 0.00),
(376, 154, 'TAX', '1', 1.00, 7.00, 0.00),
(377, 155, 'LINE', NULL, 1.00, 0.00, 0.00),
(378, 155, 'TAX', '1', 1.00, 7.00, 0.00),
(381, 157, 'LINE', NULL, 1.00, 0.00, 0.00),
(382, 157, 'TAX', 'null', 1.00, 0.00, 0.00),
(383, 158, 'LINE', 'ereewrewrewr', 2.00, 1000.00, 2000.00),
(384, 158, 'TAX', '-1', 1.00, 0.00, 0.00),
(385, 159, 'LINE', 'aaaatytytytyty', 5.00, 200.00, 1000.00),
(386, 159, 'TAX', '1', 1.00, 7.00, 70.00),
(387, 160, 'LINE', NULL, 1.00, 0.00, 0.00),
(388, 160, 'TAX', '1', 1.00, 7.00, 0.00),
(389, 161, 'LINE', NULL, 1.00, 0.00, 0.00),
(390, 161, 'TAX', '1', 1.00, 7.00, 0.00),
(391, 162, 'LINE', NULL, 1.00, 0.00, 0.00),
(392, 162, 'TAX', '1', 1.00, 7.00, 0.00),
(393, 163, 'LINE', 'product1', 30.00, 20.00, 600.00),
(394, 163, 'TAX', '4', 1.00, 10.00, 60.00),
(395, 164, 'LINE', '', 1.00, 0.00, 0.00),
(396, 164, 'TAX', '1', 1.00, 7.00, 0.00),
(397, 164, 'LINE', NULL, 1.00, 0.00, 0.00),
(398, 165, 'LINE', NULL, 1.00, 0.00, 0.00),
(399, 165, 'TAX', '1', 1.00, 7.00, 0.00),
(400, 166, 'LINE', NULL, 1.00, 0.00, 0.00),
(401, 166, 'TAX', '1', 1.00, 7.00, 0.00),
(402, 167, 'LINE', 'aaaa', 1.00, 50.00, 50.00),
(403, 167, 'TAX', '1', 1.00, 7.00, 3.50),
(404, 168, 'LINE', NULL, 1.00, 0.00, 0.00),
(405, 168, 'TAX', '2', 1.00, 12.00, 0.00),
(406, 169, 'LINE', NULL, 1.00, 0.00, 0.00),
(407, 169, 'TAX', '1', 1.00, 7.00, 0.00),
(408, 170, 'LINE', 'aaaatytytytyty', 1.00, 200.00, 200.00),
(409, 170, 'TAX', '1', 1.00, 7.00, 14.00),
(410, 171, 'LINE', NULL, 1.00, 0.00, 0.00),
(411, 171, 'TAX', '1', 1.00, 7.00, 0.00),
(412, 172, 'LINE', 'Contract payment for contract C-20150000002, Kiosk A-14, for period 2015-01-01 to 2015-12-31', 1.00, 3000.00, 3000.00),
(413, 172, 'TAX', '1', 1.00, 7.00, 385.00),
(414, 172, 'LINE', 'HP Pavilion\r\nTest 1\r\nTest 2\r\nTest 3', 1.00, 2500.00, 2500.00),
(415, 173, 'LINE', NULL, 1.00, 0.00, 0.00),
(416, 173, 'TAX', '1', 1.00, 7.00, 0.00),
(417, 174, 'LINE', 'aaaatytytytyty', 100.00, 200.00, 20000.00),
(418, 174, 'TAX', '1', 1.00, 7.00, 1400.00),
(419, 175, 'LINE', NULL, 1.00, 0.00, 0.00),
(420, 175, 'TAX', '1', 1.00, 7.00, 0.00),
(421, 176, 'LINE', NULL, 1.00, 0.00, 0.00),
(422, 176, 'TAX', '1', 1.00, 7.00, 0.00),
(423, 177, 'LINE', NULL, 1.00, 0.00, 0.00),
(424, 177, 'TAX', '1', 1.00, 7.00, 0.00),
(425, 178, 'LINE', '', 5.00, 500.00, 2500.00),
(426, 178, 'TAX', '1', 1.00, 7.00, 175.00),
(427, 179, 'LINE', NULL, 1.00, 0.00, 0.00),
(428, 179, 'TAX', '1', 1.00, 7.00, 0.00),
(429, 180, 'LINE', NULL, 1.00, 0.00, 0.00),
(430, 180, 'TAX', '1', 1.00, 7.00, 0.00),
(431, 181, 'LINE', NULL, 1.00, 0.00, 0.00),
(432, 181, 'TAX', '1', 1.00, 7.00, 0.00),
(433, 182, 'LINE', 'Item1', 3.00, 33.00, 99.00),
(434, 182, 'TAX', '2', 1.00, 12.00, 351.36),
(435, 183, 'LINE', NULL, 1.00, 0.00, 0.00),
(436, 183, 'TAX', '1', 1.00, 7.00, 0.00),
(437, 184, 'LINE', NULL, 1.00, 0.00, 0.00),
(438, 184, 'TAX', '1', 1.00, 7.00, 0.00),
(439, 182, 'LINE', 'Item2', 23.00, 123.00, 2829.00),
(440, 185, 'LINE', 'aaaa', 1.00, 200.00, 200.00),
(441, 185, 'TAX', '1', 1.00, 7.00, 14.00),
(442, 186, 'LINE', NULL, 1.00, 0.00, 0.00),
(443, 186, 'TAX', '1', 1.00, 7.00, 0.00),
(444, 187, 'LINE', NULL, 1.00, 0.00, 0.00),
(445, 187, 'TAX', '1', 1.00, 7.00, 0.00),
(446, 188, 'LINE', '', 1800.00, 100.00, 180000.00),
(447, 188, 'TAX', '1', 1.00, 7.00, 12600.00),
(448, 189, 'LINE', 'aaa\r\naqaaaaaaaaaaa', 1.00, 130.00, 130.00),
(449, 189, 'TAX', '1', 1.00, 7.00, 2389.10),
(450, 189, 'LINE', 'Awesome app development', 3.00, 10000.00, 30000.00),
(451, 124, 'LINE', 'HP Pavilion', 3.00, 3.00, 9.00),
(452, 190, 'LINE', 'HP Pavilion', 1.00, 0.00, 0.00),
(453, 190, 'TAX', '1', 1.00, 7.00, 0.00),
(455, 190, 'LINE', 'hp pav', 1.00, 0.00, 0.00),
(456, 190, 'LINE', '', 1.00, 0.00, 0.00),
(457, 189, 'LINE', 'Service Charge Silver Apartemen', 2.00, 2000.00, 4000.00),
(465, 194, 'LINE', NULL, 1.00, 0.00, 0.00),
(466, 194, 'TAX', '1', 1.00, 7.00, 0.00),
(467, 195, 'LINE', NULL, 1.00, 0.00, 0.00),
(468, 195, 'TAX', '1', 1.00, 7.00, 0.00),
(469, 196, 'LINE', NULL, 1.00, 0.00, 0.00),
(470, 196, 'TAX', '1', 1.00, 7.00, 0.00),
(471, 197, 'LINE', NULL, 1.00, 0.00, 0.00),
(472, 197, 'TAX', '1', 1.00, 7.00, 0.00),
(473, 198, 'LINE', NULL, 1.00, 0.00, 0.00),
(474, 198, 'TAX', '1', 1.00, 7.00, 0.00),
(475, 199, 'LINE', 'aaaatytytytyty', 1.00, 200.00, 200.00),
(476, 199, 'TAX', '1', 1.00, 7.00, 14.00),
(477, 199, 'LINE', NULL, 1.00, 0.00, 0.00),
(478, 200, 'LINE', NULL, 1.00, 0.00, 0.00),
(479, 200, 'TAX', '1', 1.00, 7.00, 0.00),
(480, 201, 'LINE', 'te', 1.00, 0.00, 0.00),
(481, 201, 'TAX', '1', 1.00, 7.00, 0.00),
(482, 202, 'LINE', 'ComputedR434333333333333333', 1.00, 11.00, 11.00),
(483, 202, 'TAX', '3', 1.00, 23.00, 2.53),
(484, 202, 'LINE', NULL, 1.00, 0.00, 0.00),
(485, 203, 'LINE', NULL, 1.00, 0.00, 0.00),
(486, 203, 'TAX', '1', 1.00, 7.00, 0.00),
(487, 204, 'LINE', NULL, 1.00, 0.00, 0.00),
(488, 204, 'TAX', '1', 1.00, 7.00, 0.00),
(489, 205, 'LINE', 'bbbbb', 2.00, 2500.00, 5000.00),
(490, 205, 'TAX', '1', 1.00, 7.00, 350.00),
(491, 205, 'LINE', 'aaaa\r\n', 1.00, 0.00, 0.00),
(492, 206, 'LINE', NULL, 1.00, 0.00, 0.00),
(493, 206, 'TAX', '1', 1.00, 7.00, 0.00),
(494, 207, 'LINE', NULL, 1.00, 0.00, 0.00),
(495, 207, 'TAX', '1', 1.00, 7.00, 0.00),
(496, 208, 'LINE', NULL, 1.00, 0.00, 0.00),
(497, 208, 'TAX', '1', 1.00, 7.00, 0.00),
(498, 209, 'LINE', NULL, 1.00, 0.00, 0.00),
(499, 209, 'TAX', '1', 1.00, 7.00, 0.00),
(500, 210, 'LINE', 'aaaa', 1.00, 0.00, 0.00),
(501, 210, 'TAX', '1', 1.00, 7.00, 0.00),
(502, 211, 'LINE', 'Computed', 3.00, 45.00, 135.00),
(503, 211, 'TAX', '1', 1.00, 7.00, 9.45),
(504, 212, 'LINE', 'bbbbb', 1.00, 350.00, 350.00),
(505, 212, 'TAX', '1', 1.00, 7.00, 24.50),
(506, 213, 'LINE', NULL, 1.00, 0.00, 0.00),
(507, 213, 'TAX', '1', 1.00, 7.00, 0.00),
(508, 214, 'LINE', NULL, 1.00, 0.00, 0.00),
(509, 214, 'TAX', '1', 1.00, 7.00, 0.00),
(510, 215, 'LINE', NULL, 1.00, 0.00, 0.00),
(511, 215, 'TAX', '1', 1.00, 7.00, 0.00),
(512, 216, 'LINE', NULL, 1.00, 0.00, 0.00),
(513, 216, 'TAX', '1', 1.00, 7.00, 0.00),
(514, 217, 'LINE', 'computer', 1.00, 20000.00, 20000.00),
(515, 217, 'TAX', '6', 1.00, 1.50, 600.00),
(516, 217, 'LINE', 'dfdadasdad', 1.00, 10000.00, 10000.00),
(517, 218, 'LINE', NULL, 1.00, 0.00, 0.00),
(518, 218, 'TAX', '1', 1.00, 7.00, 0.00),
(519, 219, 'LINE', 'bbbbb', 1.00, 300.00, 300.00),
(520, 219, 'TAX', '1', 1.00, 7.00, 21.00),
(521, 219, 'LINE', NULL, 1.00, 0.00, 0.00),
(523, 219, 'DISCOUNT', 'Discount', 1.00, 0.00, 0.00),
(524, 220, 'LINE', 'this is an item', 1.00, 0.00, 0.00),
(525, 220, 'TAX', '2', 1.00, 12.00, 0.00),
(526, 220, 'LINE', 'another item', 2.00, 0.00, 0.00),
(527, 221, 'LINE', NULL, 1.00, 0.00, 0.00),
(528, 221, 'TAX', '1', 1.00, 7.00, 0.00),
(529, 222, 'LINE', NULL, 1.00, 0.00, 0.00),
(530, 222, 'TAX', '1', 1.00, 7.00, 0.00),
(531, 223, 'LINE', NULL, 1.00, 0.00, 0.00),
(532, 223, 'TAX', '1', 1.00, 7.00, 0.00),
(533, 224, 'LINE', 'Contract payment for contract C-20150000002, Kiosk A-14, for period 2015-01-01 to 2015-12-31', 1.00, 1.00, 1.00),
(534, 224, 'TAX', '2', 1.00, 12.00, 241.32),
(535, 225, 'LINE', NULL, 1.00, 0.00, 0.00),
(536, 225, 'TAX', '1', 1.00, 7.00, 0.00),
(537, 224, 'LINE', 'aaaatytytytyty', 1.00, 2010.00, 2010.00),
(538, 226, 'LINE', NULL, 1.00, 0.00, 0.00),
(539, 226, 'TAX', '1', 1.00, 7.00, 0.00),
(549, 228, 'LINE', NULL, 1.00, 0.00, 0.00),
(550, 228, 'TAX', '1', 1.00, 7.00, 0.00),
(551, 229, 'LINE', NULL, 1.00, 0.00, 0.00),
(552, 229, 'TAX', '1', 1.00, 7.00, 0.00),
(553, 230, 'LINE', NULL, 1.00, 0.00, 0.00),
(554, 230, 'TAX', '1', 1.00, 7.00, 0.00),
(555, 231, 'LINE', NULL, 1.00, 0.00, 0.00),
(556, 231, 'TAX', '1', 1.00, 7.00, 0.00),
(557, 231, 'DISCOUNT', 'Discount', 1.00, 0.00, 0.00),
(558, 232, 'LINE', 'HP Pavilion', 3.00, 90.00, 270.00),
(559, 232, 'TAX', '7', 1.00, 0.00, 0.00),
(560, 232, 'LINE', '', 1.00, 0.00, 0.00),
(561, 233, 'LINE', 'aaaa', 1.00, 20.00, 20.00),
(562, 233, 'TAX', '1', 1.00, 7.00, 4.90),
(563, 233, 'LINE', '', 1.00, 50.00, 50.00),
(564, 233, 'LINE', '', 1.00, 0.00, 0.00),
(565, 234, 'LINE', NULL, 1.00, 0.00, 0.00),
(566, 234, 'TAX', '1', 1.00, 7.00, 0.00),
(567, 235, 'LINE', 'Computed', 1.00, 0.00, 0.00),
(568, 235, 'TAX', '1', 1.00, 7.00, 0.00),
(569, 235, 'LINE', '', 1.00, 0.00, 0.00),
(571, 236, 'LINE', NULL, 1.00, 0.00, 0.00),
(572, 236, 'TAX', '1', 1.00, 7.00, 0.00),
(573, 237, 'LINE', 'eewr', 1.00, 20.00, 20.00),
(574, 237, 'TAX', '1', 1.00, 7.00, 1.40),
(575, 237, 'LINE', NULL, 1.00, 0.00, 0.00),
(576, 238, 'LINE', NULL, 1.00, 0.00, 0.00),
(577, 238, 'TAX', '1', 1.00, 7.00, 0.00),
(578, 239, 'LINE', NULL, 1.00, 0.00, 0.00),
(579, 239, 'TAX', '1', 1.00, 7.00, 0.00),
(580, 240, 'LINE', NULL, 1.00, 0.00, 0.00),
(581, 240, 'TAX', '1', 1.00, 7.00, 0.00),
(582, 241, 'LINE', 'ghjjh', 1.00, 0.00, 0.00),
(583, 241, 'TAX', '4', 1.00, 10.00, 0.00),
(584, 242, 'LINE', 'ComputedR434333333333333333', 1.00, 0.00, 0.00),
(585, 242, 'TAX', '1', 1.00, 7.00, 0.00),
(586, 242, 'LINE', NULL, 1.00, 0.00, 0.00),
(587, 243, 'LINE', NULL, 1.00, 0.00, 0.00),
(588, 243, 'TAX', '1', 1.00, 7.00, 0.00),
(589, 244, 'LINE', NULL, 1.00, 0.00, 0.00),
(590, 244, 'TAX', '1', 1.00, 7.00, 0.00),
(594, 245, 'LINE', NULL, 1.00, 0.00, 0.00),
(595, 246, 'LINE', NULL, 1.00, 0.00, 0.00),
(596, 246, 'TAX', '1', 1.00, 7.00, 0.00),
(597, 247, 'LINE', 'fgn', 1.00, 10.00, 10.00),
(598, 247, 'TAX', '1', 1.00, 7.00, 0.70),
(601, 249, 'LINE', 'aaaa', 1.00, 0.00, 0.00),
(602, 249, 'TAX', '5', 1.00, 13.00, 4.55),
(603, 249, 'LINE', '', 1.00, 35.00, 35.00),
(604, 249, 'LINE', '', 1.00, 0.00, 0.00),
(605, 249, 'LINE', NULL, 1.00, 0.00, 0.00),
(606, 250, 'LINE', NULL, 1.00, 0.00, 0.00),
(607, 250, 'TAX', '1', 1.00, 7.00, 0.00),
(608, 251, 'LINE', NULL, 1.00, 0.00, 0.00),
(609, 251, 'TAX', '1', 1.00, 7.00, 0.00),
(610, 252, 'LINE', 'location 2016-01', 1.00, 500.00, 500.00),
(611, 252, 'TAX', '1', 1.00, 7.00, 35.00),
(612, 253, 'LINE', NULL, 1.00, 0.00, 0.00),
(613, 253, 'TAX', '1', 1.00, 7.00, 0.00),
(614, 254, 'LINE', NULL, 1.00, 0.00, 0.00),
(615, 254, 'TAX', '1', 1.00, 7.00, 0.00),
(616, 255, 'LINE', 'Contract payment for contract C-20150000001, service, for period 2016-01-04 to 2016-01-04', 1.00, 300000.00, 300000.00),
(617, 255, 'TAX', '1', 1.00, 7.00, 0.00);

-- --------------------------------------------------------

--
-- Table structure for table `lb_invoice_item_templates`
--

CREATE TABLE IF NOT EXISTS `lb_invoice_item_templates` (
  `lb_record_primary_key` int(11) NOT NULL AUTO_INCREMENT,
  `lb_item_title` varchar(255) DEFAULT NULL,
  `lb_item_description` longtext NOT NULL,
  `lb_item_unit_price` decimal(10,2) NOT NULL DEFAULT '0.00',
  PRIMARY KEY (`lb_record_primary_key`)
) ENGINE=InnoDB  DEFAULT CHARSET=latin1 AUTO_INCREMENT=14 ;

--
-- Dumping data for table `lb_invoice_item_templates`
--

INSERT INTO `lb_invoice_item_templates` (`lb_record_primary_key`, `lb_item_title`, `lb_item_description`, `lb_item_unit_price`) VALUES
(1, '', 'Computed', 0.00),
(2, '', 'aaaa', 0.00),
(3, '', 'bbbbb', 0.00),
(4, '', 'aaaatytytytyty', 200.00),
(5, '', 'ComputedR434333333333333333', 0.00),
(6, '', 'dadsada', 0.00),
(7, '', 'HP Pavilion', 0.00),
(8, '', 'SKCMS', 10000.00),
(9, '', 'Service Charge Silver Apartemen', 2000.00),
(10, '', 'Contract payment for contract C-20150000002, Kiosk A-14, for period 2015-01-01 to 2015-12-31', 0.00),
(11, '', 'Awesome app development', 10000.00),
(12, '', 'shower tile', 0.00),
(13, '', 'Awesome app developmentcxv', 10000.00);

-- --------------------------------------------------------

--
-- Table structure for table `lb_invoice_totals`
--

CREATE TABLE IF NOT EXISTS `lb_invoice_totals` (
  `lb_record_primary_key` int(11) NOT NULL AUTO_INCREMENT,
  `lb_invoice_id` int(11) NOT NULL,
  `lb_invoice_revision_id` int(11) NOT NULL COMMENT '0 for latest',
  `lb_invoice_subtotal` decimal(10,2) NOT NULL DEFAULT '0.00',
  `lb_invoice_total_after_discounts` decimal(10,2) NOT NULL DEFAULT '0.00',
  `lb_invoice_total_after_taxes` decimal(10,2) NOT NULL DEFAULT '0.00',
  `lb_invoice_total_paid` decimal(10,2) NOT NULL DEFAULT '0.00',
  `lb_invoice_total_outstanding` decimal(10,2) NOT NULL DEFAULT '0.00',
  PRIMARY KEY (`lb_record_primary_key`)
) ENGINE=InnoDB  DEFAULT CHARSET=utf8 COLLATE=utf8_unicode_ci AUTO_INCREMENT=256 ;

--
-- Dumping data for table `lb_invoice_totals`
--

INSERT INTO `lb_invoice_totals` (`lb_record_primary_key`, `lb_invoice_id`, `lb_invoice_revision_id`, `lb_invoice_subtotal`, `lb_invoice_total_after_discounts`, `lb_invoice_total_after_taxes`, `lb_invoice_total_paid`, `lb_invoice_total_outstanding`) VALUES
(1, 1, 0, 401928.00, 401708.00, 514597.87, 0.00, 514597.87),
(2, 2, 0, 0.00, 0.00, 0.00, 0.00, 0.00),
(3, 3, 0, 0.00, 0.00, 0.00, 0.00, 0.00),
(4, 4, 0, 0.00, 0.00, 0.00, 0.00, 0.00),
(5, 5, 0, 5200.00, 5200.00, 5564.00, 0.00, 5564.00),
(6, 6, 0, 0.00, 0.00, 0.00, 0.00, 0.00),
(7, 7, 0, 0.00, 0.00, 0.00, 0.00, 0.00),
(8, 8, 0, 0.00, 0.00, 0.00, 0.00, 0.00),
(9, 9, 0, 0.00, 0.00, 0.00, 0.00, 0.00),
(10, 10, 0, 100730.00, 100730.00, 114912.20, 0.00, 114912.20),
(11, 11, 0, 2143.00, 2143.00, 2290.00, 2290.00, 0.00),
(12, 12, 0, 22.00, 22.00, 28.60, 0.00, 28.60),
(13, 13, 0, 1100.00, 1100.00, 1287.00, 0.00, 1287.00),
(14, 14, 0, 208000.00, 208000.00, 270400.00, 0.00, 270400.00),
(15, 15, 0, 0.00, 0.00, 70.00, 0.00, 70.00),
(16, 16, 0, 1650.00, 1650.00, 1899.00, 0.00, 1899.00),
(17, 17, 0, 26320.00, 26320.00, 30751.00, 0.00, 30751.00),
(18, 18, 0, 0.00, 0.00, 0.00, 0.00, 0.00),
(19, 19, 0, 5050.00, 5050.00, 5050.00, 4550.00, 500.00),
(20, 20, 0, 0.00, 0.00, 0.00, 0.00, 0.00),
(21, 21, 0, 0.00, 0.00, 0.00, 0.00, 0.00),
(22, 22, 0, 200.00, 200.00, 214.00, 428.00, -214.00),
(23, 23, 0, 30.00, 30.00, 32.10, 39.10, -7.00),
(24, 24, 0, 0.00, 0.00, 0.00, 0.00, 0.00),
(25, 25, 0, 0.00, 0.00, 0.00, 0.00, 0.00),
(26, 26, 0, 200.00, 200.00, 214.00, 0.00, 214.00),
(27, 27, 0, 0.00, 0.00, 0.00, 0.00, 0.00),
(28, 28, 0, 0.00, 0.00, 0.00, 0.00, 0.00),
(29, 29, 0, 30000.00, 30000.00, 32100.00, 0.00, 32100.00),
(30, 30, 0, 518000.00, 518000.00, 518000.00, 0.00, 518000.00),
(31, 31, 0, 1000.00, 780.00, 873.60, 0.00, 873.60),
(32, 32, 0, 0.00, 0.00, 0.00, 0.00, 0.00),
(33, 33, 0, 0.00, 0.00, 0.00, 0.00, 0.00),
(34, 34, 0, 0.00, 0.00, 0.00, 0.00, 0.00),
(35, 35, 0, 0.00, 0.00, 0.00, 0.00, 0.00),
(36, 36, 0, 0.00, 0.00, 0.00, 0.00, 0.00),
(37, 37, 0, 0.00, 0.00, 0.00, 0.00, 0.00),
(38, 38, 0, 0.00, 0.00, 0.00, 0.00, 0.00),
(39, 39, 0, 500.00, 500.00, 560.00, 560.00, 0.00),
(40, 40, 0, 0.00, 0.00, 0.00, 0.00, 0.00),
(41, 41, 0, 10.00, 10.00, 10.70, 0.00, 10.70),
(42, 42, 0, 0.00, 0.00, 0.00, 0.00, 0.00),
(43, 43, 0, 0.00, 0.00, 0.00, 0.00, 0.00),
(44, 44, 0, 0.00, 0.00, 0.00, 0.00, 0.00),
(45, 45, 0, 5200.00, 5200.00, 6760.00, 0.00, 6760.00),
(46, 46, 0, 0.00, 0.00, 0.00, 0.00, 0.00),
(47, 47, 0, 0.00, 0.00, 0.00, 0.00, 0.00),
(48, 48, 0, 119.00, 119.00, 129.36, 0.00, 129.36),
(49, 49, 0, 0.00, 0.00, 0.00, 0.00, 0.00),
(50, 50, 0, 0.00, 0.00, 0.00, 0.00, 0.00),
(51, 51, 0, 3.00, 3.00, 3.21, 0.00, 3.21),
(52, 52, 0, 0.00, 0.00, 0.00, 0.00, 0.00),
(53, 53, 0, 3533.00, 3533.00, 4345.59, 0.00, 4345.59),
(54, 54, 0, 0.00, 0.00, 0.00, 0.00, 0.00),
(55, 55, 0, 1111102.00, 1111102.00, 1188879.14, 0.00, 1188879.14),
(56, 56, 0, 111.00, 111.00, 124.32, 150.00, -25.68),
(57, 57, 0, 0.00, 0.00, 0.00, 0.00, 0.00),
(58, 58, 0, 0.00, 0.00, 0.00, 0.00, 0.00),
(59, 59, 0, 0.00, 0.00, 0.00, 0.00, 0.00),
(60, 60, 0, 50.00, 50.00, 50.00, 0.00, 50.00),
(61, 61, 0, 0.00, 0.00, 0.00, 0.00, 0.00),
(62, 62, 0, 0.00, 0.00, 0.00, 0.00, 0.00),
(63, 63, 0, 0.00, 0.00, 0.00, 0.00, 0.00),
(64, 64, 0, 0.00, 0.00, 0.00, 0.00, 0.00),
(65, 65, 0, 0.00, 0.00, 0.00, 0.00, 0.00),
(68, 68, 0, 0.00, 0.00, 0.00, 0.00, 0.00),
(69, 69, 0, 200.00, 200.00, 224.00, 2333.00, -2109.00),
(70, 70, 0, 0.00, 0.00, 0.00, 0.00, 0.00),
(71, 71, 0, 45000.00, 45000.00, 48150.00, 0.00, 48150.00),
(72, 72, 0, 0.00, 0.00, 0.00, 0.00, 0.00),
(73, 73, 0, 0.00, 0.00, 0.00, 0.00, 0.00),
(74, 74, 0, 1200.00, 1200.00, 1284.00, 1284.00, 0.00),
(75, 75, 0, 51200.00, 51200.00, 54784.00, 55200.00, -416.00),
(76, 76, 0, 0.00, 0.00, 0.00, 0.00, 0.00),
(77, 77, 0, 0.00, 0.00, 0.00, 0.00, 0.00),
(78, 78, 0, 0.00, 0.00, 0.00, 0.00, 0.00),
(80, 80, 0, 5000.00, 5000.00, 5600.00, 0.00, 5600.00),
(81, 81, 0, 0.00, 0.00, 0.00, 0.00, 0.00),
(82, 82, 0, 0.00, 0.00, 0.00, 0.00, 0.00),
(83, 83, 0, 0.00, 0.00, 0.00, 0.00, 0.00),
(84, 84, 0, 0.00, 0.00, 0.00, 0.00, 0.00),
(85, 85, 0, 0.00, 0.00, 0.00, 0.00, 0.00),
(86, 86, 0, 0.00, 0.00, 0.00, 0.00, 0.00),
(87, 87, 0, 400.00, 400.00, 400.00, 0.00, 400.00),
(88, 88, 0, 0.00, 0.00, 0.00, 0.00, 0.00),
(90, 90, 0, 0.00, 0.00, 0.00, 0.00, 0.00),
(92, 92, 0, 0.00, 0.00, 0.00, 0.00, 0.00),
(93, 93, 0, 0.00, 0.00, 0.00, 0.00, 0.00),
(94, 94, 0, 10.00, 10.00, 10.70, 0.00, 10.70),
(95, 95, 0, 0.00, 0.00, 0.00, 0.00, 0.00),
(98, 98, 0, 13000.00, 13000.00, 13910.00, 23919.02, -10009.02),
(99, 99, 0, 57000000.00, 57000000.00, 57000000.00, 0.00, 57000000.00),
(100, 100, 0, 0.00, 0.00, 0.00, 0.00, 0.00),
(101, 101, 0, 230.00, 230.00, 246.10, 0.00, 246.10),
(102, 102, 0, 0.00, 0.00, 0.00, 0.00, 0.00),
(103, 103, 0, 100000.00, 100000.00, 107000.00, 0.00, 107000.00),
(104, 104, 0, 500.00, 500.00, 615.00, 0.00, 615.00),
(105, 105, 0, 0.00, 0.00, 0.00, 0.00, 0.00),
(106, 106, 0, 0.00, 0.00, 0.00, 0.00, 0.00),
(107, 107, 0, 0.00, 0.00, 0.00, 0.00, 0.00),
(109, 109, 0, 0.00, 0.00, 0.00, 0.00, 0.00),
(111, 111, 0, 0.00, 0.00, 0.00, 0.00, 0.00),
(112, 112, 0, 0.00, 0.00, 0.00, 0.00, 0.00),
(113, 113, 0, 1100.00, 1100.00, 1177.00, 1009.00, 168.00),
(114, 114, 0, 0.00, 0.00, 0.00, 0.00, 0.00),
(115, 115, 0, 0.00, 0.00, 0.00, 0.00, 0.00),
(116, 116, 0, 1000.00, 1000.00, 1070.00, 1050.00, 20.00),
(117, 117, 0, 0.00, 0.00, 0.00, 0.00, 0.00),
(118, 118, 0, 0.00, 0.00, 0.00, 0.00, 0.00),
(119, 119, 0, 0.00, 0.00, 0.00, 0.00, 0.00),
(120, 120, 0, 0.00, 0.00, 0.00, 0.00, 0.00),
(121, 121, 0, 0.00, 0.00, 0.00, 0.00, 0.00),
(122, 122, 0, 0.00, 0.00, 0.00, 0.00, 0.00),
(123, 123, 0, 0.00, 0.00, 0.00, 0.00, 0.00),
(124, 124, 0, 33.00, 33.00, 40.59, 0.00, 40.59),
(125, 125, 0, 0.00, 0.00, 0.00, 0.00, 0.00),
(126, 126, 0, 0.00, 0.00, 0.00, 0.00, 0.00),
(127, 127, 0, 0.00, 0.00, 0.00, 0.00, 0.00),
(128, 128, 0, 0.00, 0.00, 0.00, 0.00, 0.00),
(129, 129, 0, 0.00, 0.00, 0.00, 0.00, 0.00),
(130, 130, 0, 0.00, 0.00, 0.00, 0.00, 0.00),
(131, 131, 0, 0.00, 0.00, 0.00, 0.00, 0.00),
(132, 132, 0, 0.00, 0.00, 0.00, 0.00, 0.00),
(133, 133, 0, 0.00, 0.00, 0.00, 0.00, 0.00),
(134, 134, 0, 0.00, 0.00, 0.00, 0.00, 0.00),
(135, 135, 0, 0.00, 0.00, 0.00, 0.00, 0.00),
(136, 136, 0, 0.00, 0.00, 0.00, 0.00, 0.00),
(137, 137, 0, 0.00, 0.00, 0.00, 0.00, 0.00),
(138, 138, 0, 0.00, 0.00, 0.00, 0.00, 0.00),
(139, 139, 0, 0.00, 0.00, 0.00, 0.00, 0.00),
(140, 140, 0, 208000.00, 208000.00, 255840.00, 255840.00, 0.00),
(141, 141, 0, 0.00, 0.00, 0.00, 0.00, 0.00),
(143, 143, 0, 0.00, 0.00, 0.00, 0.00, 0.00),
(144, 144, 0, 0.00, 0.00, 0.00, 0.00, 0.00),
(146, 146, 0, 0.00, 0.00, 0.00, 0.00, 0.00),
(147, 147, 0, 0.00, 0.00, 0.00, 0.00, 0.00),
(148, 148, 0, 114.00, 114.00, 114.00, 0.00, 114.00),
(149, 149, 0, 0.00, 0.00, 0.00, 0.00, 0.00),
(150, 150, 0, 0.00, 0.00, 0.00, 0.00, 0.00),
(151, 151, 0, 0.00, 0.00, 0.00, 0.00, 0.00),
(152, 152, 0, 0.00, 0.00, 0.00, 0.00, 0.00),
(153, 153, 0, 0.00, 0.00, 0.00, 0.00, 0.00),
(154, 154, 0, 0.00, 0.00, 0.00, 0.00, 0.00),
(155, 155, 0, 0.00, 0.00, 0.00, 0.00, 0.00),
(157, 157, 0, 0.00, 0.00, 0.00, 0.00, 0.00),
(158, 158, 0, 2000.00, 2000.00, 2000.00, 0.00, 2000.00),
(159, 159, 0, 1000.00, 1000.00, 1070.00, 0.00, 1070.00),
(160, 160, 0, 0.00, 0.00, 0.00, 0.00, 0.00),
(161, 161, 0, 0.00, 0.00, 0.00, 0.00, 0.00),
(162, 162, 0, 0.00, 0.00, 0.00, 0.00, 0.00),
(163, 163, 0, 600.00, 600.00, 660.00, 660.00, 0.00),
(164, 164, 0, 0.00, 0.00, 0.00, 0.00, 0.00),
(165, 165, 0, 0.00, 0.00, 0.00, 0.00, 0.00),
(166, 166, 0, 0.00, 0.00, 0.00, 0.00, 0.00),
(167, 167, 0, 50.00, 50.00, 53.50, 106.00, -52.50),
(168, 168, 0, 0.00, 0.00, 0.00, 0.00, 0.00),
(169, 169, 0, 0.00, 0.00, 0.00, 0.00, 0.00),
(170, 170, 0, 200.00, 200.00, 214.00, 0.00, 214.00),
(171, 171, 0, 0.00, 0.00, 0.00, 0.00, 0.00),
(172, 172, 0, 5500.00, 5500.00, 5885.00, 0.00, 5885.00),
(173, 173, 0, 0.00, 0.00, 0.00, 0.00, 0.00),
(174, 174, 0, 20000.00, 20000.00, 21400.00, 0.00, 21400.00),
(175, 175, 0, 0.00, 0.00, 0.00, 0.00, 0.00),
(176, 176, 0, 0.00, 0.00, 0.00, 0.00, 0.00),
(177, 177, 0, 0.00, 0.00, 0.00, 0.00, 0.00),
(178, 178, 0, 2500.00, 2500.00, 2675.00, 0.00, 2675.00),
(179, 179, 0, 0.00, 0.00, 0.00, 0.00, 0.00),
(180, 180, 0, 0.00, 0.00, 0.00, 0.00, 0.00),
(181, 181, 0, 0.00, 0.00, 0.00, 0.00, 0.00),
(182, 182, 0, 2928.00, 2928.00, 3279.36, 0.00, 3279.36),
(183, 183, 0, 0.00, 0.00, 0.00, 0.00, 0.00),
(184, 184, 0, 0.00, 0.00, 0.00, 0.00, 0.00),
(185, 185, 0, 200.00, 200.00, 214.00, 0.00, 214.00),
(186, 186, 0, 0.00, 0.00, 0.00, 0.00, 0.00),
(187, 187, 0, 0.00, 0.00, 0.00, 0.00, 0.00),
(188, 188, 0, 180000.00, 180000.00, 192600.00, 0.00, 192600.00),
(189, 189, 0, 34130.00, 34130.00, 36519.10, 36519.10, 0.00),
(190, 190, 0, 0.00, 0.00, 0.00, 0.00, 0.00),
(194, 194, 0, 0.00, 0.00, 0.00, 0.00, 0.00),
(195, 195, 0, 0.00, 0.00, 0.00, 0.00, 0.00),
(196, 196, 0, 0.00, 0.00, 0.00, 0.00, 0.00),
(197, 197, 0, 0.00, 0.00, 0.00, 0.00, 0.00),
(198, 198, 0, 0.00, 0.00, 0.00, 0.00, 0.00),
(199, 199, 0, 200.00, 200.00, 214.00, 0.00, 214.00),
(200, 200, 0, 0.00, 0.00, 0.00, 0.00, 0.00),
(201, 201, 0, 0.00, 0.00, 0.00, 0.00, 0.00),
(202, 202, 0, 11.00, 11.00, 13.53, 0.00, 13.53),
(203, 203, 0, 0.00, 0.00, 0.00, 0.00, 0.00),
(204, 204, 0, 0.00, 0.00, 0.00, 0.00, 0.00),
(205, 205, 0, 5000.00, 5000.00, 5350.00, 0.00, 5350.00),
(206, 206, 0, 0.00, 0.00, 0.00, 0.00, 0.00),
(207, 207, 0, 0.00, 0.00, 0.00, 0.00, 0.00),
(208, 208, 0, 0.00, 0.00, 0.00, 0.00, 0.00),
(209, 209, 0, 0.00, 0.00, 0.00, 0.00, 0.00),
(210, 210, 0, 0.00, 0.00, 0.00, 0.00, 0.00),
(211, 211, 0, 135.00, 135.00, 144.45, 144.45, 0.00),
(212, 212, 0, 350.00, 350.00, 374.50, 0.00, 374.50),
(213, 213, 0, 0.00, 0.00, 0.00, 0.00, 0.00),
(214, 214, 0, 0.00, 0.00, 0.00, 0.00, 0.00),
(215, 215, 0, 0.00, 0.00, 0.00, 0.00, 0.00),
(216, 216, 0, 0.00, 0.00, 0.00, 0.00, 0.00),
(217, 217, 0, 30000.00, 30000.00, 30600.00, 0.00, 30600.00),
(218, 218, 0, 0.00, 0.00, 0.00, 0.00, 0.00),
(219, 219, 0, 300.00, 300.00, 321.00, 0.00, 321.00),
(220, 220, 0, 0.00, 0.00, 0.00, 0.00, 0.00),
(221, 221, 0, 0.00, 0.00, 0.00, 0.00, 0.00),
(222, 222, 0, 0.00, 0.00, 0.00, 0.00, 0.00),
(223, 223, 0, 0.00, 0.00, 0.00, 0.00, 0.00),
(224, 224, 0, 2011.00, 2011.00, 2252.32, 0.00, 2252.32),
(225, 225, 0, 0.00, 0.00, 0.00, 0.00, 0.00),
(226, 226, 0, 0.00, 0.00, 0.00, 0.00, 0.00),
(228, 228, 0, 0.00, 0.00, 0.00, 0.00, 0.00),
(229, 229, 0, 0.00, 0.00, 0.00, 0.00, 0.00),
(230, 230, 0, 0.00, 0.00, 0.00, 0.00, 0.00),
(231, 231, 0, 0.00, 0.00, 0.00, 0.00, 0.00),
(232, 232, 0, 270.00, 270.00, 270.00, 0.00, 270.00),
(233, 233, 0, 70.00, 70.00, 74.90, 0.00, 74.90),
(234, 234, 0, 0.00, 0.00, 0.00, 0.00, 0.00),
(235, 235, 0, 0.00, 0.00, 0.00, 0.00, 0.00),
(236, 236, 0, 0.00, 0.00, 0.00, 0.00, 0.00),
(237, 237, 0, 20.00, 20.00, 21.40, 0.00, 21.40),
(238, 238, 0, 0.00, 0.00, 0.00, 0.00, 0.00),
(239, 239, 0, 0.00, 0.00, 0.00, 0.00, 0.00),
(240, 240, 0, 0.00, 0.00, 0.00, 0.00, 0.00),
(241, 241, 0, 0.00, 0.00, 0.00, 0.00, 0.00),
(242, 242, 0, 0.00, 0.00, 0.00, 0.00, 0.00),
(243, 243, 0, 0.00, 0.00, 0.00, 0.00, 0.00),
(244, 244, 0, 0.00, 0.00, 0.00, 0.00, 0.00),
(245, 245, 0, 0.00, 0.00, 0.00, 0.00, 0.00),
(246, 246, 0, 0.00, 0.00, 0.00, 0.00, 0.00),
(247, 247, 0, 10.00, 10.00, 10.70, 10.70, 0.00),
(249, 249, 0, 35.00, 35.00, 39.55, 0.00, 39.55),
(250, 250, 0, 0.00, 0.00, 0.00, 0.00, 0.00),
(251, 251, 0, 0.00, 0.00, 0.00, 0.00, 0.00),
(252, 252, 0, 500.00, 500.00, 535.00, 0.00, 535.00),
(253, 253, 0, 0.00, 0.00, 0.00, 0.00, 0.00),
(254, 254, 0, 0.00, 0.00, 0.00, 0.00, 0.00),
(255, 255, 0, 300000.00, 300000.00, 300000.00, 0.00, 300000.00);

-- --------------------------------------------------------

--
-- Table structure for table `lb_language_user`
--

CREATE TABLE IF NOT EXISTS `lb_language_user` (
  `lb_record_primary_key` int(11) NOT NULL AUTO_INCREMENT,
  `lb_language_name` varchar(255) COLLATE utf8_unicode_ci NOT NULL,
  `lb_user_id` int(11) NOT NULL,
  `invite_id` int(11) NOT NULL DEFAULT '0',
  PRIMARY KEY (`lb_record_primary_key`)
) ENGINE=InnoDB  DEFAULT CHARSET=utf8 COLLATE=utf8_unicode_ci AUTO_INCREMENT=8 ;

--
-- Dumping data for table `lb_language_user`
--

INSERT INTO `lb_language_user` (`lb_record_primary_key`, `lb_language_name`, `lb_user_id`, `invite_id`) VALUES
(1, 'en', 1, 0),
(3, 'en', 2, 0),
(5, 'vi', 3, 0),
(7, 'vi', 4, 0);

-- --------------------------------------------------------

--
-- Table structure for table `lb_modules`
--

CREATE TABLE IF NOT EXISTS `lb_modules` (
  `lb_record_primary_key` int(11) NOT NULL AUTO_INCREMENT,
  `module_directory` varchar(100) NOT NULL,
  `module_name` varchar(100) NOT NULL,
  `module_text` varchar(100) NOT NULL,
  `modules_description` varchar(255) NOT NULL,
  `module_hidden` int(1) NOT NULL,
  `module_order` int(11) NOT NULL,
  PRIMARY KEY (`lb_record_primary_key`)
) ENGINE=InnoDB  DEFAULT CHARSET=latin1 AUTO_INCREMENT=17 ;

--
-- Dumping data for table `lb_modules`
--

INSERT INTO `lb_modules` (`lb_record_primary_key`, `module_directory`, `module_name`, `module_text`, `modules_description`, `module_hidden`, `module_order`) VALUES
(2, 'lbCustomer', 'Customers', 'CUSTOMERS', '', 1, 2),
(4, 'lbInvoice', 'Invoices', 'INVOCIES', '', 1, 4),
(5, 'lbPayment', 'Payments', 'PAYMENTS', '', 1, 5),
(7, 'lbReport', 'Reports', 'REPORTS', '', 1, 7),
(11, 'lbContract', 'Contracts', 'CONTRACTS', '', 1, 6),
(12, 'lbVendor', 'Vendor', 'VENDOR', '', 1, 6),
(13, 'lbExpenses', 'Expenses', 'EXPENSES', '', 1, 7),
(14, 'paypal', 'Membship', 'MEMBERSHIP', '', 1, 8),
(15, 'process_checklist', 'Process', 'PROCESS', '', 1, 9),
(16, 'lbQuotation', 'Quotations', 'QUOTATIONS', '', 1, 10);

-- --------------------------------------------------------

--
-- Table structure for table `lb_next_ids`
--

CREATE TABLE IF NOT EXISTS `lb_next_ids` (
  `lb_record_primary_key` int(11) NOT NULL AUTO_INCREMENT,
  `lb_next_invoice_number` int(11) NOT NULL,
  `lb_next_quotation_number` int(11) NOT NULL,
  `lb_next_payment_number` int(11) NOT NULL,
  `lb_next_contract_number` int(11) NOT NULL,
  `lb_next_expenses_number` int(11) NOT NULL,
  `lb_next_po_number` int(11) NOT NULL,
  `lb_next_supplier_invoice_number` int(11) NOT NULL,
  `	lb_next_supplier_payment_number` int(11) NOT NULL,
  `lb_next_supplier_payment_number` int(11) NOT NULL,
  `lb_next_pv_number` int(11) NOT NULL,
  `lb_payment_vendor_number` int(11) NOT NULL,
  PRIMARY KEY (`lb_record_primary_key`)
) ENGINE=InnoDB  DEFAULT CHARSET=utf8 COLLATE=utf8_unicode_ci AUTO_INCREMENT=23 ;

--
-- Dumping data for table `lb_next_ids`
--

INSERT INTO `lb_next_ids` (`lb_record_primary_key`, `lb_next_invoice_number`, `lb_next_quotation_number`, `lb_next_payment_number`, `lb_next_contract_number`, `lb_next_expenses_number`, `lb_next_po_number`, `lb_next_supplier_invoice_number`, `	lb_next_supplier_payment_number`, `lb_next_supplier_payment_number`, `lb_next_pv_number`, `lb_payment_vendor_number`) VALUES
(1, 36, 12, 1, 4, 5, 3, 2, 0, 1, 35, 0),
(2, 1, 1, 1, 1, 0, 0, 0, 0, 0, 0, 0),
(3, 1, 1, 1, 1, 1, 1, 1, 0, 1, 0, 0),
(4, 1, 1, 1, 1, 0, 0, 0, 0, 0, 0, 0),
(5, 1, 1, 1, 1, 0, 0, 0, 0, 0, 0, 0),
(6, 1, 1, 1, 1, 0, 0, 0, 0, 0, 0, 0),
(7, 1, 1, 1, 1, 0, 0, 0, 0, 0, 0, 0),
(8, 1, 1, 1, 1, 0, 0, 0, 0, 0, 0, 0),
(9, 1, 1, 1, 1, 0, 0, 0, 0, 0, 0, 0),
(10, 1, 1, 1, 1, 0, 0, 0, 0, 0, 0, 0),
(11, 1, 1, 1, 1, 0, 0, 0, 0, 0, 0, 0),
(12, 1, 1, 1, 1, 1, 1, 1, 0, 1, 0, 0),
(13, 1, 1, 1, 1, 0, 0, 0, 0, 0, 0, 0),
(14, 1, 1, 1, 1, 0, 0, 0, 0, 0, 0, 0),
(15, 2, 1, 1, 1, 0, 1, 1, 0, 1, 0, 0),
(16, 1, 1, 1, 1, 0, 0, 0, 0, 0, 0, 0),
(17, 1, 1, 1, 1, 0, 0, 0, 0, 0, 0, 0),
(18, 1, 1, 1, 1, 0, 0, 0, 0, 0, 0, 0),
(19, 1, 1, 1, 1, 0, 0, 0, 0, 0, 0, 0),
(20, 1, 1, 1, 1, 0, 0, 0, 0, 0, 0, 0),
(21, 1, 1, 1, 1, 0, 0, 0, 0, 0, 0, 0),
(22, 1, 1, 1, 1, 1, 1, 1, 0, 1, 1, 0);

-- --------------------------------------------------------

--
-- Table structure for table `lb_payment`
--

CREATE TABLE IF NOT EXISTS `lb_payment` (
  `lb_record_primary_key` int(11) unsigned NOT NULL AUTO_INCREMENT,
  `lb_payment_customer_id` int(10) unsigned NOT NULL,
  `lb_payment_no` varchar(100) COLLATE utf8_unicode_ci DEFAULT NULL,
  `lb_payment_method` int(11) NOT NULL,
  `lb_payment_date` date NOT NULL,
  `lb_payment_notes` varchar(255) COLLATE utf8_unicode_ci DEFAULT NULL,
  `lb_payment_total` decimal(10,2) DEFAULT NULL,
  PRIMARY KEY (`lb_record_primary_key`)
) ENGINE=InnoDB  DEFAULT CHARSET=utf8 COLLATE=utf8_unicode_ci AUTO_INCREMENT=40 ;

--
-- Dumping data for table `lb_payment`
--

INSERT INTO `lb_payment` (`lb_record_primary_key`, `lb_payment_customer_id`, `lb_payment_no`, `lb_payment_method`, `lb_payment_date`, `lb_payment_notes`, `lb_payment_total`) VALUES
(1, 8, 'R-20150000001', 2, '2015-07-02', NULL, 25.10),
(2, 8, 'R-20150000001', 2, '2015-07-07', NULL, 10.00),
(3, 8, 'R-20150000001', 2, '2015-07-07', NULL, 20.00),
(4, 8, 'R-20150000001', 2, '2015-07-07', NULL, 5.00),
(5, 8, 'R-20150000001', 0, '2015-07-15', NULL, 0.00),
(6, 10, 'R-20150000001', 0, '2015-08-01', NULL, 55200.00),
(7, 8, 'R-20150000001', 0, '2015-08-02', NULL, 232.01),
(8, 8, 'R-20150000001', 0, '2015-08-02', NULL, 232.01),
(9, 9, 'R-20150000001', 0, '2015-08-20', NULL, 560.00),
(10, 8, 'R-20150000001', 2, '2015-08-21', NULL, 0.00),
(11, 11, 'R-20150000001', 2, '2015-08-24', NULL, 50.00),
(12, 8, 'R-20150000001', 2, '2015-08-24', NULL, 150.00),
(13, 10, 'R-20150000001', 0, '2015-09-09', NULL, 0.00),
(14, 8, 'R-20150000001', 0, '2015-09-30', NULL, 120.00),
(15, 16, 'R-20150000001', 3, '2015-09-30', NULL, 0.00),
(16, 16, 'R-20150000001', 2, '2015-09-30', NULL, 0.00),
(17, 8, 'R-20150000001', 1, '2015-10-06', NULL, 3000.00),
(18, 20, 'R-20150000001', 2, '2015-10-12', NULL, 200000.00),
(19, 20, 'R-20150000001', 0, '2015-10-12', NULL, 55840.00),
(20, 16, 'R-20150000001', 2, '2015-10-12', NULL, 0.00),
(21, 20, 'R-20150000001', 2, '2015-10-14', NULL, 0.00),
(22, 16, 'R-20150000001', 2, '2015-10-14', NULL, 200.00),
(23, 16, 'R-20150000001', 0, '2015-10-14', NULL, 20.00),
(24, 10, 'R-20150000001', 0, '2015-10-20', NULL, 0.00),
(25, 8, 'R-20150000001', 0, '2015-10-24', NULL, 12206.00),
(26, 8, 'R-20150000001', 2, '2015-10-25', NULL, 10.00),
(27, 21, 'R-20150000001', 3, '2015-10-29', NULL, 53.00),
(28, 21, 'R-20150000001', 3, '2015-10-29', NULL, 53.00),
(29, 8, 'R-20150000001', 2, '2015-11-01', NULL, 9.00),
(30, 10, 'R-20150000001', 2, '2015-11-23', NULL, 36763.10),
(31, 8, 'R-20150000001', 0, '2015-11-23', NULL, 2100.00),
(32, 11, 'R-20150000001', 0, '2015-11-23', NULL, 4500.00),
(33, 8, 'R-20150000001', 0, '2015-11-23', NULL, 10000.00),
(34, 8, 'R-20150000001', 0, '2015-11-23', NULL, 1000000.00),
(35, 8, 'R-20150000001', 0, '2015-11-23', NULL, 1000.00),
(36, 10, 'R-20150000001', 4, '2015-12-23', NULL, 416.00),
(37, 10, 'R-20160000001', 2, '2016-01-02', NULL, 10.70),
(38, 10, 'R-20160000001', 2, '2016-01-02', NULL, 64.20),
(39, 14, 'R-20160000001', 2, '2016-01-04', NULL, 144.45);

-- --------------------------------------------------------

--
-- Table structure for table `lb_payments`
--

CREATE TABLE IF NOT EXISTS `lb_payments` (
  `id` int(11) NOT NULL AUTO_INCREMENT,
  `txn_id` varchar(200) NOT NULL,
  `user_id` int(11) NOT NULL,
  `paypal_id` varchar(250) NOT NULL,
  `created_at` varchar(250) NOT NULL,
  PRIMARY KEY (`id`)
) ENGINE=MyISAM DEFAULT CHARSET=utf8 AUTO_INCREMENT=1 ;

-- --------------------------------------------------------

--
-- Table structure for table `lb_payment_item`
--

CREATE TABLE IF NOT EXISTS `lb_payment_item` (
  `lb_record_primary_key` int(11) unsigned NOT NULL AUTO_INCREMENT,
  `lb_payment_id` int(11) unsigned NOT NULL,
  `lb_invoice_id` int(11) unsigned NOT NULL,
  `lb_payment_item_note` varchar(255) COLLATE utf8_unicode_ci DEFAULT NULL,
  `lb_payment_item_amount` decimal(10,2) DEFAULT NULL,
  PRIMARY KEY (`lb_record_primary_key`)
) ENGINE=InnoDB  DEFAULT CHARSET=utf8 COLLATE=utf8_unicode_ci AUTO_INCREMENT=48 ;

--
-- Dumping data for table `lb_payment_item`
--

INSERT INTO `lb_payment_item` (`lb_record_primary_key`, `lb_payment_id`, `lb_invoice_id`, `lb_payment_item_note`, `lb_payment_item_amount`) VALUES
(1, 1, 23, '', 25.10),
(2, 2, 11, '', 10.00),
(3, 3, 11, '', 20.00),
(4, 4, 11, 'this is a test - Payment $ 5.00', 5.00),
(5, 5, 56, NULL, 0.00),
(6, 6, 75, '', 55200.00),
(7, 7, 11, '', 11.01),
(8, 7, 22, '', 214.00),
(9, 7, 23, '', 7.00),
(10, 8, 11, '', 11.01),
(11, 8, 22, '', 214.00),
(12, 8, 23, '', 7.00),
(13, 9, 39, '', 560.00),
(14, 10, 69, '343434', 2333.00),
(15, 11, 19, '', 50.00),
(16, 12, 56, '', 150.00),
(17, 13, 104, NULL, 0.00),
(18, 14, 74, '', 110.00),
(19, 14, 98, '', 10.00),
(20, 15, 116, 'dssdfsf', 10.00),
(21, 16, 116, NULL, 120.00),
(22, 17, 11, '', 132.98),
(23, 17, 74, '', 1174.00),
(24, 17, 98, '', 1693.02),
(25, 18, 140, '', 200000.00),
(26, 19, 140, '', 55840.00),
(27, 20, 116, 'hgvhgv', 700.00),
(28, 21, 140, NULL, 0.00),
(29, 22, 116, '', 200.00),
(30, 23, 116, '', 20.00),
(31, 24, 163, NULL, 0.00),
(32, 25, 98, '', 12206.00),
(33, 26, 98, '', 10.00),
(34, 27, 167, '', 53.00),
(35, 28, 167, '', 53.00),
(36, 29, 113, '', 9.00),
(37, 30, 163, '', 660.00),
(38, 30, 189, '', 36103.10),
(39, 31, 11, '', 2100.00),
(40, 32, 19, 'thttttttttt', 4500.00),
(41, 33, 98, '', 10000.00),
(42, 34, 99, '', 1000000.00),
(43, 35, 113, '', 1000.00),
(44, 36, 189, '', 416.00),
(45, 37, 247, '', 10.70),
(47, 39, 211, '', 144.45);

-- --------------------------------------------------------

--
-- Table structure for table `lb_payment_vendor`
--

CREATE TABLE IF NOT EXISTS `lb_payment_vendor` (
  `lb_record_primary_key` int(11) NOT NULL AUTO_INCREMENT,
  `lb_payment_vendor_customer_id` int(11) NOT NULL,
  `lb_payment_vendor_no` varchar(100) NOT NULL,
  `lb_payment_vendor_method` int(11) NOT NULL,
  `lb_payment_vendor_date` date NOT NULL,
  `lb_payment_vendor_notes` varchar(255) NOT NULL,
  `lb_payment_vendor_total` decimal(10,2) NOT NULL,
  PRIMARY KEY (`lb_record_primary_key`)
) ENGINE=InnoDB DEFAULT CHARSET=latin1 AUTO_INCREMENT=1 ;

-- --------------------------------------------------------

--
-- Table structure for table `lb_payment_vendor_invoice`
--

CREATE TABLE IF NOT EXISTS `lb_payment_vendor_invoice` (
  `lb_record_primary_key` int(11) NOT NULL AUTO_INCREMENT,
  `lb_payment_id` int(11) NOT NULL,
  `lb_vendor_invoice_id` int(11) NOT NULL,
  `lb_payment_item_note` varchar(100) NOT NULL,
  `lb_payment_item_amount` decimal(10,2) NOT NULL,
  PRIMARY KEY (`lb_record_primary_key`)
) ENGINE=InnoDB DEFAULT CHARSET=latin1 AUTO_INCREMENT=1 ;

-- --------------------------------------------------------

--
-- Table structure for table `lb_payment_voucher`
--

CREATE TABLE IF NOT EXISTS `lb_payment_voucher` (
  `lb_record_primary_key` int(11) NOT NULL AUTO_INCREMENT,
  `lb_pv_company_id` int(11) NOT NULL,
  `lb_pv_company_address_id` int(11) NOT NULL,
  `lb_payment_voucher_no` varchar(100) NOT NULL,
  `lb_pv_title` varchar(255) NOT NULL,
  `lb_pv_description` varchar(255) NOT NULL,
  `lb_pv_create_by` int(11) NOT NULL,
  `lb_pv_date` date NOT NULL,
  PRIMARY KEY (`lb_record_primary_key`)
) ENGINE=InnoDB  DEFAULT CHARSET=latin1 AUTO_INCREMENT=3 ;

--
-- Dumping data for table `lb_payment_voucher`
--

INSERT INTO `lb_payment_voucher` (`lb_record_primary_key`, `lb_pv_company_id`, `lb_pv_company_address_id`, `lb_payment_voucher_no`, `lb_pv_title`, `lb_pv_description`, `lb_pv_create_by`, `lb_pv_date`) VALUES
(1, 18, 0, 'PV-20150000014', 'fgyhfgh', 'ftyhfrty', 1, '2015-09-16'),
(2, 25, 12, 'PV-20150000030', 'rayhan', '', 1, '2015-12-28');

-- --------------------------------------------------------

--
-- Table structure for table `lb_pv_expenses`
--

CREATE TABLE IF NOT EXISTS `lb_pv_expenses` (
  `lb_record_primary_key` int(11) NOT NULL AUTO_INCREMENT,
  `lb_payment_voucher_id` int(11) NOT NULL,
  `lb_expenses_id` int(11) NOT NULL,
  PRIMARY KEY (`lb_record_primary_key`)
) ENGINE=InnoDB  DEFAULT CHARSET=latin1 AUTO_INCREMENT=3 ;

--
-- Dumping data for table `lb_pv_expenses`
--

INSERT INTO `lb_pv_expenses` (`lb_record_primary_key`, `lb_payment_voucher_id`, `lb_expenses_id`) VALUES
(1, 1, 1),
(2, 1, 2);

-- --------------------------------------------------------

--
-- Table structure for table `lb_quotation`
--

CREATE TABLE IF NOT EXISTS `lb_quotation` (
  `lb_record_primary_key` int(11) NOT NULL AUTO_INCREMENT,
  `lb_company_id` int(11) DEFAULT NULL,
  `lb_company_address_id` int(11) DEFAULT NULL,
  `lb_quotation_customer_id` int(11) DEFAULT NULL,
  `lb_quotation_customer_address_id` int(11) DEFAULT NULL,
  `lb_quotation_attention_id` int(11) DEFAULT NULL,
  `lb_quotation_no` varchar(50) DEFAULT NULL,
  `lb_quotation_date` date DEFAULT NULL,
  `lb_quotation_due_date` date DEFAULT NULL,
  `lb_quotation_subject` varchar(255) DEFAULT NULL,
  `lb_quotation_note` longtext,
  `lb_quotation_status` char(20) DEFAULT NULL,
  `lb_quotation_encode` varchar(255) DEFAULT NULL,
  `lb_quotation_internal_note` longtext NOT NULL,
  PRIMARY KEY (`lb_record_primary_key`)
) ENGINE=InnoDB  DEFAULT CHARSET=latin1 AUTO_INCREMENT=90 ;

--
-- Dumping data for table `lb_quotation`
--

INSERT INTO `lb_quotation` (`lb_record_primary_key`, `lb_company_id`, `lb_company_address_id`, `lb_quotation_customer_id`, `lb_quotation_customer_address_id`, `lb_quotation_attention_id`, `lb_quotation_no`, `lb_quotation_date`, `lb_quotation_due_date`, `lb_quotation_subject`, `lb_quotation_note`, `lb_quotation_status`, `lb_quotation_encode`, `lb_quotation_internal_note`) VALUES
(1, 8, NULL, NULL, NULL, NULL, 'Draft', '2015-06-25', '2015-06-25', NULL, '', 'Q-DRAFT', 'MlZSTVlMVzhSTDE=', ''),
(2, 8, NULL, NULL, NULL, NULL, 'Draft', '2015-06-25', '2015-06-25', NULL, '', 'Q-DRAFT', 'b0E3VGxZeWw4SDE=', ''),
(3, 8, 4, 8, 4, 4, 'Q-20150000001', '2015-06-27', '2015-06-27', NULL, '', 'Q-APPROVED', 'NXMxWU42bThlQTE=', ''),
(4, 8, 4, NULL, NULL, NULL, 'Draft', '2015-07-02', '2015-07-02', NULL, '', 'Q-DRAFT', 'dk1xaU8wYTJObTI=', ''),
(5, 8, 4, 10, 0, 0, 'Q-20150000002', '2015-07-08', '2015-07-08', NULL, '', 'Q-APPROVED', 'ZmZTYnJlWUo4SDI=', ''),
(6, 8, 4, 20, 0, 0, 'Q-20150000010', '2015-07-08', '2015-07-08', NULL, '', 'Q-APPROVED', 'NWF3OTFJanpEazM=', ''),
(7, 8, 4, NULL, NULL, NULL, 'Draft', '2015-07-08', '2015-07-08', NULL, '', 'Q-DRAFT', 'ejY4VWd1Vk1KNDM=', ''),
(8, 8, 4, NULL, NULL, NULL, 'Draft', '2015-07-08', '2015-07-08', NULL, '', 'Q-DRAFT', 'ZFY4SVNDUWxHODM=', ''),
(9, 8, 4, NULL, NULL, NULL, 'Draft', '2015-07-08', '2015-07-08', NULL, '', 'Q-DRAFT', 'M0ltTDdzQnJjRzM=', ''),
(10, 8, 4, NULL, NULL, NULL, 'Draft', '2015-07-09', '2015-07-09', NULL, '', 'Q-DRAFT', 'dHlURTBuNlIwUzM=', ''),
(11, 8, 4, NULL, NULL, NULL, 'Draft', '2015-07-10', '2015-07-10', NULL, '', 'Q-DRAFT', 'UUNMQVlMNGozaDM=', ''),
(12, 8, 4, NULL, NULL, NULL, 'Draft', '2015-07-14', '2015-07-14', NULL, '', 'Q-DRAFT', 'V215ZFdkdHg4ODM=', ''),
(13, 8, 4, NULL, NULL, NULL, 'Draft', '2015-07-15', '2015-07-15', NULL, '', 'Q-DRAFT', 'aGsxM2NIRnh2MzM=', ''),
(14, 8, 4, NULL, NULL, NULL, 'Draft', '2015-07-15', '2015-07-15', NULL, '', 'Q-DRAFT', 'c1JBdENZeTZXRTM=', ''),
(15, 8, 4, 10, 0, 0, 'Draft', '2015-07-16', '2015-07-16', 'this is a test', '', 'Q-DRAFT', 'a2JQYlFyaGZhWTM=', ''),
(16, 8, 4, NULL, NULL, NULL, 'Draft', '2015-07-18', '2015-07-18', NULL, '', 'Q-DRAFT', 'bU9YTXhZa3JxSDM=', ''),
(17, 8, 4, NULL, NULL, NULL, 'Draft', '2015-07-20', '2015-07-20', NULL, '', 'Q-DRAFT', 'eEdVdW1vVEdJNjM=', ''),
(18, 8, 4, NULL, NULL, NULL, 'Draft', '2015-07-23', '2015-07-23', NULL, '', 'Q-DRAFT', 'M2dQYTZzTmhCZDM=', ''),
(19, 8, 4, NULL, NULL, NULL, 'Draft', '2015-07-23', '2015-07-23', NULL, '', 'Q-DRAFT', 'aE5EZlNXRFRzUDM=', ''),
(20, 8, 4, NULL, NULL, NULL, 'Draft', '2015-07-23', '2015-07-23', NULL, '', 'Q-DRAFT', 'T2VRYVNDR3RuTDM=', ''),
(21, 8, 4, NULL, NULL, NULL, 'Draft', '2015-07-25', '2015-07-25', NULL, '', 'Q-DRAFT', 'd0JMQnJ0ZEQ3aDM=', ''),
(22, 15, NULL, 8, 0, 0, 'Draft', '2015-07-29', '2015-07-29', NULL, '', 'Q-DRAFT', 'Q3REQWZZQ3dtNjM=', ''),
(23, 15, NULL, NULL, NULL, NULL, 'Draft', '2015-08-19', '2015-08-19', NULL, '', 'Q-DRAFT', 'N2U0R3EwcU5adTM=', ''),
(24, 15, NULL, NULL, NULL, NULL, 'Draft', '2015-08-20', '2015-08-20', NULL, '', 'Q-DRAFT', 'ZzFoRVE5eXR0dDM=', ''),
(25, 15, NULL, 7, 0, 2, 'Draft', '2015-08-20', '2015-08-20', 'tesss', 'tes', 'Q-DRAFT', 'enpoOEMzd0xQVzM=', 'te'),
(26, 15, NULL, NULL, NULL, NULL, 'Draft', '2015-08-21', '2015-08-21', NULL, '', 'Q-DRAFT', 'ODRUWGpvTDJjYzM=', ''),
(27, 15, NULL, 12, 6, 5, 'Draft', '2015-08-24', '2015-08-24', NULL, '', 'Q-DRAFT', 'UTJONzU3eXdBMDM=', ''),
(28, 15, NULL, NULL, NULL, NULL, 'Draft', '2015-08-24', '2015-08-24', NULL, '', 'Q-DRAFT', 'bzU5MTB6MU5ZVDM=', ''),
(30, 18, NULL, 7, 2, 2, 'Draft', '2015-09-10', '2015-09-10', NULL, '', 'Q-DRAFT', 'TUtjMEFCN21FWDM=', ''),
(31, 18, NULL, 8, 4, 4, 'Draft', '2015-09-22', '2015-09-22', NULL, '', 'Q-DRAFT', 'dGtvc2RRd0xoQzM=', ''),
(32, 18, NULL, 20, 0, 0, 'Draft', '2015-09-24', '2015-09-24', NULL, '', 'Q-DRAFT', 'VjQyd09ReTM5ZDM=', ''),
(33, 18, NULL, NULL, NULL, NULL, 'Draft', '2015-09-25', '2015-09-25', NULL, '', 'Q-DRAFT', 'TEdLdFNNNDRNQjM=', ''),
(34, 18, NULL, 16, 0, 0, 'Q-20150000003', '2015-09-26', '2015-09-26', 'This are the quotes', '', 'Q-APPROVED', 'cFNOc05ac0xDajM=', ''),
(35, 18, NULL, NULL, NULL, NULL, 'Draft', '2015-09-26', '2015-09-26', NULL, '', 'Q-DRAFT', 'cFkybjNadXFZNzM=', ''),
(36, 18, NULL, NULL, NULL, NULL, 'Draft', '2015-09-27', '2015-09-27', NULL, '', 'Q-DRAFT', 'SExmS0hTRml6RDM=', ''),
(37, 18, NULL, NULL, NULL, NULL, 'Draft', '2015-09-28', '2015-09-28', NULL, '', 'Q-DRAFT', 'MTFkRmlpQXV4bTQ=', ''),
(38, 18, NULL, NULL, NULL, NULL, 'Draft', '2015-09-28', '2015-09-28', NULL, 'gbngf fgh fgh', 'Q-DRAFT', 'bHRIWlZ2SWFnMjQ=', ''),
(39, 18, NULL, NULL, NULL, NULL, 'Draft', '2015-09-28', '2015-09-28', NULL, '', 'Q-DRAFT', 'OGJPempCWWZNRzQ=', ''),
(40, 18, NULL, NULL, NULL, NULL, 'Draft', '2015-09-29', '2015-09-29', NULL, '', 'Q-DRAFT', 'SGxrRmZlRlF6NDQ=', ''),
(41, 18, NULL, NULL, NULL, NULL, 'Draft', '2015-10-02', '2015-10-02', NULL, '', 'Q-DRAFT', 'aWt6M3NWUzhCeTQ=', ''),
(42, 18, NULL, NULL, NULL, NULL, 'Draft', '2015-10-02', '2015-10-02', NULL, '', 'Q-DRAFT', 'bURaT0VmNjExZjQ=', ''),
(43, 18, NULL, NULL, NULL, NULL, 'Draft', '2015-10-03', '2015-10-03', NULL, '', 'Q-DRAFT', 'TmIyaEpiMFE0bDQ=', ''),
(44, 18, NULL, NULL, NULL, NULL, 'Draft', '2015-10-03', '2015-10-03', NULL, '', 'Q-DRAFT', 'N0pJQVFOb1pSSDQ=', ''),
(45, 18, NULL, NULL, NULL, NULL, 'Draft', '2015-10-03', '2015-10-03', NULL, '', 'Q-DRAFT', 'eGVZeHdGNzZGcTQ=', ''),
(46, 18, NULL, NULL, NULL, NULL, 'Draft', '2015-10-06', '2015-10-06', NULL, '', 'Q-DRAFT', 'UXo5aFVWWXdmRDQ=', ''),
(47, 18, NULL, NULL, NULL, NULL, 'Draft', '2015-10-06', '2015-10-06', NULL, '', 'Q-DRAFT', 'cjgxZlFZY1pZeTQ=', ''),
(48, 18, NULL, NULL, NULL, NULL, 'Draft', '2015-10-06', '2015-10-06', NULL, '', 'Q-DRAFT', 'NmNTRWNrck9IdzQ=', ''),
(49, 18, NULL, NULL, NULL, NULL, 'Draft', '2015-10-06', '2015-10-06', NULL, '', 'Q-DRAFT', 'MHRpcW9FRXlONzQ=', ''),
(51, 18, NULL, 8, 7, 8, 'Q-20150000004', '2015-10-12', '2015-10-12', 'kdfjkdnkldn', '', 'Q-APPROVED', 'UHNNYlN1SDhLUjQ=', ''),
(52, 18, NULL, NULL, NULL, NULL, 'Draft', '2015-10-13', '2015-10-13', NULL, '', 'Q-DRAFT', 'YmJWdkxnMVpTNzU=', ''),
(54, 18, NULL, 10, 0, 0, 'Q-20150000005', '2015-10-14', '2015-10-14', NULL, '', 'Q-APPROVED', 'b1BiMkVoRWo0QzU=', ''),
(55, 18, NULL, NULL, NULL, NULL, 'Draft', '2015-10-14', '2015-10-14', NULL, '', 'Q-DRAFT', 'VlZ0NmFTcG14bTY=', ''),
(56, 18, NULL, NULL, NULL, NULL, 'Draft', '2015-10-15', '2015-10-15', NULL, '', 'Q-DRAFT', 'clJJV0xQSFZWbzY=', ''),
(57, 18, NULL, NULL, NULL, NULL, 'Draft', '2015-10-24', '2015-10-24', NULL, '', 'Q-DRAFT', 'VlY3Z1VpcU9uVjY=', ''),
(58, 25, 12, NULL, NULL, 0, 'Draft', '2015-10-25', '2015-10-25', NULL, '', 'Q-DRAFT', 'UVR3WGRCNjNONzY=', ''),
(59, 25, 12, NULL, NULL, NULL, 'Draft', '2015-10-27', '2015-10-27', NULL, '', 'Q-DRAFT', 'MmZuUFl3NjRzNDY=', ''),
(60, 25, 12, NULL, NULL, NULL, 'Draft', '2015-10-29', '2015-10-29', NULL, '', 'Q-DRAFT', 'cGZnUURHMlVieTY=', ''),
(61, 25, 12, NULL, NULL, NULL, 'Draft', '2015-10-29', '2015-10-29', NULL, '', 'Q-DRAFT', 'ZEZ4bFFzWWhGbTY=', ''),
(62, 25, 12, 14, 0, 0, 'Draft', '2015-11-08', '2015-11-08', NULL, '', 'Q-DRAFT', 'SThVYWNDMkszSjY=', ''),
(63, 25, 12, NULL, NULL, NULL, 'Draft', '2015-11-16', '2015-11-16', NULL, '', 'Q-DRAFT', 'aHVEM1NveVE4YzY=', ''),
(64, 25, 12, NULL, NULL, NULL, 'Draft', '2015-11-17', '2015-11-17', NULL, '', 'Q-DRAFT', 'SExyTkVNc1RlbjY=', ''),
(65, 25, 12, NULL, NULL, NULL, 'Draft', '2015-11-17', '2015-11-17', NULL, '', 'Q-DRAFT', 'TGdaOXVzUGpLUDY=', ''),
(66, 25, 12, 27, 14, 10, 'Q-20150000006', '2015-11-18', '2015-11-18', 'bathroom refit\n', 'Thanks so much for meeting with me today it was great talking with you. i THINK TYOU WILL FIND AN ABSOLUTE DEEAL HERE ', 'Q-SENT', 'blJXZ1B3SmFUVjY=', 'I think we will get this sale'),
(67, 25, 12, NULL, NULL, NULL, 'Draft', '2015-11-23', '2015-11-23', NULL, 'asdasd', 'Q-DRAFT', 'WVBNOXU1cXZIUzc=', ''),
(68, 25, 12, NULL, NULL, NULL, 'Draft', '2015-11-23', '2015-11-23', NULL, '', 'Q-DRAFT', 'eGdEUndmS3JPNzc=', ''),
(69, 25, 12, NULL, NULL, NULL, 'Draft', '2015-11-23', '2015-11-23', NULL, '', 'Q-DRAFT', 'ME45a1lwWmlmZzc=', ''),
(70, 25, 12, NULL, NULL, NULL, 'Draft', '2015-12-02', '2015-12-02', NULL, '', 'Q-DRAFT', 'VEhWNjVncW54Yjc=', ''),
(71, 25, 12, NULL, NULL, NULL, 'Draft', '2015-12-03', '2015-12-03', NULL, 'sssss', 'Q-DRAFT', 'WnU1bzlBZU9VTjc=', ''),
(72, 25, 12, NULL, NULL, NULL, 'Draft', '2015-12-03', '2015-12-03', NULL, '', 'Q-DRAFT', 'U2lqajZmeU5qdzc=', ''),
(73, 25, 12, NULL, NULL, NULL, 'Draft', '2015-12-04', '2015-12-04', NULL, '', 'Q-DRAFT', 'MkxrdGZVdmFaaDc=', ''),
(74, 25, 12, NULL, NULL, NULL, 'Draft', '2015-12-06', '2015-12-06', NULL, '', 'Q-DRAFT', 'V1RhNm1NVW9nSjc=', ''),
(75, 25, 12, NULL, NULL, NULL, 'Draft', '2015-12-19', '2015-12-19', NULL, '', 'Q-DRAFT', 'Z215RG9YOFZEQTc=', ''),
(76, 25, 12, 8, 4, 4, 'Q-20150000007', '2015-12-19', '2015-12-19', 'WE', '', 'Q-APPROVED', 'dHFNSjJvRFZtSTc=', ''),
(77, 25, 12, NULL, NULL, NULL, 'Draft', '2015-12-19', '2015-12-19', NULL, '', 'Q-DRAFT', 'QWpreUdmNENXNzg=', ''),
(78, 25, 12, NULL, NULL, NULL, 'Draft', '2015-12-19', '2015-12-19', NULL, '', 'Q-DRAFT', 'dnZ2TjFiMXZ0eTg=', ''),
(79, 25, 12, NULL, NULL, NULL, 'Draft', '2015-12-19', '2015-12-19', NULL, '', 'Q-DRAFT', 'WVZoa29xNVBzOTg=', ''),
(80, 25, 12, 23, 0, 0, 'Q-20150000008', '2015-12-22', '2015-12-22', NULL, '', 'Q-APPROVED', 'Tnd2dGhrT1QwQzg=', ''),
(81, 25, 12, 14, 0, 0, 'Q-20150000009', '2015-12-29', '2015-12-29', NULL, '', 'Q-APPROVED', 'Z3JGUG1PcmFVYzk=', ''),
(82, 25, 12, NULL, NULL, NULL, 'Draft', '2015-12-29', '2015-12-29', NULL, '', 'Q-DRAFT', 'bFhYRUFhdnVJNTEx', ''),
(83, 25, 12, NULL, NULL, NULL, 'Draft', '2015-12-29', '2015-12-29', NULL, '', 'Q-DRAFT', 'OFZvajRpdkNUQjEx', ''),
(84, 25, 12, NULL, NULL, NULL, 'Draft', '2015-12-29', '2015-12-29', NULL, '', 'Q-DRAFT', 'TkJBSU9xaThSdDEx', ''),
(85, 25, 12, NULL, NULL, NULL, 'Draft', '2015-12-30', '2015-12-30', NULL, '', 'Q-DRAFT', 'cUUzdnlUeE1MYTEx', ''),
(86, 25, 12, NULL, NULL, NULL, 'Draft', '2016-01-01', '2016-01-01', NULL, '', 'Q-DRAFT', 'ME15bFZwTE5BQTEx', ''),
(87, 25, 12, NULL, NULL, NULL, 'Draft', '2016-01-03', '2016-01-03', NULL, '', 'Q-DRAFT', 'Zm1hNGhsRDRtRDEx', ''),
(88, 25, 12, NULL, NULL, NULL, 'Draft', '2016-01-04', '2016-01-04', NULL, '', 'Q-DRAFT', 'TlJUa3RPek5uOTEx', ''),
(89, 25, 12, 14, 9, 0, 'Q-20160000011', '2016-01-04', '2016-01-04', NULL, '', 'Q-APPROVED', 'UXJja1VWNGJLRDEx', '');

-- --------------------------------------------------------

--
-- Table structure for table `lb_quotation_discount`
--

CREATE TABLE IF NOT EXISTS `lb_quotation_discount` (
  `lb_record_primary_key` int(11) NOT NULL AUTO_INCREMENT,
  `lb_quotation_id` int(11) NOT NULL,
  `lb_quotation_discount_description` varchar(255) NOT NULL,
  `lb_quotation_discount_value` decimal(10,2) NOT NULL,
  `lb_quotation_discount_total` decimal(10,2) NOT NULL,
  PRIMARY KEY (`lb_record_primary_key`)
) ENGINE=InnoDB  DEFAULT CHARSET=latin1 AUTO_INCREMENT=10 ;

--
-- Dumping data for table `lb_quotation_discount`
--

INSERT INTO `lb_quotation_discount` (`lb_record_primary_key`, `lb_quotation_id`, `lb_quotation_discount_description`, `lb_quotation_discount_value`, `lb_quotation_discount_total`) VALUES
(1, 3, 'Discount', 0.00, 500.00),
(2, 27, 'Discount', 0.00, 0.00),
(3, 37, 'Discount', 0.00, 0.00),
(4, 38, 'Discount', 0.00, 0.00),
(5, 67, 'Discount', 0.00, 0.00),
(7, 76, '200', 0.00, 500.00),
(8, 89, 'Discount', 0.00, 29.56);

-- --------------------------------------------------------

--
-- Table structure for table `lb_quotation_item`
--

CREATE TABLE IF NOT EXISTS `lb_quotation_item` (
  `lb_record_primary_key` int(11) NOT NULL AUTO_INCREMENT,
  `lb_quotation_id` int(11) NOT NULL,
  `lb_quotation_item_description` text NOT NULL,
  `lb_quotation_item_quantity` decimal(10,2) NOT NULL,
  `lb_quotation_item_price` decimal(10,2) NOT NULL,
  `lb_quotation_item_total` decimal(10,2) NOT NULL,
  PRIMARY KEY (`lb_record_primary_key`)
) ENGINE=InnoDB  DEFAULT CHARSET=latin1 AUTO_INCREMENT=114 ;

--
-- Dumping data for table `lb_quotation_item`
--

INSERT INTO `lb_quotation_item` (`lb_record_primary_key`, `lb_quotation_id`, `lb_quotation_item_description`, `lb_quotation_item_quantity`, `lb_quotation_item_price`, `lb_quotation_item_total`) VALUES
(1, 1, '', 1.00, 0.00, 0.00),
(2, 2, 'Computed', 1.00, 0.00, 0.00),
(3, 3, '??\r\n????????????????????????\r\n????????????\r\naaaaaaaaaaaaaaaaaaaaaa\r\nbbbbbbbbbbbbbbbbbbbbbbbbbbbbbbb\r\nccccccccccccccccccccccccccccc', 1.00, 3000.00, 3000.00),
(4, 3, 'fgsdfgsdgsd\r\nsggsdgsgsgsdg', 2.00, 600.00, 1200.00),
(5, 4, '', 1.00, 0.00, 0.00),
(6, 5, 'hhhh', 1.00, 70.00, 70.00),
(7, 6, '', 1.00, 0.00, 0.00),
(8, 6, '', 1.00, 0.00, 0.00),
(9, 7, '', 1.00, 0.00, 0.00),
(10, 8, '', 1.00, 0.00, 0.00),
(11, 9, '', 1.00, 0.00, 0.00),
(12, 10, '', 1.00, 0.00, 0.00),
(13, 11, '', 1.00, 0.00, 0.00),
(14, 12, '', 1.00, 0.00, 0.00),
(15, 13, '', 1.00, 0.00, 0.00),
(16, 14, '', 1.00, 0.00, 0.00),
(17, 15, 'HP Pavilion', 3.20, 4.00, 12.80),
(18, 16, '', 1.00, 0.00, 0.00),
(19, 17, '', 1.00, 0.00, 0.00),
(20, 18, '', 1.00, 0.00, 0.00),
(21, 19, '', 1.00, 0.00, 0.00),
(22, 20, '', 1.00, 0.00, 0.00),
(23, 21, '', 1.00, 0.00, 0.00),
(24, 22, '', 1.00, 0.00, 0.00),
(25, 23, '', 1.00, 0.00, 0.00),
(26, 24, '', 1.00, 0.00, 0.00),
(27, 25, 'Computed', 1.00, 0.00, 0.00),
(29, 25, 'HP Pavilion', 1.00, 0.00, 0.00),
(30, 26, '', 1.00, 0.00, 0.00),
(31, 27, '', 1.00, 0.00, 0.00),
(32, 28, '', 1.00, 0.00, 0.00),
(34, 30, 'HP Pavilion', 1.00, 0.00, 0.00),
(35, 31, 'ComputedR434333333333333333', 1.00, 0.00, 0.00),
(36, 32, 'bbbbb', 21.00, 60.00, 1260.00),
(37, 33, '', 1.00, 0.00, 0.00),
(38, 34, 'Service Charge Silver Apartemen', 5.00, 2000.00, 10000.00),
(39, 35, '', 1.00, 0.00, 0.00),
(40, 36, '', 1.00, 0.00, 0.00),
(42, 34, 'aaaatytytytyty', 1.00, 200.00, 200.00),
(43, 37, 'aaaatytytytyty', 1.00, 200.00, 200.00),
(44, 37, '', 1.00, 0.00, 0.00),
(45, 38, 'aaaatytytytyty', 1.00, 200.00, 200.00),
(46, 39, '', 1.00, 0.00, 0.00),
(47, 40, '', 1.00, 0.00, 0.00),
(48, 41, 'Web', 1.00, 150.00, 150.00),
(49, 42, 'aaaatytytytyty', 1.00, 200.00, 200.00),
(50, 42, 'Contract payment for contract C-20150000002, Kiosk A-14, for period 2015-01-01 to 2015-12-31', 1.00, 0.00, 0.00),
(51, 43, '', 1.00, 0.00, 0.00),
(52, 43, 'Contract payment for contract C-20150000002, Kiosk A-14, for period 2015-01-01 to 2015-12-31', 1.00, 24550.00, 24550.00),
(53, 44, '', 1.00, 0.00, 0.00),
(54, 45, '', 1.00, 0.00, 0.00),
(55, 46, '', 1.00, 0.00, 0.00),
(56, 47, '', 1.00, 0.00, 0.00),
(57, 48, '', 1.00, 0.00, 0.00),
(58, 49, '', 1.00, 0.00, 0.00),
(60, 51, 'HP Pavilion', 3.00, 15.00, 45.00),
(61, 51, 'SKCMS', 1.00, 10000.00, 10000.00),
(62, 52, '', 1.00, 0.00, 0.00),
(64, 54, 'aaaatytytytyty', 1.00, 200.00, 200.00),
(65, 55, 'Awesome app development', 2.00, 10000.00, 20000.00),
(66, 56, '', 1.00, 0.00, 0.00),
(67, 57, '', 1.00, 0.00, 0.00),
(68, 58, 'Awesome app development', 1.00, 10000.00, 10000.00),
(69, 59, '', 1.00, 0.00, 0.00),
(70, 60, '', 1.00, 0.00, 0.00),
(71, 61, '', 1.00, 0.00, 0.00),
(72, 62, '', 1.00, 0.00, 0.00),
(73, 63, '', 1.00, 0.00, 0.00),
(74, 64, '', 1.00, 0.00, 0.00),
(75, 65, '', 1.00, 0.00, 0.00),
(76, 66, 'Bathroom tile', 1.00, 875.00, 875.00),
(77, 66, 'shower tile', 1.00, 453.00, 453.00),
(78, 67, '', 2.00, 120.00, 240.00),
(79, 68, '', 1.00, 0.00, 0.00),
(80, 69, '', 1.00, 0.00, 0.00),
(81, 70, '', 1.00, 0.00, 0.00),
(82, 71, 'aaaa', 1.00, 0.00, 0.00),
(83, 72, '', 1.00, 0.00, 0.00),
(84, 73, '', 1.00, 0.00, 0.00),
(85, 74, '', 1.00, 0.00, 0.00),
(86, 75, '', 1.00, 0.00, 0.00),
(87, 76, 'Awesome app development', 2.00, 10000.00, 20000.00),
(88, 77, '', 1.00, 0.00, 0.00),
(89, 77, '', 1.00, 0.00, 0.00),
(90, 78, '', 1.00, 0.00, 0.00),
(91, 79, '', 1.00, 0.00, 0.00),
(92, 75, '', 1.00, 0.00, 0.00),
(93, 75, '', 1.00, 0.00, 0.00),
(94, 80, 'Contract payment for contract C-20150000002, Kiosk A-14, for period 2015-01-01 to 2015-12-31', 1.00, 10.00, 10.00),
(95, 81, 'aaaatytytytyty', 1.00, 200.00, 200.00),
(96, 81, 'Awesome app developmentcxv', 1.00, 10000.00, 10000.00),
(97, 82, 'Awesome app developmentcxv', 10.00, 10000.00, 100000.00),
(98, 83, '', 1.00, 0.00, 0.00),
(99, 84, 'aaaatytytytyty', 7.00, 200.00, 1400.00),
(100, 84, '', 1.00, 0.00, 0.00),
(101, 84, '', 1.00, 0.00, 0.00),
(102, 84, '', 1.00, 0.00, 0.00),
(103, 84, '', 1.00, 0.00, 0.00),
(104, 84, '', 1.00, 0.00, 0.00),
(105, 84, '', 1.00, 0.00, 0.00),
(106, 85, 'aaaatytytytyty', 2.00, 200.00, 400.00),
(107, 85, '', 3.00, 0.00, 0.00),
(108, 86, '', 1.00, 0.00, 0.00),
(109, 87, 'aaaatytytytyty', 1.00, 200.00, 200.00),
(110, 88, 'aaaatytytytyty', 1.00, 200.00, 200.00),
(111, 88, '', 1.00, 0.00, 0.00),
(112, 88, '', 1.00, 0.00, 0.00),
(113, 89, 'ABC', 200.00, 10.00, 2000.00);

-- --------------------------------------------------------

--
-- Table structure for table `lb_quotation_tax`
--

CREATE TABLE IF NOT EXISTS `lb_quotation_tax` (
  `lb_record_primary_key` int(11) NOT NULL AUTO_INCREMENT,
  `lb_quotation_id` int(11) NOT NULL,
  `lb_quotation_tax_id` int(11) NOT NULL,
  `lb_quotation_tax_value` decimal(10,2) NOT NULL,
  `lb_quotation_tax_total` decimal(10,2) NOT NULL,
  PRIMARY KEY (`lb_record_primary_key`)
) ENGINE=InnoDB  DEFAULT CHARSET=latin1 AUTO_INCREMENT=97 ;

--
-- Dumping data for table `lb_quotation_tax`
--

INSERT INTO `lb_quotation_tax` (`lb_record_primary_key`, `lb_quotation_id`, `lb_quotation_tax_id`, `lb_quotation_tax_value`, `lb_quotation_tax_total`) VALUES
(1, 1, 1, 7.00, 0.00),
(2, 2, 1, 7.00, 0.00),
(3, 2, 2, 12.00, 0.00),
(5, 4, 1, 7.00, 0.00),
(6, 5, 1, 7.00, 2822.95),
(7, 6, 1, 7.00, 0.00),
(8, 7, 1, 7.00, 0.00),
(9, 8, 1, 7.00, 0.00),
(10, 9, 1, 7.00, 0.00),
(11, 10, 1, 7.00, 0.00),
(12, 11, 1, 7.00, 0.00),
(13, 12, 1, 7.00, 0.00),
(14, 13, 1, 7.00, 0.00),
(15, 14, 1, 7.00, 0.00),
(16, 15, 2, 12.00, 1.54),
(17, 16, 1, 7.00, 0.00),
(18, 17, 1, 7.00, 0.00),
(19, 18, 1, 7.00, 0.00),
(20, 19, 1, 7.00, 0.00),
(21, 20, 1, 7.00, 0.00),
(22, 21, 1, 7.00, 0.00),
(23, 22, 1, 7.00, 0.00),
(24, 23, 1, 7.00, 0.00),
(25, 24, 1, 7.00, 0.00),
(26, 25, 1, 7.00, 0.00),
(27, 26, 1, 7.00, 0.00),
(28, 27, 1, 7.00, 0.00),
(29, 28, 1, 7.00, 0.00),
(30, 27, 1, 7.00, 0.00),
(31, 27, 1, 7.00, 0.00),
(33, 30, 1, 7.00, 0.00),
(34, 31, 1, 7.00, 0.00),
(36, 32, 3, 23.00, 289.80),
(37, 33, 1, 7.00, 0.00),
(38, 34, 3, 23.00, 2346.00),
(39, 35, 1, 7.00, 0.00),
(40, 36, 1, 7.00, 0.00),
(41, 37, 1, 7.00, 14.00),
(42, 38, 1, 7.00, 14.00),
(43, 39, 1, 7.00, 0.00),
(44, 40, 1, 7.00, 0.00),
(45, 41, 0, 0.00, 0.00),
(46, 42, 1, 7.00, 14.00),
(47, 43, 1, 7.00, 1718.50),
(48, 44, 1, 7.00, 0.00),
(49, 45, 1, 7.00, 0.00),
(50, 46, 1, 7.00, 0.00),
(51, 47, 1, 7.00, 0.00),
(52, 48, 1, 7.00, 0.00),
(53, 49, 1, 7.00, 0.00),
(55, 51, 2, 12.00, 1205.40),
(57, 52, 1, 7.00, 0.00),
(59, 54, 1, 7.00, 14.00),
(60, 55, 1, 7.00, 1400.00),
(61, 55, 6, 1.50, 300.00),
(62, 56, 1, 7.00, 0.00),
(63, 57, 1, 7.00, 0.00),
(64, 58, 1, 7.00, 700.00),
(65, 59, 1, 7.00, 0.00),
(66, 60, 1, 7.00, 0.00),
(67, 61, 1, 7.00, 0.00),
(68, 62, 1, 7.00, 0.00),
(69, 63, 1, 7.00, 0.00),
(70, 64, 1, 7.00, 0.00),
(71, 65, 1, 7.00, 0.00),
(74, 67, 3, 23.00, 55.20),
(75, 68, 1, 7.00, 0.00),
(76, 69, 1, 7.00, 0.00),
(77, 70, 1, 7.00, 0.00),
(78, 71, 1, 7.00, 0.00),
(79, 72, 1, 7.00, 0.00),
(80, 73, 1, 7.00, 0.00),
(81, 74, 1, 7.00, 0.00),
(82, 75, 1, 7.00, 0.00),
(83, 76, 1, 7.00, 1365.00),
(84, 77, 1, 7.00, 0.00),
(85, 78, 1, 7.00, 0.00),
(86, 79, 1, 7.00, 0.00),
(87, 80, 5, 13.00, 1.30),
(88, 81, 1, 7.00, 714.00),
(89, 82, 1, 7.00, 7000.00),
(90, 83, 1, 7.00, 0.00),
(91, 84, 1, 7.00, 98.00),
(92, 85, 1, 7.00, 28.00),
(93, 86, 1, 7.00, 0.00),
(94, 87, 1, 7.00, 14.00),
(95, 88, 1, 7.00, 14.00),
(96, 89, 6, 1.50, 29.56);

-- --------------------------------------------------------

--
-- Table structure for table `lb_quotation_total`
--

CREATE TABLE IF NOT EXISTS `lb_quotation_total` (
  `lb_record_primary_key` int(11) NOT NULL AUTO_INCREMENT,
  `lb_quotation_id` int(11) NOT NULL,
  `lb_quotation_subtotal` decimal(10,2) NOT NULL,
  `lb_quotation_total_after_discount` decimal(10,2) NOT NULL,
  `lb_quotation_total_after_tax` decimal(10,2) NOT NULL,
  `lb_quotation_total_after_total` decimal(10,2) NOT NULL,
  PRIMARY KEY (`lb_record_primary_key`)
) ENGINE=InnoDB  DEFAULT CHARSET=latin1 AUTO_INCREMENT=90 ;

--
-- Dumping data for table `lb_quotation_total`
--

INSERT INTO `lb_quotation_total` (`lb_record_primary_key`, `lb_quotation_id`, `lb_quotation_subtotal`, `lb_quotation_total_after_discount`, `lb_quotation_total_after_tax`, `lb_quotation_total_after_total`) VALUES
(1, 1, 0.00, 0.00, 0.00, 0.00),
(2, 2, 0.00, 0.00, 0.00, 0.00),
(3, 3, 40610.00, 500.00, 0.00, 40110.00),
(4, 4, 0.00, 0.00, 0.00, 0.00),
(5, 5, 40327.80, 0.00, 2822.95, 43150.75),
(6, 6, 21568.00, 0.00, 0.00, 21568.00),
(7, 7, 0.00, 0.00, 0.00, 0.00),
(8, 8, 0.00, 0.00, 0.00, 0.00),
(9, 9, 0.00, 0.00, 0.00, 0.00),
(10, 10, 0.00, 0.00, 0.00, 0.00),
(11, 11, 0.00, 0.00, 0.00, 0.00),
(12, 12, 0.00, 0.00, 0.00, 0.00),
(13, 13, 0.00, 0.00, 0.00, 0.00),
(14, 14, 0.00, 0.00, 0.00, 0.00),
(15, 15, 12.80, 0.00, 1.54, 14.34),
(16, 16, 0.00, 0.00, 0.00, 0.00),
(17, 17, 0.00, 0.00, 0.00, 0.00),
(18, 18, 0.00, 0.00, 0.00, 0.00),
(19, 19, 0.00, 0.00, 0.00, 0.00),
(20, 20, 0.00, 0.00, 0.00, 0.00),
(21, 21, 0.00, 0.00, 0.00, 0.00),
(22, 22, 0.00, 0.00, 0.00, 0.00),
(23, 23, 0.00, 0.00, 0.00, 0.00),
(24, 24, 0.00, 0.00, 0.00, 0.00),
(25, 25, 0.00, 0.00, 0.00, 0.00),
(26, 26, 0.00, 0.00, 0.00, 0.00),
(27, 27, 0.00, 0.00, 0.00, 0.00),
(28, 28, 0.00, 0.00, 0.00, 0.00),
(30, 30, 0.00, 0.00, 0.00, 0.00),
(31, 31, 0.00, 0.00, 0.00, 0.00),
(32, 32, 1260.00, 0.00, 289.80, 1549.80),
(33, 33, 0.00, 0.00, 0.00, 0.00),
(34, 34, 10200.00, 0.00, 2346.00, 12546.00),
(35, 35, 0.00, 0.00, 0.00, 0.00),
(36, 36, 0.00, 0.00, 0.00, 0.00),
(37, 37, 200.00, 0.00, 14.00, 214.00),
(38, 38, 200.00, 0.00, 14.00, 214.00),
(39, 39, 0.00, 0.00, 0.00, 0.00),
(40, 40, 0.00, 0.00, 0.00, 0.00),
(41, 41, 150.00, 0.00, 0.00, 150.00),
(42, 42, 200.00, 0.00, 14.00, 214.00),
(43, 43, 24550.00, 0.00, 1718.50, 26268.50),
(44, 44, 0.00, 0.00, 0.00, 0.00),
(45, 45, 0.00, 0.00, 0.00, 0.00),
(46, 46, 0.00, 0.00, 0.00, 0.00),
(47, 47, 0.00, 0.00, 0.00, 0.00),
(48, 48, 0.00, 0.00, 0.00, 0.00),
(49, 49, 0.00, 0.00, 0.00, 0.00),
(51, 51, 10045.00, 0.00, 1205.40, 11250.40),
(52, 52, 0.00, 0.00, 0.00, 0.00),
(54, 54, 200.00, 0.00, 14.00, 214.00),
(55, 55, 20000.00, 0.00, 1700.00, 21700.00),
(56, 56, 0.00, 0.00, 0.00, 0.00),
(57, 57, 0.00, 0.00, 0.00, 0.00),
(58, 58, 10000.00, 0.00, 700.00, 10700.00),
(59, 59, 0.00, 0.00, 0.00, 0.00),
(60, 60, 0.00, 0.00, 0.00, 0.00),
(61, 61, 0.00, 0.00, 0.00, 0.00),
(62, 62, 0.00, 0.00, 0.00, 0.00),
(63, 63, 0.00, 0.00, 0.00, 0.00),
(64, 64, 0.00, 0.00, 0.00, 0.00),
(65, 65, 0.00, 0.00, 0.00, 0.00),
(66, 66, 1328.00, 0.00, 0.00, 1328.00),
(67, 67, 240.00, 0.00, 55.20, 295.20),
(68, 68, 0.00, 0.00, 0.00, 0.00),
(69, 69, 0.00, 0.00, 0.00, 0.00),
(70, 70, 0.00, 0.00, 0.00, 0.00),
(71, 71, 0.00, 0.00, 0.00, 0.00),
(72, 72, 0.00, 0.00, 0.00, 0.00),
(73, 73, 0.00, 0.00, 0.00, 0.00),
(74, 74, 0.00, 0.00, 0.00, 0.00),
(75, 75, 0.00, 0.00, 0.00, 0.00),
(76, 76, 20000.00, 500.00, 1365.00, 20865.00),
(77, 77, 0.00, 0.00, 0.00, 0.00),
(78, 78, 0.00, 0.00, 0.00, 0.00),
(79, 79, 0.00, 0.00, 0.00, 0.00),
(80, 80, 10.00, 0.00, 1.30, 11.30),
(81, 81, 10200.00, 0.00, 714.00, 10914.00),
(82, 82, 100000.00, 0.00, 7000.00, 107000.00),
(83, 83, 0.00, 0.00, 0.00, 0.00),
(84, 84, 1400.00, 0.00, 98.00, 1498.00),
(85, 85, 400.00, 0.00, 28.00, 428.00),
(86, 86, 0.00, 0.00, 0.00, 0.00),
(87, 87, 200.00, 0.00, 14.00, 214.00),
(88, 88, 200.00, 0.00, 14.00, 214.00),
(89, 89, 2000.00, 29.56, 29.56, 2000.00);

-- --------------------------------------------------------

--
-- Table structure for table `lb_roles`
--

CREATE TABLE IF NOT EXISTS `lb_roles` (
  `lb_record_primary_key` int(11) NOT NULL AUTO_INCREMENT,
  `role_name` varchar(100) NOT NULL,
  `role_description` varchar(255) NOT NULL,
  PRIMARY KEY (`lb_record_primary_key`)
) ENGINE=InnoDB  DEFAULT CHARSET=latin1 AUTO_INCREMENT=5 ;

--
-- Dumping data for table `lb_roles`
--

INSERT INTO `lb_roles` (`lb_record_primary_key`, `role_name`, `role_description`) VALUES
(4, 'tk', 'tK1');

-- --------------------------------------------------------

--
-- Table structure for table `lb_roles_basic_permission`
--

CREATE TABLE IF NOT EXISTS `lb_roles_basic_permission` (
  `role_basic_permission_id` int(11) NOT NULL AUTO_INCREMENT,
  `role_id` int(11) NOT NULL,
  `module_id` int(11) NOT NULL,
  `basic_permission_id` int(11) NOT NULL,
  `basic_permission_status` int(1) NOT NULL,
  PRIMARY KEY (`role_basic_permission_id`)
) ENGINE=InnoDB DEFAULT CHARSET=latin1 AUTO_INCREMENT=1 ;

-- --------------------------------------------------------

--
-- Table structure for table `lb_roles_define_permission`
--

CREATE TABLE IF NOT EXISTS `lb_roles_define_permission` (
  `role_define_permission_id` int(11) NOT NULL AUTO_INCREMENT,
  `define_permission_id` int(11) NOT NULL,
  `role_id` int(11) NOT NULL,
  `define_permission_status` int(1) NOT NULL,
  `module_id` int(11) NOT NULL,
  PRIMARY KEY (`role_define_permission_id`)
) ENGINE=InnoDB DEFAULT CHARSET=latin1 AUTO_INCREMENT=1 ;

-- --------------------------------------------------------

--
-- Table structure for table `lb_subscription`
--

CREATE TABLE IF NOT EXISTS `lb_subscription` (
  `subscription_id` int(11) NOT NULL AUTO_INCREMENT,
  `subscription_name` varchar(255) NOT NULL,
  `subscription_cycle` int(11) NOT NULL,
  `subscription_value` varchar(255) NOT NULL,
  PRIMARY KEY (`subscription_id`)
) ENGINE=MyISAM DEFAULT CHARSET=utf8 AUTO_INCREMENT=1 ;

-- --------------------------------------------------------

--
-- Table structure for table `lb_sys_accounts`
--

CREATE TABLE IF NOT EXISTS `lb_sys_accounts` (
  `account_id` int(11) NOT NULL AUTO_INCREMENT,
  `account_email` char(255) NOT NULL,
  `account_password` char(255) NOT NULL,
  `account_created_date` datetime NOT NULL,
  `account_timezone` varchar(255) DEFAULT NULL,
  `account_language` varchar(255) DEFAULT NULL,
  `account_status` tinyint(1) NOT NULL,
  PRIMARY KEY (`account_id`)
) ENGINE=InnoDB  DEFAULT CHARSET=utf8 AUTO_INCREMENT=5 ;

--
-- Dumping data for table `lb_sys_accounts`
--

INSERT INTO `lb_sys_accounts` (`account_id`, `account_email`, `account_password`, `account_created_date`, `account_timezone`, `account_language`, `account_status`) VALUES
(1, 'admin', '$2a$13$PP/VRWT.vigb.Z/9bEh1huZWUTehyrE5JFEJQRTEcw7s.Q5Cb9SnS', '2015-06-22 17:02:19', NULL, NULL, 1),
(2, 'nhuht@linxhq.com', '$2a$13$NgH5q2gVJmfxHC6UAnjnWuCYQAmkloOLnYR0CrxvFOAtYwOlaMCHi', '2015-07-10 17:32:00', NULL, NULL, 1),
(3, 'nhuht@lionsoftwaresolutions.com', '$2a$13$QKeeN.mXY4.BRPcNXDNz1uNpzUjrG1wASKaogE0f5EoHQWoLgnqJm', '2015-07-15 14:33:00', NULL, NULL, 1),
(4, '123@yopmail.com', '$2a$13$Lrr.R1Z7gLIch5Q8x11XmO1GwzXp0sLzsJMcr9LB2ksgAUoQqzTq2', '2015-10-14 22:55:00', NULL, NULL, 1);

-- --------------------------------------------------------

--
-- Table structure for table `lb_sys_account_invitations`
--

CREATE TABLE IF NOT EXISTS `lb_sys_account_invitations` (
  `account_invitation_id` int(11) NOT NULL AUTO_INCREMENT,
  `account_invitation_master_id` int(11) NOT NULL,
  `account_invitation_to_email` char(255) NOT NULL,
  `account_invitation_date` datetime NOT NULL,
  `account_invitation_status` tinyint(4) NOT NULL,
  `account_invitation_rand_key` char(100) NOT NULL,
  `account_invitation_project` int(11) DEFAULT NULL,
  `account_invitation_type` tinyint(1) NOT NULL COMMENT '0: team member, 1: customer',
  `account_invitation_subscription_id` int(11) NOT NULL,
  PRIMARY KEY (`account_invitation_id`)
) ENGINE=InnoDB  DEFAULT CHARSET=utf8 AUTO_INCREMENT=4 ;

--
-- Dumping data for table `lb_sys_account_invitations`
--

INSERT INTO `lb_sys_account_invitations` (`account_invitation_id`, `account_invitation_master_id`, `account_invitation_to_email`, `account_invitation_date`, `account_invitation_status`, `account_invitation_rand_key`, `account_invitation_project`, `account_invitation_type`, `account_invitation_subscription_id`) VALUES
(1, 1, 'nhuht@linxhq.com', '2015-07-10 17:31:00', 1, '7c6e13ce14f5102b4673b9c44f4011f6', NULL, 0, 1),
(2, 1, 'nhuht@lionsoftwaresolutions.com', '2015-07-15 14:32:00', 1, 'b394a8a57358b4d2e59fb8d4fccdb7ff', NULL, 1, 1),
(3, 1, '123@yopmail.com', '2015-10-14 22:54:00', 1, '3a15b512b96aef52bd9900e369c35158', NULL, 0, 6);

-- --------------------------------------------------------

--
-- Table structure for table `lb_sys_account_password_reset`
--

CREATE TABLE IF NOT EXISTS `lb_sys_account_password_reset` (
  `account_password_reset_id` int(11) NOT NULL AUTO_INCREMENT,
  `account_id` int(11) NOT NULL,
  `account_password_reset_rand_key` char(100) CHARACTER SET utf8 NOT NULL,
  `account_password_reset_rand_key_expiry` datetime NOT NULL,
  PRIMARY KEY (`account_password_reset_id`)
) ENGINE=InnoDB DEFAULT CHARSET=utf8 COLLATE=utf8_unicode_ci AUTO_INCREMENT=1 ;

-- --------------------------------------------------------

--
-- Table structure for table `lb_sys_account_profiles`
--

CREATE TABLE IF NOT EXISTS `lb_sys_account_profiles` (
  `account_profile_id` int(11) NOT NULL AUTO_INCREMENT,
  `account_id` int(11) NOT NULL,
  `account_profile_surname` varchar(255) NOT NULL,
  `account_profile_given_name` varchar(255) NOT NULL,
  `account_profile_preferred_display_name` varchar(255) NOT NULL,
  `account_profile_company_name` varchar(255) DEFAULT NULL,
  PRIMARY KEY (`account_profile_id`),
  UNIQUE KEY `account_id` (`account_id`)
) ENGINE=InnoDB  DEFAULT CHARSET=utf8 AUTO_INCREMENT=5 ;

--
-- Dumping data for table `lb_sys_account_profiles`
--

INSERT INTO `lb_sys_account_profiles` (`account_profile_id`, `account_id`, `account_profile_surname`, `account_profile_given_name`, `account_profile_preferred_display_name`, `account_profile_company_name`) VALUES
(1, 1, '', 'Admin', '', NULL),
(2, 2, 'Hoang', 'Nhu', 'Nhu Hoang', NULL),
(3, 3, 'Hoang', 'Nhu', 'Nhu Hoang', NULL),
(4, 4, 'Tien', 'Tran', 'Tran Tien', NULL);

-- --------------------------------------------------------

--
-- Table structure for table `lb_sys_account_subscriptions`
--

CREATE TABLE IF NOT EXISTS `lb_sys_account_subscriptions` (
  `account_subscription_id` int(11) NOT NULL AUTO_INCREMENT,
  `account_id` int(11) NOT NULL,
  `subscription_name` varchar(255) NOT NULL,
  `account_subscription_package_id` tinyint(3) NOT NULL,
  `account_subscription_start_date` datetime NOT NULL,
  `account_subscription_end_date` datetime DEFAULT NULL,
  `account_subscription_status_id` tinyint(1) NOT NULL,
  PRIMARY KEY (`account_subscription_id`)
) ENGINE=InnoDB  DEFAULT CHARSET=utf8 AUTO_INCREMENT=12 ;

--
-- Dumping data for table `lb_sys_account_subscriptions`
--

INSERT INTO `lb_sys_account_subscriptions` (`account_subscription_id`, `account_id`, `subscription_name`, `account_subscription_package_id`, `account_subscription_start_date`, `account_subscription_end_date`, `account_subscription_status_id`) VALUES
(1, 1, 'My Company', 0, '2015-06-22 17:02:19', NULL, 1),
(2, 1, 'Hoang Nhu', 4, '2015-07-15 14:50:31', NULL, 1),
(3, 1, 'hh', 4, '2015-08-01 02:18:34', NULL, 1),
(4, 1, 'apasih', 4, '2015-08-30 21:14:56', NULL, 1),
(5, 1, 'RC12345', 4, '2015-09-23 00:11:16', NULL, 1),
(6, 1, '23', 4, '2015-10-14 12:33:54', NULL, 1),
(7, 1, 'test1', 4, '2015-10-14 19:47:38', NULL, 1),
(8, 1, 'de', 4, '2015-10-14 22:54:11', NULL, 1),
(9, 1, 'fd', 4, '2015-10-14 22:56:51', NULL, 1),
(10, 1, 'sd', 4, '2015-10-28 22:54:51', NULL, 1),
(11, 1, 'tester', 4, '2015-11-20 00:26:01', NULL, 1);

-- --------------------------------------------------------

--
-- Table structure for table `lb_sys_account_team_members`
--

CREATE TABLE IF NOT EXISTS `lb_sys_account_team_members` (
  `account_team_member_id` int(11) NOT NULL AUTO_INCREMENT,
  `member_account_id` int(11) NOT NULL,
  `account_subscription_id` int(11) NOT NULL,
  `master_account_id` int(11) NOT NULL,
  `is_customer` tinyint(1) DEFAULT NULL,
  `is_active` tinyint(1) NOT NULL COMMENT '-1 deactivated; 1 active',
  PRIMARY KEY (`account_team_member_id`)
) ENGINE=InnoDB  DEFAULT CHARSET=utf8 AUTO_INCREMENT=4 ;

--
-- Dumping data for table `lb_sys_account_team_members`
--

INSERT INTO `lb_sys_account_team_members` (`account_team_member_id`, `member_account_id`, `account_subscription_id`, `master_account_id`, `is_customer`, `is_active`) VALUES
(1, 2, 1, 1, 0, 1),
(2, 3, 1, 1, 1, -1),
(3, 4, 6, 1, 0, 1);

-- --------------------------------------------------------

--
-- Table structure for table `lb_sys_lists`
--

CREATE TABLE IF NOT EXISTS `lb_sys_lists` (
  `system_list_item_id` int(11) NOT NULL AUTO_INCREMENT,
  `system_list_name` varchar(255) NOT NULL,
  `system_list_code` char(100) NOT NULL,
  `system_list_item_code` char(50) NOT NULL,
  `system_list_item_name` varchar(255) NOT NULL,
  `system_list_parent_item_id` int(11) DEFAULT NULL,
  `system_list_item_order` int(4) DEFAULT NULL,
  `system_list_item_active` tinyint(1) DEFAULT NULL,
  PRIMARY KEY (`system_list_item_id`),
  UNIQUE KEY `system_list_item_code` (`system_list_item_code`)
) ENGINE=InnoDB DEFAULT CHARSET=utf8 AUTO_INCREMENT=1 ;

-- --------------------------------------------------------

--
-- Table structure for table `lb_sys_subscription_packages`
--

CREATE TABLE IF NOT EXISTS `lb_sys_subscription_packages` (
  `subscription_package_id` int(11) NOT NULL AUTO_INCREMENT,
  `subscription_package_name` varchar(255) NOT NULL,
  `subscription_package_status` tinyint(1) NOT NULL,
  PRIMARY KEY (`subscription_package_id`)
) ENGINE=InnoDB DEFAULT CHARSET=utf8 AUTO_INCREMENT=1 ;

-- --------------------------------------------------------

--
-- Table structure for table `lb_sys_translate`
--

CREATE TABLE IF NOT EXISTS `lb_sys_translate` (
  `lb_record_primary_key` int(11) NOT NULL AUTO_INCREMENT,
  `lb_tranlate_en` varchar(255) CHARACTER SET utf8 COLLATE utf8_unicode_ci NOT NULL,
  `lb_translate_vn` varchar(255) CHARACTER SET utf8 COLLATE utf8_unicode_ci NOT NULL,
  PRIMARY KEY (`lb_record_primary_key`)
) ENGINE=InnoDB  DEFAULT CHARSET=latin1 AUTO_INCREMENT=139 ;

--
-- Dumping data for table `lb_sys_translate`
--

INSERT INTO `lb_sys_translate` (`lb_record_primary_key`, `lb_tranlate_en`, `lb_translate_vn`) VALUES
(6, 'Contact', 'Lin h'),
(7, 'Login', 'ng nhp'),
(8, 'Logout', 'ng xut'),
(9, 'Customers', 'Khch hng'),
(10, 'Invoices', 'Ha n'),
(11, 'Contracts', 'Hp ng'),
(12, 'Payments', 'Thanh ton'),
(13, 'Expenses', 'Chi ph'),
(14, 'Configuration', 'Cu hnh'),
(16, 'My Account', 'Thng tin c nhn'),
(17, 'My Team', 'Thn tin nhm'),
(18, 'Name', 'Tn'),
(19, 'Tax Code', 'M s thu'),
(20, 'Own Company', 'a ch cng ty'),
(21, 'New Customer', 'Thm khch hng'),
(22, 'Fields with * are required', 'Cc trng c du * l bc buc'),
(23, 'Address', 'a ch'),
(24, 'Optional', 'Khng bc buc'),
(25, 'Contact Person', 'Ngi lin h'),
(26, 'Customer', 'Khch hng'),
(27, 'Address Line', 'a ch'),
(29, 'City', 'Thnh ph'),
(30, 'Country', 'Nc'),
(31, 'Postal Code', 'M bu chnh'),
(32, 'State/Province', 'Bang/khu vc'),
(33, 'Phone', 'S in thoi'),
(34, 'Note', 'Ghi ch'),
(35, 'Is Active', 'ang hot ng'),
(36, 'Billing Address', 'a ch thanh ton'),
(37, 'Translate', 'Ngn ng'),
(38, 'List', 'Danh sch'),
(39, 'Invoice Number', 'S ha n'),
(40, 'Default Note', 'Ghi ch mt nh'),
(41, 'Tax', 'Thu'),
(42, 'New Address', 'Thm a ch'),
(43, 'New Contact', 'Thm lin h'),
(44, 'New Invoice', 'Thm ha n'),
(45, 'Addresses', 'a ch'),
(46, 'Contacts', 'Lin h'),
(47, 'Paid', ' thanh ton'),
(48, 'Due', 'Cn n'),
(49, 'Amount', 'Tng tin'),
(50, 'Invoice No', 'M ha n'),
(51, 'Date', 'Thi gian'),
(52, 'New', 'Thm'),
(53, 'Back', 'Quay li'),
(54, 'Detail information', 'Thng tin chi tit'),
(55, 'Delete', 'Xa'),
(56, 'First Name', 'Tn'),
(57, 'Last Name', 'H'),
(58, 'Office Phone', 'in thoi vn phng'),
(61, 'Mobile', 'in thoi di ng'),
(62, 'All Time Revenue', 'Tng doanh thu'),
(63, 'Year To Date Revenue', 'Doanh thu trong nm'),
(64, 'Cash Collected', 'Tng tin  thu'),
(65, 'Outstanding', 'Tng tin cha thu'),
(66, 'Status', 'Trng thi'),
(67, 'Created By', 'Ngi to'),
(68, 'Due Date', 'Ngy ht hn'),
(69, 'New Payment', 'Thm thanh ton'),
(70, 'see more invoices', 'Xem thm cc ha n'),
(71, 'see more quotations', 'Xem thm cc bo gi'),
(72, 'New Quotation', 'Thm bo gi'),
(73, 'Outstanding Quotation', 'Bo gi cha thu'),
(75, 'Password', 'Mt khu'),
(76, 'Outstanding Invoice', 'Ha n cha thu'),
(77, 'Quotation No', 'M bo gi'),
(78, 'Payment Amount', 'S thin thanh ton'),
(79, 'Payment Date', 'Ngy thanh ton'),
(80, 'Payment Method', 'Phng thc thanh ton'),
(81, 'Receipt No', 'M bin lai'),
(82, 'Payment', 'Thanh ton'),
(83, 'Amount Due', 'S tin n'),
(84, 'Notes', 'Nghi ch'),
(85, 'View Payment', 'Xem thanh ton'),
(86, 'Customer name', 'Tn khch hng'),
(87, 'From', ' T ngy'),
(88, 'To', 'n'),
(89, 'No results found', 'Khng c kt qu no c tm thy'),
(90, 'Amount Paid', 'S tin  tr'),
(91, 'Method', 'Hnh thc'),
(92, 'Total Paid', 'Tng tin  tr'),
(93, 'Total Balance', 'Tng tin cn n'),
(94, 'Total Due', 'Tng tin cn n'),
(95, 'Total', 'Tng tin'),
(96, 'Category', 'Loi'),
(97, 'Expenses No', 'M Chi ph'),
(98, 'Recurring', 'nh k'),
(99, 'Bank Account', 'Ti khon ngn hng'),
(100, 'New Expenses', 'Thm chi ph'),
(101, 'Search', 'Tm kim'),
(102, 'Document', 'Ti liu'),
(104, 'Taxes', 'Thu'),
(105, 'Contract No', 'M hp ng'),
(106, 'Renew', 'Gia hn'),
(107, 'End Date', 'Ngy kt thc'),
(108, 'Start Date', 'Ngy bt u'),
(109, 'Contract Type', 'Loi hp ng'),
(110, 'see more contracts', 'Xem thm hp ng'),
(111, 'New Contract', 'Thm hp ng'),
(112, 'Outstanding Payments', 'Cha thanh ton ht'),
(113, 'Expiring Contracts', 'Hp ng ht hn'),
(115, 'Renew Contract', 'Gia hn hp ng'),
(116, 'Cancel Contract', 'Hy hp ng'),
(117, 'End Contract', 'Kt thc hp ng'),
(118, 'Contract Notes', 'Ghi ch'),
(119, 'Contract Amount', 'S tin hp ng'),
(120, 'Detail', 'Chi tit'),
(121, 'Related Invoice', 'Ha n lin quan'),
(122, 'Due Date', 'Ngy ht hn'),
(123, 'Internal Note', 'Ghi ch ni b'),
(124, 'Note', 'Ghi ch'),
(125, 'Invoice Date', 'Ngy to'),
(126, 'Item', 'Sn phm'),
(127, 'Add item', 'Thm sn phm'),
(128, 'Quantity', 'S lng'),
(129, 'Unit Price', 'n gi'),
(130, 'Add discount', 'Thm gim gi'),
(131, 'Save', 'Lu'),
(132, 'Add tax', 'Thm thu'),
(133, 'Quotation Date', 'Ngy to'),
(134, 'Quotation', 'Bo gi'),
(135, 'Enter', 'Nhp'),
(136, 'Membship', 'Hi vin');

-- --------------------------------------------------------

--
-- Table structure for table `lb_taxes`
--

CREATE TABLE IF NOT EXISTS `lb_taxes` (
  `lb_record_primary_key` int(11) NOT NULL AUTO_INCREMENT,
  `lb_tax_name` varchar(60) COLLATE utf8_unicode_ci NOT NULL,
  `lb_tax_value` decimal(5,2) NOT NULL COMMENT 'percentage:7 for 7%',
  `lb_tax_is_default` tinyint(1) NOT NULL,
  PRIMARY KEY (`lb_record_primary_key`)
) ENGINE=InnoDB  DEFAULT CHARSET=utf8 COLLATE=utf8_unicode_ci AUTO_INCREMENT=8 ;

--
-- Dumping data for table `lb_taxes`
--

INSERT INTO `lb_taxes` (`lb_record_primary_key`, `lb_tax_name`, `lb_tax_value`, `lb_tax_is_default`) VALUES
(1, 'GST', 7.00, 1),
(2, 'Sjdjs', 12.00, 0),
(3, 'tax1', 23.00, 1),
(4, 'Thu Sn Phm', 10.00, 0),
(5, 'Ind', 13.00, 1),
(6, 'vat', 1.50, 0),
(7, 'none', 0.00, 1);

-- --------------------------------------------------------

--
-- Table structure for table `lb_user_credit_card`
--

CREATE TABLE IF NOT EXISTS `lb_user_credit_card` (
  `user_credit_card_id` int(11) NOT NULL AUTO_INCREMENT,
  `user_id` int(11) NOT NULL,
  `credit_card_id` varchar(255) NOT NULL,
  PRIMARY KEY (`user_credit_card_id`)
) ENGINE=InnoDB DEFAULT CHARSET=latin1 AUTO_INCREMENT=1 ;

-- --------------------------------------------------------

--
-- Table structure for table `lb_user_list`
--

CREATE TABLE IF NOT EXISTS `lb_user_list` (
  `system_list_item_id` int(11) NOT NULL AUTO_INCREMENT,
  `system_list_name` varchar(255) CHARACTER SET utf8 NOT NULL,
  `system_list_code` varchar(100) CHARACTER SET utf8 NOT NULL,
  `system_list_item_code` varchar(50) CHARACTER SET utf8 NOT NULL,
  `system_list_item_name` varchar(255) CHARACTER SET utf8 NOT NULL,
  `system_list_parent_item_id` int(11) NOT NULL,
  `system_list_item_order` int(4) NOT NULL,
  `system_list_item_active` tinyint(1) NOT NULL,
  PRIMARY KEY (`system_list_item_id`)
) ENGINE=InnoDB  DEFAULT CHARSET=latin1 AUTO_INCREMENT=16 ;

--
-- Dumping data for table `lb_user_list`
--

INSERT INTO `lb_user_list` (`system_list_item_id`, `system_list_name`, `system_list_code`, `system_list_item_code`, `system_list_item_name`, `system_list_parent_item_id`, `system_list_item_order`, `system_list_item_active`) VALUES
(6, '', 'recurring', 'recurring_test', 'test', 0, 0, 1),
(7, '', 'update', '', '', 0, 0, 1),
(11, '', 'segsfjd', '', '', 0, 0, 1),
(13, '', 'payroll_salary', 'salary_luong co ban', 'luong co ban', 0, 0, 1),
(15, '', 'expenses_category', '', '', 0, 0, 1);

-- --------------------------------------------------------

--
-- Table structure for table `lb_user_payment`
--

CREATE TABLE IF NOT EXISTS `lb_user_payment` (
  `user_payment_id` int(11) NOT NULL AUTO_INCREMENT,
  `user_subscription_id` int(11) NOT NULL,
  `date_payment` int(11) NOT NULL,
  PRIMARY KEY (`user_payment_id`)
) ENGINE=MyISAM DEFAULT CHARSET=utf8 AUTO_INCREMENT=1 ;

-- --------------------------------------------------------

--
-- Table structure for table `lb_user_subscription`
--

CREATE TABLE IF NOT EXISTS `lb_user_subscription` (
  `user_subscription_id` int(11) NOT NULL AUTO_INCREMENT,
  `user_id` int(11) NOT NULL,
  `subscription_id` int(11) NOT NULL,
  `date_from` date NOT NULL,
  PRIMARY KEY (`user_subscription_id`)
) ENGINE=MyISAM DEFAULT CHARSET=utf8 AUTO_INCREMENT=1 ;

-- --------------------------------------------------------

--
-- Table structure for table `lb_vendor`
--

CREATE TABLE IF NOT EXISTS `lb_vendor` (
  `lb_record_primary_key` int(11) NOT NULL AUTO_INCREMENT,
  `lb_vendor_company_id` int(11) NOT NULL,
  `lb_vendor_company_address_id` int(11) NOT NULL,
  `lb_vendor_supplier_id` int(11) NOT NULL,
  `lb_vendor_supplier_address` int(11) NOT NULL,
  `lb_vendor_supplier_attention_id` int(11) NOT NULL,
  `lb_vendor_no` varchar(100) NOT NULL,
  `lb_vendor_category` varchar(255) NOT NULL,
  `lb_vendor_date` date NOT NULL,
  `lb_vendor_due_date` date NOT NULL,
  `lb_vendor_notes` longtext NOT NULL,
  `lb_vendor_subject` longtext,
  `lb_vendor_status` varchar(50) NOT NULL,
  `lb_vendor_encode` varchar(255) NOT NULL,
  PRIMARY KEY (`lb_record_primary_key`)
) ENGINE=InnoDB  DEFAULT CHARSET=latin1 AUTO_INCREMENT=12 ;

--
-- Dumping data for table `lb_vendor`
--

INSERT INTO `lb_vendor` (`lb_record_primary_key`, `lb_vendor_company_id`, `lb_vendor_company_address_id`, `lb_vendor_supplier_id`, `lb_vendor_supplier_address`, `lb_vendor_supplier_attention_id`, `lb_vendor_no`, `lb_vendor_category`, `lb_vendor_date`, `lb_vendor_due_date`, `lb_vendor_notes`, `lb_vendor_subject`, `lb_vendor_status`, `lb_vendor_encode`) VALUES
(1, 6, 1, 0, 0, 0, 'Draft', '', '2015-06-22', '2015-06-22', '', NULL, 'DRAFT', 'SERGaTY2M2g3YzFwbw=='),
(2, 8, 4, 0, 0, 0, 'Draft', '', '2015-06-27', '2015-06-27', '', NULL, 'DRAFT', 'dW53MlhyQW0wWTFwbw=='),
(3, 8, 4, 0, 0, 0, 'Draft', '', '2015-06-30', '2015-06-30', '', NULL, 'DRAFT', 'eFo1UjhKZ2ZwRDFwbw=='),
(4, 8, 4, 8, 4, 0, 'VD-20150000001', '0', '2015-07-07', '2015-07-07', 'this is a note', 'this is a test', 'APPROVED', 'bkZhdjZ5NU44cDFwbw=='),
(5, 15, 0, 0, 0, 0, 'Draft', '', '2015-07-27', '2015-07-27', '', NULL, 'DRAFT', 'UzJpWGpWcFlUVjJwbw=='),
(6, 15, 0, 0, 0, 0, 'Draft', '', '2015-08-19', '2015-08-19', '', NULL, 'DRAFT', 'WkI5WjFoMGgwcTJwbw=='),
(7, 15, 0, 0, 0, 0, 'Draft', '', '2015-08-28', '2015-08-28', '', NULL, 'DRAFT', 'VnQ4OWdkS2NHMzJwbw=='),
(8, 25, 12, 0, 0, 0, 'VD-20150000002', '', '2015-11-27', '2015-11-27', '', NULL, 'APPROVED', 'TVcyRU8ybXRLaDJwbw=='),
(9, 25, 12, 0, 0, 0, 'Draft', '', '2015-12-01', '2015-12-01', '', NULL, 'DRAFT', 'cnRDSU85RVdNMTNwbw=='),
(10, 25, 12, 0, 0, 0, 'Draft', '', '2015-12-30', '2015-12-30', '', NULL, 'DRAFT', 'ZUdRREVQRkladDNwbw=='),
(11, 25, 12, 0, 0, 0, 'Draft', '', '2015-12-30', '2015-12-30', '', NULL, 'DRAFT', 'V0ZWc3NrRDA1VjNwbw==');

-- --------------------------------------------------------

--
-- Table structure for table `lb_vendor_discount`
--

CREATE TABLE IF NOT EXISTS `lb_vendor_discount` (
  `lb_record_primary_key` int(11) NOT NULL AUTO_INCREMENT,
  `lb_vendor_type` varchar(100) NOT NULL,
  `lb_vendor_id` int(11) NOT NULL,
  `lb_vendor_description` varchar(255) NOT NULL,
  `lb_vendor_value` decimal(10,2) NOT NULL,
  `lb_vendor_invoice_id` int(11) NOT NULL,
  PRIMARY KEY (`lb_record_primary_key`)
) ENGINE=InnoDB  DEFAULT CHARSET=latin1 AUTO_INCREMENT=13 ;

--
-- Dumping data for table `lb_vendor_discount`
--

INSERT INTO `lb_vendor_discount` (`lb_record_primary_key`, `lb_vendor_type`, `lb_vendor_id`, `lb_vendor_description`, `lb_vendor_value`, `lb_vendor_invoice_id`) VALUES
(1, 'DISCOUNT', 1, '', 0.00, 0),
(2, 'DISCOUNT', 2, '', 0.00, 0),
(3, 'DISCOUNT', 3, '', 0.00, 0),
(4, 'INVOICE_DISCOUNT', 0, 'fdfd ', 30.00, 1),
(5, 'DISCOUNT', 4, '', 0.00, 0),
(6, 'DISCOUNT', 5, '', 0.00, 0),
(7, 'DISCOUNT', 6, '', 0.00, 0),
(8, 'DISCOUNT', 7, '', 0.00, 0),
(9, 'DISCOUNT', 8, '', 0.00, 0),
(10, 'DISCOUNT', 9, '', 0.00, 0),
(11, 'DISCOUNT', 10, '', 0.00, 0),
(12, 'DISCOUNT', 11, '', 0.00, 0);

-- --------------------------------------------------------

--
-- Table structure for table `lb_vendor_invoice`
--

CREATE TABLE IF NOT EXISTS `lb_vendor_invoice` (
  `lb_record_primary_key` int(11) NOT NULL AUTO_INCREMENT,
  `lb_vd_invoice_company_id` int(11) NOT NULL,
  `lb_vd_invoice_company_address_id` int(11) NOT NULL,
  `lb_vd_invoice_supplier_id` int(11) NOT NULL,
  `lb_vd_invoice_supplier_address_id` int(11) NOT NULL,
  `lb_vd_invoice_supplier_attention_id` int(11) NOT NULL,
  `lb_vd_invoice_no` varchar(100) DEFAULT NULL,
  `lb_vd_invoice_category` int(11) NOT NULL,
  `lb_vd_invoice_date` date DEFAULT NULL,
  `lb_vd_invoice_due_date` date NOT NULL,
  `lb_vd_invoice_notes` longtext,
  `lb_vd_invoice_subject` longtext,
  `lb_vd_invoice_status` varchar(50) NOT NULL,
  `lb_vd_invoice_encode` varchar(255) NOT NULL,
  `lb_vendor_id` int(11) NOT NULL,
  PRIMARY KEY (`lb_record_primary_key`)
) ENGINE=MyISAM  DEFAULT CHARSET=latin1 AUTO_INCREMENT=4 ;

--
-- Dumping data for table `lb_vendor_invoice`
--

INSERT INTO `lb_vendor_invoice` (`lb_record_primary_key`, `lb_vd_invoice_company_id`, `lb_vd_invoice_company_address_id`, `lb_vd_invoice_supplier_id`, `lb_vd_invoice_supplier_address_id`, `lb_vd_invoice_supplier_attention_id`, `lb_vd_invoice_no`, `lb_vd_invoice_category`, `lb_vd_invoice_date`, `lb_vd_invoice_due_date`, `lb_vd_invoice_notes`, `lb_vd_invoice_subject`, `lb_vd_invoice_status`, `lb_vd_invoice_encode`, `lb_vendor_id`) VALUES
(1, 8, 4, 9, 3, 0, 'SI-20150000001', 0, '2015-06-30', '2015-06-30', '', NULL, 'Written Off', 'SFJsSlI2cHRlVTFwbw==', 0),
(2, 15, 0, 10, 0, 0, 'Draft', 0, '2015-08-01', '2015-08-01', '', NULL, 'draft', 'MnhkMVRYUTRibzJwbw==', 0),
(3, 18, 0, 0, 0, 0, 'Draft', 0, '2015-09-09', '2015-09-09', '', NULL, 'draft', 'U0trbXdpSkpncDJwbw==', 0);

-- --------------------------------------------------------

--
-- Table structure for table `lb_vendor_item`
--

CREATE TABLE IF NOT EXISTS `lb_vendor_item` (
  `lb_record_primary_key` int(11) NOT NULL AUTO_INCREMENT,
  `lb_vendor_type` varchar(100) NOT NULL,
  `lb_vendor_id` int(11) NOT NULL,
  `lb_vendor_item_description` longtext NOT NULL,
  `lb_vendor_item_price` decimal(10,2) NOT NULL,
  `lb_vendor_item_quantity` decimal(10,2) NOT NULL,
  `lb_vendor_item_amount` decimal(10,2) NOT NULL,
  `lb_vendor_invoice_id` int(11) NOT NULL,
  PRIMARY KEY (`lb_record_primary_key`)
) ENGINE=InnoDB  DEFAULT CHARSET=latin1 AUTO_INCREMENT=16 ;

--
-- Dumping data for table `lb_vendor_item`
--

INSERT INTO `lb_vendor_item` (`lb_record_primary_key`, `lb_vendor_type`, `lb_vendor_id`, `lb_vendor_item_description`, `lb_vendor_item_price`, `lb_vendor_item_quantity`, `lb_vendor_item_amount`, `lb_vendor_invoice_id`) VALUES
(1, 'LINE', 1, '', 0.00, 1.00, 0.00, 0),
(2, 'LINE', 2, '', 0.00, 1.00, 0.00, 0),
(3, 'LINE', 3, '', 0.00, 1.00, 0.00, 0),
(4, 'LINE_INVOICE', 0, 'Buying s4 tablets', 300.00, 5.00, 1500.00, 1),
(5, 'LINE', 4, 'Product # 1', 5.00, 1.00, 5.00, 0),
(6, 'LINE', 5, '', 0.00, 1.00, 0.00, 0),
(7, 'LINE_INVOICE', 0, '', 0.00, 1.00, 0.00, 2),
(8, 'LINE', 6, '', 0.00, 1.00, 0.00, 0),
(9, 'LINE', 7, '', 0.00, 1.00, 0.00, 0),
(10, 'LINE_INVOICE', 0, '', 0.00, 1.00, 0.00, 3),
(11, 'LINE', 8, '', 0.00, 1.00, 0.00, 0),
(12, 'LINE', 9, '', 0.00, 1.00, 0.00, 0),
(13, 'LINE', 10, '', 0.00, 1.00, 0.00, 0),
(14, 'LINE', 10, '', 0.00, 1.00, 0.00, 0),
(15, 'LINE', 11, '', 0.00, 1.00, 0.00, 0);

-- --------------------------------------------------------

--
-- Table structure for table `lb_vendor_tax`
--

CREATE TABLE IF NOT EXISTS `lb_vendor_tax` (
  `lb_record_primary_key` int(11) NOT NULL AUTO_INCREMENT,
  `lb_vendor_id` int(11) NOT NULL,
  `lb_vendor_tax_id` int(11) NOT NULL,
  `lb_vendor_tax_value` decimal(10,2) NOT NULL,
  `lb_vendor_tax_total` decimal(10,2) NOT NULL,
  `lb_vendor_type` varchar(100) NOT NULL,
  `lb_tax_name` varchar(100) NOT NULL,
  `lb_vendor_invoice_id` int(11) NOT NULL,
  PRIMARY KEY (`lb_record_primary_key`)
) ENGINE=InnoDB  DEFAULT CHARSET=latin1 AUTO_INCREMENT=13 ;

--
-- Dumping data for table `lb_vendor_tax`
--

INSERT INTO `lb_vendor_tax` (`lb_record_primary_key`, `lb_vendor_id`, `lb_vendor_tax_id`, `lb_vendor_tax_value`, `lb_vendor_tax_total`, `lb_vendor_type`, `lb_tax_name`, `lb_vendor_invoice_id`) VALUES
(1, 1, 1, 7.00, 0.00, 'TAX', 'GST', 0),
(2, 2, 1, 7.00, 0.00, 'TAX', 'GST', 0),
(3, 3, 1, 7.00, 0.00, 'TAX', 'GST', 0),
(4, 0, 2, 12.00, 176.40, 'INVOICE_TAX', '0', 1),
(5, 4, 1, 7.00, 0.35, 'TAX', '0', 0),
(6, 5, 1, 7.00, 0.00, 'TAX', 'GST', 0),
(7, 6, 1, 7.00, 0.00, 'TAX', 'GST', 0),
(8, 7, 1, 7.00, 0.00, 'TAX', 'GST', 0),
(9, 8, 1, 7.00, 0.00, 'TAX', 'GST', 0),
(10, 9, 1, 7.00, 0.00, 'TAX', 'GST', 0),
(11, 10, 1, 7.00, 0.00, 'TAX', '0', 0),
(12, 11, 1, 7.00, 0.00, 'TAX', 'GST', 0);

-- --------------------------------------------------------

--
-- Table structure for table `lb_vendor_total`
--

CREATE TABLE IF NOT EXISTS `lb_vendor_total` (
  `lb_record_primary_key` int(11) NOT NULL AUTO_INCREMENT,
  `lb_vendor_id` int(11) NOT NULL,
  `lb_vendor_type` varchar(100) NOT NULL,
  `lb_vendor_subtotal` decimal(10,2) NOT NULL,
  `lb_vendor_total_last_discount` decimal(10,2) NOT NULL,
  `lb_vendor_last_tax` decimal(10,2) NOT NULL,
  `lb_vendor_last_paid` decimal(10,2) NOT NULL,
  `lb_vendor_last_outstanding` decimal(10,2) NOT NULL,
  `lb_vendor_invoice_id` int(11) NOT NULL,
  PRIMARY KEY (`lb_record_primary_key`)
) ENGINE=InnoDB  DEFAULT CHARSET=latin1 AUTO_INCREMENT=15 ;

--
-- Dumping data for table `lb_vendor_total`
--

INSERT INTO `lb_vendor_total` (`lb_record_primary_key`, `lb_vendor_id`, `lb_vendor_type`, `lb_vendor_subtotal`, `lb_vendor_total_last_discount`, `lb_vendor_last_tax`, `lb_vendor_last_paid`, `lb_vendor_last_outstanding`, `lb_vendor_invoice_id`) VALUES
(1, 1, 'VENDOR_TOTAL', 0.00, 0.00, 0.00, 0.00, 0.00, 0),
(2, 2, 'VENDOR_TOTAL', 0.00, 0.00, 0.00, 0.00, 0.00, 0),
(3, 3, 'VENDOR_TOTAL', 0.00, 0.00, 0.00, 0.00, 0.00, 0),
(4, 0, 'INVOICE_VD_TOTAL', 1500.00, 1470.00, 1646.40, 0.00, 1646.40, 1),
(5, 4, 'VENDOR_TOTAL', 5.00, 5.00, 5.35, 0.00, 5.35, 0),
(6, 5, 'VENDOR_TOTAL', 0.00, 0.00, 0.00, 0.00, 0.00, 0),
(7, 0, 'INVOICE_VD_TOTAL', 0.00, 0.00, 0.00, 0.00, 0.00, 2),
(8, 6, 'VENDOR_TOTAL', 0.00, 0.00, 0.00, 0.00, 0.00, 0),
(9, 7, 'VENDOR_TOTAL', 0.00, 0.00, 0.00, 0.00, 0.00, 0),
(10, 0, 'INVOICE_VD_TOTAL', 0.00, 0.00, 0.00, 0.00, 0.00, 3),
(11, 8, 'VENDOR_TOTAL', 0.00, 0.00, 0.00, 0.00, 0.00, 0),
(12, 9, 'VENDOR_TOTAL', 0.00, 0.00, 0.00, 0.00, 0.00, 0),
(13, 10, 'VENDOR_TOTAL', 0.00, 0.00, 0.00, 0.00, 0.00, 0),
(14, 11, 'VENDOR_TOTAL', 0.00, 0.00, 0.00, 0.00, 0.00, 0);

-- --------------------------------------------------------

--
-- Table structure for table `process_checklist`
--

CREATE TABLE IF NOT EXISTS `process_checklist` (
  `pc_id` int(11) NOT NULL AUTO_INCREMENT,
  `subcription_id` int(11) NOT NULL,
  `pc_name` varchar(100) NOT NULL,
  `pc_created_by` int(11) NOT NULL,
  `pc_created_date` date NOT NULL,
  `pc_last_update_by` int(11) NOT NULL,
  `pc_last_update` date NOT NULL,
  PRIMARY KEY (`pc_id`)
) ENGINE=InnoDB DEFAULT CHARSET=latin1 AUTO_INCREMENT=1 ;

-- --------------------------------------------------------

--
-- Table structure for table `process_checklist_default`
--

CREATE TABLE IF NOT EXISTS `process_checklist_default` (
  `pcdi_id` int(11) NOT NULL AUTO_INCREMENT,
  `pc_id` int(11) NOT NULL,
  `pcdi_name` varchar(255) NOT NULL,
  `pcdi_order` int(2) NOT NULL,
  PRIMARY KEY (`pcdi_id`)
) ENGINE=InnoDB DEFAULT CHARSET=latin1 AUTO_INCREMENT=1 ;

-- --------------------------------------------------------

--
-- Table structure for table `process_checklist_item_rel`
--

CREATE TABLE IF NOT EXISTS `process_checklist_item_rel` (
  `pcir_id` int(11) NOT NULL AUTO_INCREMENT,
  `pc_id` int(11) NOT NULL,
  `pcir_name` varchar(255) NOT NULL,
  `pcir_order` int(11) NOT NULL,
  `pcir_entity_type` varchar(100) NOT NULL,
  `pcir_entity_id` int(11) NOT NULL,
  `pcir_status` int(1) NOT NULL,
  `pcir_status_update_by` int(11) NOT NULL,
  `pcir_status_date` date NOT NULL,
  PRIMARY KEY (`pcir_id`)
) ENGINE=InnoDB DEFAULT CHARSET=latin1 AUTO_INCREMENT=1 ;

-- --------------------------------------------------------

--
-- Table structure for table `yiisession`
--

CREATE TABLE IF NOT EXISTS `yiisession` (
  `id` char(32) NOT NULL,
  `expire` int(11) DEFAULT NULL,
  `data` longblob,
  PRIMARY KEY (`id`)
) ENGINE=InnoDB DEFAULT CHARSET=latin1;

--
-- Dumping data for table `yiisession`
--

INSERT INTO `yiisession` (`id`, `expire`, `data`) VALUES
('0fa8ob5u9gj77f6b3aqh8oq1c4', 1456719984, ''),
('cee00jkqgpup7fkh0rvrf792r2', 1456643335, ''),
('qnrugfbh06fsjqiqfk7bu28q72', 1456890867, ''),
('vsjd4cdjcsksshn2vg2ur443m3', 1456483117, '');

-- --------------------------------------------------------

--
-- Table structure for table `YiiSession`
--

CREATE TABLE IF NOT EXISTS `YiiSession` (
  `id` char(32) NOT NULL,
  `expire` int(11) DEFAULT NULL,
  `data` longblob
) ENGINE=InnoDB DEFAULT CHARSET=latin1;

--
-- Dumping data for table `YiiSession`
--

INSERT INTO `YiiSession` (`id`, `expire`, `data`) VALUES
('9lnk5sc1384dairifeffomks52', 1456909722, ''),
('7r02sb1c384gduoofk1iso9g70', 1456911801, ''),
('vo3695v2kjstsa20vqrp6tb0j7', 1456913078, ''),
('hrinnsc9vl4gh43mpj28nbo7s7', 1456920410, ''),
('4eu8ig4l16p7m7qvari76435s6', 1456923969, ''),
('0lu0dafmnrvakejutchpkep6u1', 1456925144, ''),
('2pcul12lo0fpd2vtoqpffb3rk4', 1456933758, ''),
('ea53c10trajc5bre13cuasdcq7', 1456942816, ''),
('1n9ahr7p0l008pg845ahu3tc80', 1456955938, ''),
('088m7hsa0l6hd27bo9k7io9783', 1456968652, ''),
('jqftda1s1n4mm1abs96fgfom80', 1456974247, ''),
('bdm0d6dl7h6d03gfn9i9uj9sf3', 1456974884, ''),
('3l11je5665e32gqmd5sch8tf56', 1456975494, ''),
('6m5dtp9rk7ron4tif0h82jgne7', 1456987021, ''),
('2lt6dg50r4bra8teuac3o85ch6', 1456987366, ''),
('ql0cn2h7nsgtvted3ur3dha224', 1456994888, ''),
('b3pmgpkd2f7pt4pnpqa2st7hs6', 1456998980, ''),
('pumo4l8folort1k1cdi2ffjs07', 1457009026, ''),
('lch9vvo24q86mg1t304t59v9k4', 1457032758, ''),
('kbbiseje2pvart59t7m1b4nnb0', 1457042148, ''),
('h7b74amp76kcivc4e5ki375s76', 1457057114, ''),
('c7brrakd9pksgmfr7p5k4qksk5', 1457057441, ''),
('tbgt38o99mfve5n3n8ola5g4k3', 1457083236, ''),
('gbdpv0jbmkplph1ev56u5a44e3', 1457090945, ''),
('ft9unl1pughusa6nic25np2381', 1457100857, ''),
('7olai9lrsg0ut2pioei1t0ssb7', 1457108470, ''),
('ae6190cht0s78ujqolbla3g7t2', 1457108891, ''),
('p73mqoq19nfsa9a66pacj9ffe6', 1457158422, ''),
('rvgaa7s422mpi2v4n2gnrdo8l2', 1457169020, ''),
('doccjvt7eh0m4eddlvc7lf49r4', 1457170774, ''),
('im25lvmvh1m8tv9jcifbp4kep3', 1457215061, ''),
('tla6ubt0sfjmvtd088pk4f70e7', 1457216108, ''),
('s9menhv2a72c6mh3069r6liaj7', 1457216111, ''),
('6ciupd5krrqj3n8v9r1j65bi10', 1457266645, ''),
('i6bvqgru5vuko4ta6fkgkhjs31', 1457293062, ''),
('t5gdmgpafpfiu4kd84lrb8d8i2', 1457308017, ''),
('nrlmaeg73psh455bluiusvfbl7', 1457310722, ''),
('5aabav58oi4mbbrp0a9ht400r7', 1457339570, ''),
('jp0tvdquvscnk0shnmr58ghse5', 1457414086, ''),
('b0gob0t61nvvb6026spl5qaso7', 1457424325, ''),
('21aq2bjcst4mhe8oo7n0v92nf4', 1457435898, ''),
('1dak07p5tu9e4jca2467e9t9e0', 1457439001, ''),
('u5j3oiu28mi2aqbr2o4bq49ik1', 1457439889, ''),
('nmknvb0icnv7ml444j9i5c9he2', 1457444924, ''),
('hl3otgpmtp95ck5blbet61a7t0', 1457458739, ''),
('21iokcas6mebul2dc66367ruk7', 1457463210, ''),
('cltsiam21q5efcmto7uoquq8b4', 1457496479, ''),
('d120dfif5icakmrmi9osfkg650', 1457578412, ''),
('mvg4mvc8ooc25ru4se39uccae7', 1457579803, ''),
('vhhhamdvffdiuj94l163oejht1', 1457581298, ''),
('fqnegij2bkqlj9s7q0asp9cmb3', 1457581603, ''),
('4vevjprkk8phcp4htrr1621742', 1457592739, ''),
('a8d7o113soeulrpv710pi9c3p2', 1457592800, ''),
('g20efuvptinpfattqsenm6rgb2', 1457604609, ''),
('7k5kbunpn9lc9i69kctlcjodg3', 1457617994, ''),
('tdpql0o2gt92hu3qtffrn1uj74', 1457682649, ''),
('01123q1p9kcmqpq1a02i7vgde5', 1457683242, ''),
('ki5es9k4h854tmqfsn91khd3s4', 1457683276, ''),
('612sc9qcprqau49jngdt0k9cp2', 1457689133, ''),
('g9dspeaq1uq1cjsj0v9smvrhd1', 1457689433, ''),
('vie3dlksodhq98oll8aimge6e7', 1457693920, ''),
('bkjiiq9k219ba0jakgjsgk7m70', 1457725317, ''),
('23akh9n8s8oi0c67g4nap5gst2', 1457732671, ''),
('8025jg1ru7116fu1e30nvs3kq6', 1457740187, ''),
('0vtbu020ci0929otguicp65sq6', 1457753482, ''),
('e6m5bbqkanls78s19n1evvtlj4', 1457834270, ''),
('slca1qoepbjif1e7nt87teak73', 1457855314, ''),
('r69fmttkv42s7bu33052k4nne3', 1457873181, ''),
('resjap194l3koc2j4joichlmn5', 1457915830, ''),
('el78v6esh5peu48ael8271id76', 1457925586, ''),
('3j5j29dhlt0af10igf8nu1sct4', 1457925588, ''),
('bq45i2qr8tdabe9lsndg25col4', 1457929689, ''),
('33bkn4iiee9rtoic8oti575an2', 1457931661, ''),
('sqstnr4pppjdr4qkim5cqvlbn1', 1457937480, ''),
('aj7j5s31lb0829rvv5l5dunob0', 1457947424, ''),
('2m9m3emrb20uap68oj854r1kb1', 1457967375, ''),
('du9tc3s6nhlrdjo1994ca70fi7', 1457986607, ''),
('8d073hs47p3e04lkvnkf07odu1', 1458016186, ''),
('cldtmgtlfp058jagl00btkhgh4', 1458025311, ''),
('qgok0ik0ptmh1q25e9bp11n7e4', 1458052682, ''),
('4afeelv950pfpli7nm1j80i2f3', 1458059919, ''),
('u3tkr66gaq099q616hakal1rp1', 1458094043, ''),
('3a9ratfktqlvutoe1bg1sb7qg2', 1458110070, ''),
('pipcfai0isa1lnes70b5el0bo1', 1458129247, ''),
('pto7h5f7njafr35g4dvrslm7l7', 1458134573, ''),
('k34tgbaqheooqhgjvcr1qelfi6', 1458140950, ''),
('s4qo69aa1g8nhh4g7tsq01ths2', 1458143750, ''),
('o82dnr4v3e1tldus471kcsq6r4', 1458161317, ''),
('32jpia8e2sjlj8e07sgslnk5e4', 1458169785, ''),
('t7dj811cn71prnkf2pg0ksbsl1', 1458193272, ''),
('ni4c0cfutagdf53r3fng95igq0', 1458199735, ''),
('imid2k958ehq81dv5rp2j75r92', 1458201277, ''),
('qifnie5rit92nc5e1uiokuvs55', 1458203254, ''),
('voee3o73ukmeu02iejm8v0eta7', 1458219425, ''),
('2pna2hqesqb9d2dg63se0u55r1', 1458219963, ''),
('2aoiukp7vgc6d24mvkr9lfbip0', 1458226302, ''),
('q140s8msblaq0ccjieinfp0b43', 1458245173, ''),
('24bd4ebjt8lnttlk0hmrudov15', 1458268226, ''),
('gna4ra58a264obu9jopc6r68j7', 1458269234, ''),
('nmtuqkhoud7m5s1uaiqgftb780', 1458282256, ''),
('ptnog9qpcqmtbo0g1ff9so4b21', 1458287881, ''),
('meao5np4f9a9vtvme691aosa32', 1458291171, ''),
('klqec2ng1gtri4pkhiahdl1db7', 1458298957, ''),
('a69giiflg3uc760i0a9ahg01b6', 1458301070, ''),
('ikuuj6cbhsncorthotcrg265j2', 1458315391, ''),
('2rmnf3km0ah7hji5dj2nd9ha31', 1458320176, ''),
('s0om39r7jen7v34q7b6kpjn2p6', 1458320620, ''),
('p644fi90a9uk403urmmo856ae6', 1458323637, ''),
('6sdouel97s4njl6f4nfrac7d25', 1458334024, ''),
('2cl9ljrl1jon10vqk2ioe0k8k1', 1458334610, ''),
('t5to93g9m5uos3k7s3tofdg0m0', 1458360170, ''),
('tkv2r39tauc7l08lfisg1moeu2', 1458374027, ''),
('6ma1b85pt1ig38t8uaqlsmgj15', 1458399446, ''),
('6eg2bmj6u6tc58t80b6dnu9702', 1458400688, ''),
('6kkp9birvb07ceoiijk06k6tm7', 1458415630, ''),
('oksaqcvop1mnsrr0m7kfplhkf0', 1458458617, ''),
('jk8s5fst1oa2sot6oss18hks80', 1458466096, ''),
('kell0kqsp64d6v679vtt8351c2', 1458476743, ''),
('2dh6dr0lsp8jmk4ffjpglhlol2', 1458478728, ''),
('9bsd1i3m1imj5cgf0724u7p7j0', 1458487045, ''),
('i93h7o99mia7kibt3r6rnv0s92', 1458512164, ''),
('34vj166flj5cq6eve4nnngvp06', 1458512165, ''),
('o9f14r8trsn4ets5s586vhev22', 1458537663, ''),
('3cs6c1jg64ea9opk0m7fnf90u4', 1458549180, ''),
('17u947o7koij531jo2hqqitdn7', 1458597336, ''),
('b45eeu7mckajrc9d6a62qssai5', 1458626473, ''),
('d8dvq3cdji0aer12rucjl2akl7', 1458627040, ''),
('9hnuebnp0decvdmi73aliim2n3', 1458644054, ''),
('v0tmg1kba9bkbrojqu02vc6hj2', 1458648792, ''),
('nta8640gaagocvaa6tuo9vemi2', 1458658367, ''),
('2e10ar6a153p5vsevij4tpm1k6', 1458659439, ''),
('hmeaka2ubacppabm94ac87lts1', 1458688583, ''),
('08vfkm9ijap9htlll7jqjdaq16', 1458705572, ''),
('d42v3akjeqiqdrf3n54ho8if11', 1458713735, ''),
('r3jnvguuhm4c13l6rg3q4hfnu4', 1458729502, ''),
('ukg4mpd0gn7o44bo3bqpvdvt77', 1458730896, ''),
('h2t6h137dcvhof2vi7uf1jtsh3', 1458747568, ''),
('0imaq548l9c29fg3su45ac5qf5', 1458767589, ''),
('pg0ai4os29etunukl3a4jct8a1', 1458789378, ''),
('sto76bmok2n1lr6kklpl1irqu7', 1458808924, ''),
('2u6dod3pqomq5ii80pha1ajfp4', 1458829612, ''),
('ebhampd7r03g4c7djc8bjfch55', 1458834842, ''),
('nm67g9hhgr0kcef1f0gjaqahq1', 1458847556, ''),
('p4pe1d063ejlsu5aomtcqcal33', 1458876889, ''),
('2po6rjegu26fmki551486vreg4', 1458877658, ''),
('usfkgkc9he1tpdvp6at4s707u4', 1458885117, ''),
('6uj9gum3l0t29c8gnit3u4rg91', 1458890235, ''),
('g5tbno7pi80lprdlkol5usnuo1', 1458902726, ''),
('5q1je524s83ib18t2ool9941s3', 1458922617, ''),
('ipb3656mbsv5l18oea8egoirt1', 1458934751, ''),
('jqon27kd0dt76l3i5k6l2hgvp5', 1458966815, ''),
('vm14ad8ht9pi8ldbb1d5ggurp0', 1458967805, ''),
('k7r0p8p35vc87trkk1nf615j27', 1458976102, ''),
('h0v1p109oo8umrrb7fangmi202', 1458984227, ''),
('7amtri5f4bm5q1da1t7mj38df5', 1459052170, ''),
('94ks0e17e6npopkvjifucg4mt4', 1459086582, ''),
('t7sp9bt0euegi6ajvad7kfd422', 1459131472, ''),
('s4q3vgsk5co0ao4qiqkgaker36', 1459222872, ''),
('g2aqertg6eeqtr0ilnuttosh16', 1459237248, ''),
('65228fcn3gnd4mh2hjh58sed52', 1459282026, ''),
('9b4ehv3aquf8h8dtgpojnge127', 1459285011, ''),
('hr1id8kmmid6mdpdmut79mdlr3', 1459312300, ''),
('11utemhg7lm48up9r3b0053sv4', 1459313870, ''),
('htv9194dg8at4jphums0ei86u3', 1459325482, ''),
('lnn1vksc9ucldhjsdg2kgau0u4', 1459332905, ''),
('3rbf5q8afithj714ave1eh5fq1', 1459357470, ''),
('5ki3h3tis8qp9ti3pbslfvrh22', 1459413925, ''),
('vi6tplvb6qm85ti06sevm49f77', 1459416467, ''),
('e47h247pk57pfubvt9qu8pbjv1', 1459452599, ''),
('denlvskfcortljj34s1oie7hu4', 1459458491, ''),
('fruq8s2ihuqfkf30ddb203fij5', 1459458757, ''),
('olre9t45l3gsmijn8v5nvgtk54', 1459466890, ''),
('bng024qgrtqcpdddbe84c3q7c5', 1459479320, ''),
('898d7t0vf3ivjrifc5bm2ib672', 1459479530, ''),
('bk46n3aeekeeldf65brvnqfm11', 1459491771, ''),
('qsq4sb91olog7q8e5k6629mll1', 1459499200, ''),
('3aoou44cleto3i0idem1p5sbo2', 1459534348, ''),
('gmee3hod41ed7vvio2ma81u4b0', 1459568776, ''),
('t0sm0fc3s8vsg6tnu44r4v4v93', 1459572696, ''),
('movofivd154aknitj8ml15t391', 1459587833, ''),
('s33te4cb904hcu87g49gt1o934', 1459591516, ''),
('4mq38nrgnlhjlk094qt88sob34', 1459597488, ''),
('0dtgpdcpuno3nhdvfd8hddnd60', 1459603486, ''),
('ob704dp4rufr5d1g2qt0238o32', 1459647202, ''),
('cglf4senib7nbcefdo4hcdfkr4', 1459653125, ''),
('ctqe1j5lp8kvu0olgq3g74iab1', 1459696311, ''),
('106h41qq55ejqk1g61bpkus191', 1459700705, ''),
('k6b6crt9jsqbmqvs5l6vkrmvu5', 1459717326, ''),
('8to1pkhnhnmviqk7fjrfsuc5c5', 1459742177, ''),
('ppjcfa0i50brotk46le17a6bs3', 1459764615, ''),
('8ub1vuacc411s3di8kq145kdd6', 1459777807, ''),
('tfoqh10q4k7joqn2h683remv73', 1459783373, ''),
('277hl5hsamib6f9gml2lagqjs0', 1459791341, ''),
('t6l3hp7tuu31qehijsu6hp35b3', 1459800515, ''),
('c1ed1dqocrd9qfiivrk8h1b247', 1459864389, ''),
('st0jto4shfuso66u82m8kao2v2', 1459902271, ''),
('m3dfoeusa336vktip9vvje9o91', 1459917185, ''),
('8mtt982174r4o36tl7ssr14p13', 1459936068, ''),
('s5gmk577s1sq7imi897qe70722', 1459996568, ''),
('6q6qdntvsjl30so6hntj67mh44', 1460030831, ''),
('ujphk9m5ac015v3le2gbcs8mr4', 1460042480, ''),
('gufpusdbs5srah29aaumfqtte3', 1460047755, ''),
('gjgsvir9nloeu9ojtop1h49ut0', 1460081192, ''),
('7o6cvmgomrvket1lfhkknbdkr2', 1460107234, ''),
('pr097og4esojmj1d1jjpni78f3', 1460109280, ''),
('dbl26vdrth8s060djgmu0sank6', 1460119707, ''),
('hdr0vd0ra7cu9nbjtfo1hj5h14', 1460164849, ''),
('klscft1mb91i6j0rl10rcb7013', 1460192011, ''),
('p5fk2pn4hjm84vi4cqtjjpei85', 1460344572, ''),
('d4igi0bc6odcf3u95maptl4bh2', 1460377241, ''),
('513s96obb8f6s2qhn2nen32n27', 1460432617, ''),
('smhts2sngre8puo2eflkqp5qu2', 1460432618, ''),
('ko9viucgcgvmi80aibo1pphrd2', 1460453561, ''),
('o53gtlollbdfjj1f425i7putu1', 1460460036, ''),
('ng5el0404qhub0o4othrdv68e1', 1460489928, ''),
('36uhf4t933d03hige99pruukl4', 1460555395, ''),
('kr90ml95l9nmneeak8uopsvlq7', 1460567435, ''),
('ofuu62p08tcj299vb4pj4qfol3', 1460570225, ''),
('fogm97474jpdj3eihh5n96rm61', 1460618186, ''),
('uqqpn7vdp387fpbe1vbqoviil0', 1460695674, ''),
('emaus6nbfj2v369oj9o6g6r3q0', 1460707399, ''),
('bhrqgi35ermp80ultndh6e2mu6', 1460708065, ''),
('frmu61dls33fvta4nlijpnom43', 1460779138, ''),
('g68o0nsivheuforaqh8vmidpn1', 1460796869, ''),
('gsm8kdld9cfr77g6n9o9qa30q1', 1460806913, ''),
('avjieb11ikdeeaa5r38orht476', 1460808641, ''),
('er6alj6p5ss2t5ui0hjar4p3g6', 1460893998, ''),
('cq9faa4qpoj18hhpcbl2mnm5g2', 1460918079, ''),
('5co3hgcl7etft7gjarthj98r31', 1460938169, ''),
('kr7bn9q0407907qkfl1n0937u5', 1460942115, ''),
('4orur6mlm2ok8vgnpfudd691f7', 1461009250, ''),
('67l0um2lh5hu8cqntgm24o2qp6', 1461022317, ''),
('a5ua4q4kh0ktl62dn6fn58i3f7', 1461034521, ''),
('morbjre0430u7c0lr9eskamql2', 1461151371, ''),
('ueu9mk487jn7qmeedste4u68o2', 1461153719, ''),
('5sekaus1kjhd7ehp4vhpbrfds2', 1461159321, ''),
('dg4ve0cdfu87igqukdl0bn3pd7', 1461163109, ''),
('7gjtm941pbo9bv12li1ib9lmm0', 1461187055, ''),
('ijatpjf1q5uk05dk2ml69pt5s6', 1461218666, ''),
('u1s599gcott9874jqs5l63ug51', 1461232289, ''),
('5r9gherjc73jtpbb872rcudt37', 1461243018, ''),
('f55i33bla2cge384qee659hi22', 1461283371, ''),
('tqlam4d03tshqj0mf342rf43b4', 1461285951, ''),
('d1lbvmrf25qoatm18u05j325m4', 1461293758, ''),
('o6j0qeo26upd86ds06cisbkf90', 1461311877, ''),
('fsr5cjr3anktl76cj0illk4264', 1461379351, ''),
('n5s0v3t9v95uarog9aostu3kc5', 1461486606, ''),
('hr0haqiilo9ufh0na95g7ku3o2', 1461546728, ''),
('n132iu61eornpgmur7sq2bfai0', 1461555660, ''),
('jinqt7jnktcnm8s794o7379kq4', 1461568651, ''),
('uu2k178a3e0og8lg9saq4l1193', 1461574949, ''),
('m6e6hno8mg84h55gfej4mjkg77', 1461575833, ''),
('34p7h9o3p4qsv413kvbltop880', 1461588325, ''),
('5u2olvlhaemu2s1d2gm6bl3am2', 1461646629, ''),
('53lt43kppc6m532rlqas44fgt5', 1461747138, ''),
('cd7vfefvs54a5kaejkmblc5602', 1461769209, ''),
('qjfs73ns0uhfgmokiqejkopmk2', 1461769210, ''),
('6fut51n1eoct9dn3qs94d6emm3', 1461817931, ''),
('i7nkrm9r1rf9cmd1gqb3ckvgt2', 1461818424, ''),
('9a38b2q1nv99sjftmscrq205g2', 1461819555, ''),
('844crt2skm9dscea8u0nl4at44', 1461824027, ''),
('0dpp819g7bgj1t7mogpuemt341', 1461832087, ''),
('4hg0sm8upu082of4bf4e8ns010', 1461832161, ''),
('90r04si8q7e6fm4j5igm1ei272', 1461839923, ''),
('5p1qq9kcued3cllgn86a6phn83', 1461867407, ''),
('m1ctr6tfehhq14p8gioirjm2e5', 1461892819, ''),
('mbs4rgbkckq0prvv0h0ufo2rr2', 1461892834, ''),
('6q9kfn5ndtri1ldqqpcgpatcc3', 1461900198, ''),
('fnqedeh8oqood03kfcm5mnsoq3', 1461912682, ''),
('sbbjpsqvcenl25nfhefq02pj95', 1461914218, ''),
('lgm4bmqeq2jgodq8758qf0dgt2', 1461917516, ''),
('8fun7s1072f0evdv0p59amgcu0', 1461917604, ''),
('go75gfuod703g0k6hs05g2ns71', 1461920554, ''),
('h9suc1fnmp7qe4ogvnh3c3v700', 1461923714, ''),
('nfsqqv1qk46tb247sd5rjj0lu0', 1461923726, ''),
('jscjaoc0dtrrsqe3qj0auo5o46', 1461923737, ''),
('s0l46djmoqjtj449trmbnii4m7', 1461924209, ''),
('f2ogeb6uujb7n6ubeoet9nkd67', 1461926432, ''),
('d65cjjp67voc45p1t0g4n5m776', 1461937115, ''),
('cmtkqtba250r01ue77iim71g03', 1461940697, ''),
('0g9781f3rh5asn3uu9krpjb9n2', 1461945634, ''),
('cs5j042mdfs6k7l60i22fg4va2', 1461951133, ''),
('9jnjmeolh0e2a11l32cac1can6', 1461963026, ''),
('sjnrlt8oa8v1p0r5vfjbtaiga5', 1461971569, ''),
('fui37mo62aoo6hr645f3dau6f7', 1462009862, ''),
('kkrntj3ui6p9v9tkc8l15hcmr0', 1462019300, ''),
('gi1ok2rtn584dru6acd223psk1', 1462038191, ''),
('v8j7pjs618pvmddg8ra6t7m840', 1462055498, ''),
('mnlgsj62gkfgcttfljaqtp0qi4', 1462066376, ''),
('malgqc0hinksu1n95044sh2881', 1462067307, ''),
('csmddjd153f9ck71b5jimi47u1', 1462085691, ''),
('1ikeook075oausj48hsj8fqvl3', 1462097155, ''),
('j7pq289bh75nnclkbviveollc2', 1462101409, ''),
('b8bukrk4t9fjaj9v9fpl2v7ot3', 1462120456, ''),
('kciqullkrj5vc7hbdtlipasfu5', 1462174720, ''),
('19jtobceflk5l446be5cod71u1', 1462196604, ''),
('h7vmgt5vr4otjvdcfod89u7562', 1462196605, ''),
('86s12426qtcougofl2krru60d3', 1462252375, ''),
('jdlntorfbp9co3unh5ffus1ar0', 1462294476, ''),
('2he238ng0ah9kf351e9p23daa5', 1462307812, ''),
('tfcs8fp102uqsfgeaef8g7ai72', 1462312902, ''),
('7cn49crckq2id62fcn2gtu9cq7', 1462312928, ''),
('3r67l5jt6k2je8mbsf17bkmgh1', 1462322000, ''),
('pm9homhiti32vrd10va4k7ahu0', 1462335173, ''),
('vnckr4m4meqf59lnogq3gu85c3', 1462336934, ''),
('jhujapvpgjsj6fq4kddqr555k6', 1462342680, ''),
('82tfeue5can19digjverukqfq6', 1462370845, ''),
('mvqumbe7psv593i5im5s9ugq90', 1462381255, ''),
('0cj2cnrctvgur7v7de2msmksb6', 1462382262, ''),
('lsqrf61rjvkl2br7ar473ddsf1', 1462417315, ''),
('mbh6febem603jdv8rjdkeoifq7', 1462445008, ''),
('6358001ckr156v5samtv2nn0t2', 1462446382, ''),
('308a6jtnq1tmjo13si4br1p090', 1462460480, ''),
('bul61mo34jovtgbe6sr1h377s1', 1462467837, ''),
('koilgmeqgopiktvoh3o6i6ai84', 1462519233, ''),
('r72qv8d14kkj29jon9maf6cm70', 1462524329, ''),
('8vk0jof247nlr160mmukt2lla3', 1462535665, ''),
('l69jlgeqjlq34fhae0suruf786', 1462551649, ''),
('8epoibeodp5186h5b6gfeskss2', 1462565576, ''),
('4q6f06r810af1j2ihbdebk8vr6', 1462601405, ''),
('6o2aqojs2daiookkjdldl2v1v3', 1462606858, ''),
('68tkffbglb8cqckrv591htuea7', 1462607165, ''),
('um073a9002c0pgtp6lkvufb9l6', 1462620210, ''),
('lf7ickfhhp8cv6ihu61i0gsc46', 1462642973, ''),
('atl8943bumpqf4brgls02apkm5', 1462648066, ''),
('ooh11sniglktks4nhenifitco3', 1462649654, ''),
('s2h2j1kn1anlu0d9ut3tr5d975', 1462651469, ''),
('m3eqakoc601nj740bp5moi5k57', 1462656211, ''),
('dbrnoql8mhodt2g3ufjoblhf72', 1462673590, ''),
('7pt7cv6anppctt4do2rkmbobo0', 1462673656, ''),
('duph4q44kbbe3oh6luj8gok5b3', 1462676809, ''),
('lsh7pb8r94jppcfhia687gseh4', 1462689704, ''),
('co9j9oarjvbl6tb0uceknanf84', 1462692893, ''),
('19cqopf8t7nvv9ljmaibeb3e94', 1462692976, ''),
('b9ge86fafa218d0kn8his14gs6', 1462698506, ''),
('3rc5inlgib04q8fpmjq1606bf6', 1462733653, ''),
('1a95lva4a4kshhbemke2bq6cb0', 1462736880, ''),
('8d5bno14ftpq97c4lnass2l322', 1462759471, ''),
('er6unrjf93te3bu29pberbd6i2', 1462759943, ''),
('2ajaq2gd9pst86ldhpdjgk1863', 1462771007, ''),
('tbtf0bjsd0127pn9nja6eq5i77', 1462863546, ''),
('71de11p0jiqv25ignbeg8tjng5', 1462885533, ''),
('ujjrhgjp7stkm6qujqake721a0', 1463019407, ''),
('3mbl34p9cl74p8ms1tgmmjdfc4', 1463041946, ''),
('ujcsdkc4i5hagv29kcb1ds81i6', 1463045875, ''),
('g8d242odi7joefm1mb77k8qqa4', 1463047669, ''),
('em8ddhgup8demipftdnlusvo06', 1463057845, ''),
('nitlt728v8dgi0cnq3vr02tq83', 1463071711, ''),
('gprrvacvvjl3lk8u1sgeb0a4s1', 1463073609, ''),
('hm1avkai4oa6hno5ssmmcljmg3', 1463074758, ''),
('nt6imrespen2ipucdnf9ncooa6', 1463077363, ''),
('hjc3o5af812ldfo537lccoek55', 1463153047, ''),
('rfq380n3encobpqdgr286uqc37', 1463292218, ''),
('vftlnq7k2f5dplnrt7siiq8ed0', 1463299809, ''),
('3edhj069d1fb0io3vkra4qp766', 1463301792, ''),
('0pjg4c1p1o2u9msd094p611rp1', 1463319798, ''),
('jvocbjhrbav3l0j5om57ev3u07', 1463352806, ''),
('usr9frn22559b2q8g934npci54', 1463504725, ''),
('dl7k6lrdfm10djum21ab44bd87', 1463505089, ''),
('6bjc587jgasg4i4gqccdd35e86', 1463541518, ''),
('2roub49g7gdcsmbr2nbm9luu76', 1463624029, ''),
('q89ojf8matgm9g4aan8qihs0l2', 1463624032, ''),
('2bek8v3i1uvnrr2mde2f9868r7', 1463624034, ''),
('cs8q1p7tq2qgn2pg2bftb5hvj0', 1463709198, ''),
('gelmjkpqq68427ksn3iibup2d2', 1463715460, ''),
('3rj4uco9mjik397o79jsov99s3', 1463721120, ''),
('rlvlq4pvgt1iji6v1050vg1ha6', 1463751534, ''),
('89g4fcsl7cbtjefv6bof4ut212', 1463768938, ''),
('c0jcg1qv0nnc7042sfau743b12', 1463773524, ''),
('k7as9dd4mo1kdso6qb5rfnbjd6', 1463774164, ''),
('ksq367u6qed72jhvu4s386hlg4', 1463780111, ''),
('00edl9hjlhnuc7m94rfen16di1', 1463782300, ''),
('bb4hsdq3pv5f8hrv1eopqoup26', 1463805586, ''),
('vghmknikfnkgkh0i8fd51n6gf6', 1463810662, ''),
('4spqvf7eug0lb430sh1ntf7b32', 1463831725, ''),
('qul8v5v1e3el0qe3s03995t407', 1463837928, ''),
('5ftpjl8ng1cao5dktvle8a6qc3', 1463862849, ''),
('jar3vbsguda4ebrlbdt08vr893', 1463881141, ''),
('7jb4j0ads4t69udvjel32be6k5', 1463983853, ''),
('ib5d39me7pohn152htu1q2jcj5', 1463991057, ''),
('m9pjlgp1bint86lgreovoahio2', 1463996786, ''),
('vifruhpclt9j4oasb0bdhmsnb3', 1464018099, ''),
('ejlhtondu9jl44hji6m78rgl93', 1464030208, ''),
('u42m31pu2ftvej921lmp5n5r31', 1464066619, ''),
('rlcfmjh2l467o6ps2f5b3dr200', 1464147715, ''),
('3no3edqu8gpfpi7ghlleai2oj4', 1464159498, ''),
('vhcb4l7ch3uqkf9o2spchs8rj2', 1464165823, ''),
('c15i2v1h9pv4jriujaj6aiju42', 1464207680, ''),
('gkl68dph0fp13u50rfit0a0qa6', 1464315895, ''),
('3pi6g9fg8f6dlje3dtbk86s207', 1464345617, ''),
('rsk49ogo3djunkp04gmq7phg93', 1464358323, ''),
('df1dcmus98g9h5tr11m5v4pqu3', 1464358568, ''),
('4ki1930b5q1rvp0vb3vi12pu83', 1464376616, ''),
('4gqm216f56k4tss9ne2hf9tvb1', 1464422652, ''),
('aqevvbcb70rdspdhj5je8bn513', 1464438342, ''),
('jaebrpdbbvgdcn8b7g3idvofp4', 1464471319, ''),
('m65gj67vc6an2lvn2fordhe2i5', 1464485060, ''),
('81h2brg8qsglbo4a013ndqt1m2', 1464502920, ''),
('t0rsrhil93gmtmai2hl8i0ati4', 1464535541, ''),
('0s2kg387om4j5kalvim7itl9o7', 1464582236, ''),
('vtm7s0k841lau0d6s8qnjqljt7', 1464619335, ''),
('ofi4huu49790s58jvjaueu0a16', 1464623884, ''),
('55n7edmfgn3v300hefqc4fb2f5', 1464658781, ''),
('gjnc2k9kb98pcllfb9903boim7', 1464665873, ''),
('gllnqh3ektd67mc1cfq8lgvn44', 1464690619, ''),
('o0iltj065nq826mbge04udcjc4', 1464733092, ''),
('lm0k79dvn07g0binsknvug46m6', 1464733623, ''),
('ptgn26nod9tnocgr85gl3hlke4', 1464761160, ''),
('79eq82egm328nfo582r2odab05', 1464763490, ''),
('mppa1uv0m5sssdp4klpkbeb9a6', 1464769530, ''),
('a3q6afrrcv6floq1ofjikto854', 1464790279, ''),
('utfh2do2v6v3ici613ps7vllj4', 1464822725, ''),
('4lp6kk5bgn3ebhob76a3r83bq1', 1464824895, ''),
('7rdh6i7kvn7a2galelechreeb5', 1464830668, ''),
('3unt2911fhqv1nn58r604d0g05', 1464836753, ''),
('e011ocaj6d7ug50aasvh6eib23', 1464883789, ''),
('jeqjea02qf48nvtipvv0jo4n90', 1464922850, ''),
('fhj9kqtd8e088q4s0587elo105', 1464925898, ''),
('iitvjj8mh77fj8iqer9fg72io5', 1464966694, ''),
('viutv7npb88clpgmti83lcrle2', 1464974235, ''),
('kvsokpi1gqsl1jjf4h3rhhpt24', 1464986255, ''),
('0stq50isd2fur45rlop2f36a60', 1464986884, ''),
('gji4itc9ohkadeaobmttobsfb6', 1465020415, ''),
('b9om0q1hj0svlofuuovbp07712', 1465094643, ''),
('ljtbhpst939g4inkijk0714g17', 1465105633, ''),
('e680tgkrel54jf18m8lphtb6c2', 1465106738, ''),
('de1et6of3c0qph1rebekpvh9o3', 1465128255, ''),
('9kod1joijhqo1nbabr601mpb50', 1465129013, ''),
('8n1gok48v2gf6a0nvuc1sdevi1', 1465188945, ''),
('7f04j0j199qsihef2ers29s9i6', 1465196000, ''),
('uai1b6vorl19dhpr1t88b3f927', 1465228692, ''),
('e6jm7m0uflgqma8chvtmn80af5', 1465233043, ''),
('pe3ucnmb6djsnb46u5jui01uu0', 1465246677, ''),
('0l7c9tsfmsbq6bhcct8qd0mmo0', 1465302570, ''),
('igf6h2nn69tdcg1cujlbt5jnb7', 1465368643, ''),
('lp9fdsabh0i73p96cnpfndnb61', 1465369122, ''),
('n8onem46pusl4fvciqj6b281u3', 1465391873, ''),
('7br2hed8pgj8016au54eeonsl2', 1465427110, ''),
('k03r6qnoc7l75193fftjtk5j04', 1465472914, ''),
('l4lqqnlj8sgq1oh0ec5t62q0c6', 1465484912, ''),
('nf5frop1vcgcdk49mi4p11gt95', 1465551685, ''),
('8u1k4091o0ojpmrrcrsdugsla0', 1465552554, ''),
('bucbjqnhlenbjm34pmoh05oku1', 1465564610, ''),
('26vaksmsmmcvfe8srmd8tvvla1', 1465575639, ''),
('0g7i5j9al1oq92n0os559vbpg7', 1465627913, ''),
('hcpbdf1p715vhuqp5goj13lin6', 1465629637, ''),
('qld4eu1hoph1u73lh42bne0n75', 1465663142, ''),
('cshdp698elshusoqhk4m3b1a35', 1465673746, ''),
('d1q5bq8kq903buvcm0hhtdlnb0', 1465690327, ''),
('hkf5f0rnt7iip5rh6p69rdd860', 1465735325, ''),
('vpfg4npthjc7v0pieib0gpr3l2', 1465739470, ''),
('mp9slu0qcs4v54n8g45rfoant0', 1465742692, ''),
('c6oeda6sojrdd3o3ck59q5f2d6', 1465764948, ''),
('4thcei23apkfhfk6akq5d23920', 1465794084, ''),
('bgqvk41hl1jdl4l20g7c3f2gs1', 1465801168, ''),
('brplfj3grs11qlu6lfh39p6tn2', 1465810937, ''),
('eq52jnsa04k16dhca1priam4n5', 1465812607, ''),
('g3ogt45p8sha8ml7tbdmfir8b5', 1465822650, ''),
('cjte3espdrt3gjlet894ks2bv5', 1465943951, ''),
('3rqhfpckr5tsou0four1pmqdr0', 1465972616, ''),
('v34kctgppsl4mhrgjso0qq6e32', 1465977216, ''),
('52k4frsjctk1l6tf77r0ollsv1', 1465978358, ''),
('uf5fvv6cafk50nupe9hrhp5qg3', 1466016237, ''),
('ss5e5qmhu5saflt8531r3i8lq1', 1466043056, ''),
('r001ioplitvd3ujsd4em713eg1', 1466049403, ''),
('lq9a8gfbndkq7gvoeoashhv7f5', 1466067449, ''),
('hbmhnbs9rjinlh3gmr3vs83pv6', 1466072391, ''),
('5ta6r8teh79gk4euttega7t0t4', 1466087324, ''),
('3819fe7ptfjes3l3e7of9q3uq5', 1466093511, ''),
('cmvo9i7onobfbhs0kj1p4688j3', 1466113576, ''),
('spn68fhr0ri6g8gn39c7rq3g00', 1466117655, ''),
('netrujtgjbfqdtiru33gbv3742', 1466214008, ''),
('qu1srdd8tsuui5v36acunnjm96', 1466258814, ''),
('k7371cr7pl919b0330gctq9b30', 1466317695, ''),
('he2hc88fsgk7nb134obbgc2br5', 1466431515, ''),
('i2rlcj8kmtdj9mmo6vhql5f790', 1466462623, ''),
('fa4ci6pq35c20qjd5cupnvlku3', 1466510223, ''),
('gttur0pdq5gfsjkr9cdm3lkkc6', 1466552277, ''),
('uk83gtqng4g6o9aftt8qp4rvt5', 1466587845, ''),
('kb46jjm14anavjesfbqlad47a1', 1466593102, ''),
('9e0qc7oj3tscev3ckp6ts194v3', 1466596743, ''),
('3olf5j527bful91ln43pja90b5', 1466603220, ''),
('qtt610ei4rc0lunuad6d3k3fl7', 1466621230, ''),
('h0qlf80pe7fafqg3g4l7ulnt84', 1466623361, ''),
('0rddjn66nr3jnj7dl8nqeviko7', 1466650027, ''),
('mie8a4jpbh7jeo6isc6u332ti6', 1466657083, ''),
('vh1d5cpt112kemi9dm92712215', 1466672577, ''),
('8a0l3o3f47nsbsmikm3c334jd3', 1466682905, ''),
('rvo46t933a0jhev1c6tcsdofc2', 1466689439, ''),
('9r7vtnd4v0eqkgod8j2n390ud3', 1466705892, ''),
('6cm36d8rnc35910p2eu84qdvm7', 1466742399, ''),
('t815mcn7mpttkcg5i9rdr9k5k1', 1466747556, ''),
('9b1onegk2gh2ss153sermolfq6', 1466757349, ''),
('rlltgi4f77gab7uq7ubo1tqe06', 1466768773, ''),
('fmgghpkmsf62a4genj820jq281', 1466775351, ''),
('iid70e40dnfto3cf936j1d1jt7', 1466815893, ''),
('29mr625utsau3r8u18uefju520', 1466821293, ''),
('5c8s6lml0d7b3fq3g4vgg6hpo5', 1466825720, ''),
('vbqoumap6a4e4nntqfdfibc362', 1466861571, ''),
('djbqhnlo28erhgf0jls0i9fvs3', 1466873559, ''),
('43lhq7vuoh9f17dqljvfv8lv71', 1466920520, ''),
('v4avlqsjh7cnj3qkntf9k0i1u7', 1466959189, ''),
('f8trkdgkgja8liar4t2r4entl2', 1467144646, ''),
('njsp479p75qpurgnleg7hl0el7', 1467188231, ''),
('hl71qfdmc47rvvtford1ld10e3', 1467197976, ''),
('bqb6ua7i092l0qdeuhhjhb5lb1', 1467210940, ''),
('oqu2380gu91mtthor78hdvij86', 1467271738, ''),
('e8kndc2cklmaisa0af0shf73d2', 1467317255, ''),
('9b50voolngnj93hln2c9t9kkt6', 1467330995, ''),
('sbogu1lgj3k538h2eppji8lk91', 1467361946, ''),
('u2ev1p865ofbfl4poabuqd0n05', 1467409039, ''),
('jq8b3d1iu10h9qbq2hgcpgpob0', 1467430176, ''),
('nn8ttg334p7p9934vleo8ckjp4', 1467462136, ''),
('34dj4vdvve15cv0mrjvf4fts53', 1467499489, ''),
('teeflo5eqvf5eu5o809frgol33', 1467517792, ''),
('hecnj2sddraf0than3k2q2j446', 1467526783, ''),
('ib86h1d3bcm1r274kdfb4uo823', 1467527687, ''),
('s5b10l6o39ve65aq7mhssmdfs7', 1467554392, ''),
('csje7d91o5u69g81l0mcq18lf1', 1467571303, ''),
('isk9upfgn5hla78mih4aep2es2', 1467607651, ''),
('rvf85dsjleq2fp3qao6foq1ob4', 1467615288, ''),
('arc5c1nsidf4uieoe0ib7e0ba4', 1467647425, ''),
('3mj31oonvu92cib9lks0m0tsj5', 1467710791, ''),
('lvth5vumjb3gu9sjtaqie10323', 1467736619, ''),
('6prgq6mc31h4lfev2apagm6sj4', 1467769123, ''),
('6rtsb5a6hjeg1v2p994c106qa5', 1467809638, ''),
('okfqf2oso4gv13qb7prc5lf8d3', 1467869295, ''),
('veo03kg32re0akrfjo0osk4tp6', 1467898042, ''),
('5e7bkjugqsjolsu3k15cscb6v4', 1467900068, ''),
('p9jghq43r0p1q02ns6keegrnm2', 1467934437, ''),
('ja1139orlpkfd38k7oi3fq3s60', 1467943897, ''),
('ol1rmfl2u5mj7bm67oo92cn4u2', 1467944402, ''),
('kcc29p5iah18stej2m06n3l0q3', 1467957932, ''),
('gcdk762trjplckl1hqa2avsmb3', 1467989676, ''),
('da66ejji9nsph2ls1uludo2vm3', 1468022788, ''),
('elg2d1gn9emkd4kfsbs8teo3j2', 1468022788, ''),
('4q5q3tc2hsrbcfqtr5oknith65', 1468032515, ''),
('0gvj8okjkjlro0vv22c8gal6c5', 1468036681, ''),
('bo27u3a60phi3aocd0jmn8uf53', 1468047714, ''),
('p0gg81ea080iojuvjarc54gqs6', 1468058644, ''),
('larcrlg2p876cd978kl00hbag2', 1468068389, ''),
('1sote7qdv89s39bsc4amdqbd35', 1468069244, ''),
('sh692n66gneob83mdt3uf5j154', 1468102199, ''),
('fepakr50fvs54lffangc3uhek6', 1468137571, ''),
('u70i5cbqekm03jcfikt91qu2q4', 1468142023, ''),
('h4bva11tptcge36v73iu7a61o2', 1468147541, ''),
('k82upvbeflskvnsahmr6d8t2q2', 1468152042, ''),
('1iup9p6rch59nt6seu4e0e52q2', 1468252498, ''),
('c5vete23l9caalbq0dgb4vo0q4', 1468276619, ''),
('1more5vju94a30a822bedi38h7', 1468308501, ''),
('q610cipctsk7hpimonqa37eqh7', 1468310388, ''),
('jpm32n3nrl4jk5s4pp638bshc5', 1468380167, ''),
('e04ibkb8r33lqaq3tbt3j3ptq3', 1468426117, ''),
('sjo6gefe404777fh4dvrnbj8c7', 1468438712, ''),
('jubpld0dmiquqv29van5a1s4k1', 1468486251, ''),
('hpeb22ocsho8r8ia6c8o8t5s23', 1468499943, ''),
('udnv6sha77l8kn99mib5oai931', 1468550556, ''),
('fr56vra8nknr56fhbqgdgl0bp4', 1468550563, ''),
('5o87f8tb2694ofqmfn2ajqdab3', 1468553361, ''),
('6vlcjh8tdbm7lgi403m30q0he1', 1468587620, ''),
('ar3d17k4jer3c6qd2r0p55t397', 1468610378, ''),
('5vl3bip2pp7u6f91bgkjuavve3', 1468664911, ''),
('o20r7dfcsf0q3s3hebq3ja7h71', 1468720075, ''),
('vqphikcsr938p7fimap13n5b67', 1468737163, ''),
('ttberj05i2ou7n375ueab80qp5', 1468737828, ''),
('toeg0om7tabv19sblhb8rdf7j4', 1468810043, ''),
('hc14khi24bkpeqascmn1h8nk55', 1468862676, ''),
('oldfdrbjpnanqqc5o65k8pe5g5', 1468958373, ''),
('sstucoopp54qaljev8ps138257', 1468983169, ''),
('7oombd5ktefjsnskivt4u51qc3', 1469070316, ''),
('0rf0kfkuq1a1oc5u3ebc315gp1', 1469098643, ''),
('43stpbd03bcekbh501n2rvgle4', 1469098682, ''),
('i65vluudj1ftuj8obbge6b4dp4', 1469127689, ''),
('vj7b7t20sccoe45qcc02on65h5', 1469132988, ''),
('cdn9mk68d2lh5ikkv30hjbgnp0', 1469137812, ''),
('n8iekcr2tcpbkl8uv28q1qcn25', 1469151300, ''),
('82e2vqs3k0brrfsjua7ve4sif1', 1469180902, ''),
('e124khbimkko6tkpivbooilpi5', 1469335558, ''),
('mnmc9h57tb1j88ruo4mdg5p4o0', 1469354342, ''),
('3oepf8jbtqd4tju149il538ru3', 1469362840, ''),
('4er1e21k9ela8raq8v4bhtuks0', 1469438953, ''),
('6lem8plbisllbu4nje8f8k32m5', 1469462345, ''),
('m4veop35ensd2e4p35rmnct6c4', 1469542527, ''),
('fc1ibjfnlt31mrclbbpu4h8sf6', 1469561579, ''),
('3ielj6m19gposqi492slmlu5p1', 1469595173, ''),
('4afgtfm06u8h93qe11jqk6rh81', 1469612953, ''),
('pe986mk97bv8cprkib8ssdvet4', 1469620927, ''),
('hp75ggn6b8bmempbjiveq4o605', 1469651411, ''),
('bdir0g796tleqr3ei6k83kvc46', 1469691824, ''),
('3i2u5j477o807nfomnndpkee02', 1469693492, ''),
('3gctin3jl3p7d1bosaev5s7ci7', 1469693571, ''),
('bdqcalju3q0urk2lfbgua10hr2', 1469700870, ''),
('ncut4brm00skfvtcvqqpbe11j3', 1469715468, ''),
('kmob2hdjaebcgaf66ip7ea5ld4', 1469723955, ''),
('0j5q31k1npco2t2kdv57p1gv65', 1469751992, ''),
('esk31fop3sgdcna9ggsod5lha5', 1469754811, ''),
('plm5lvp8bd5b7vmgadu6ig3136', 1469758179, ''),
('vnqd8vpu0uvp603qtd1cobbs56', 1469859112, ''),
('ba2nbqkej8fvp6v297g3ui3f51', 1469868615, ''),
('mcaaaj8gpcnip3rmorlqroi3r4', 1469893147, ''),
('r4tgg1q9vg4qktnlic1du3tar2', 1469927903, ''),
('3950phkum3su9vacvle6oem3r1', 1469933683, ''),
('2a1aetl20l3pa2ahbbk33u96o5', 1469956328, ''),
('uf3va1fhhj7h4mpoeu2b06rbt7', 1469960231, ''),
('o9crkd2cnp6stmldlpdviakkj4', 1469970294, ''),
('2k65d382u2aa3dc5dd4e2v4e55', 1470006530, ''),
('knvbnjivl9a283i5to6aocig74', 1470037576, ''),
('987qo9dh7l7kdbevgnalmjrpf4', 1470055203, ''),
('3uvv0i55ncc0o6qngrifed8eh3', 1470097223, ''),
('sn9lkoql1qm74vpfomlben9gi1', 1470187754, ''),
('8becv71dsfc2qsekqf6cbu13f2', 1470191461, ''),
('nb7sgpje7otj3htvhj5onb0ci6', 1470204064, ''),
('hfq2k8ofluuor6unj0ndrhdjd6', 1470219024, ''),
('pi6o699hm67m0eunmtonu6fat0', 1470256247, ''),
('b68873p69iu5ikifqi07mlm2a7', 1470261921, ''),
('h8rg3emsmm99hr16i5ebpg2en3', 1470281664, ''),
('i77sts4e7rmluri9bf0a75orl0', 1470303357, ''),
('5kndlqaeiover8n9rcufmo5aq3', 1470306216, ''),
('pjnamno7c2skha5v0de0ka2hj6', 1470309102, ''),
('p0fo9etufp6dsvvnjpnen426o0', 1470317703, ''),
('nskath188kk0464debs4opdoj2', 1470318066, ''),
('f8ga3b312v8j6ecanqd5gtpv64', 1470330019, ''),
('oa9ruu5bno568vfvg8avhnbpb6', 1470341120, ''),
('t9uii80q6v0bovijqoh2o33ef3', 1470387923, ''),
('gck9g067rgivsvesqero2nsji0', 1470405727, ''),
('dqero5mckrbn83orb53qvreut5', 1470464975, ''),
('4ulfq69id8u8pvf7ut958o4p42', 1470480413, ''),
('1s2d2sdlmc8o3jdkpv3uiu3bd3', 1470486685, ''),
('sfr7g3p36uk20mkpe1g9h1es94', 1470528527, ''),
('3m8gd1j16dkfrufpipe07fpti2', 1470646362, ''),
('97pbhefar52hdn85ulcg3rupe6', 1470646467, ''),
('m45vkclie4ms8lka1q343u3od1', 1470706244, ''),
('ma04ql728tmene7luplr8glcp4', 1470752287, ''),
('qp1dhon4joovjrna909iborel7', 1470823813, ''),
('jklk6u3ubespkli7vr55hd1kv7', 1470830896, ''),
('o6hginchvsh8h99pms89c95qm4', 1470857226, ''),
('8tc93lc8rvlgvk71aprorqk5b5', 1470863590, ''),
('15km1rs48pa8141elk040kili3', 1470874443, ''),
('eisrc7bevlvm1vdhss2f1amnp2', 1470903663, ''),
('ovelbh1jrgrc2ib8st6j7hq7g4', 1470903725, ''),
('nkirecc53pbigd2dchl7v0nku6', 1470906767, ''),
('rqvtcj2snl6cmsd6269lab70f3', 1470907488, ''),
('7qqpl3dlglh4ad0p15oroiktl4', 1470910804, ''),
('923urq93j3j1mfc0gtnkm70hs6', 1470914883, ''),
('ljd5rqdorcg35mnvh797ednnj7', 1470925423, ''),
('4tfvmhdr7f59vhherkhkhvrkm6', 1470937201, ''),
('eem5mklf2eekom8dt741u7cgt3', 1470943190, ''),
('209r3mqg3tdkhophvj0t0udac0', 1470944303, ''),
('po8j9uiglmj58iojc578kicga0', 1470951326, ''),
('a0npj1oam2h6mco5q7gp2puhh6', 1471002882, ''),
('ko7s88mdkgro7r2akrmp3nvtj1', 1471011831, ''),
('3kq1oea67dt0oiau5ua590sbb5', 1471016517, ''),
('8rfss34s6u97o00ris4o377e24', 1471020178, ''),
('7eoi67fai0n41gnv2ukgbj6344', 1471068397, ''),
('bd7sntebnquqap297q6mf887i2', 1471070065, ''),
('qr447phqo620b065ophnjjumt7', 1471082293, ''),
('nbb1uoe8kg9pgre2hnn3op5rv6', 1471084399, ''),
('o1fgt75qjgrbrmtgjo40ri3nk0', 1471095946, ''),
('hfq0d51qb133rppq65fkkqp3d1', 1471123754, ''),
('9nmfb8b7lhivnn3rh83vq8sif3', 1471154500, ''),
('rv9qatvh3e4l3p1kqcqcfj12l2', 1471154522, ''),
('ot6trealis2bh20mqcnrua4j73', 1471159209, ''),
('hfsos7rp92vbj03q19q98jcn61', 1471178598, ''),
('p3ppdgops9hbt4tq7jafu4g1r1', 1471189791, ''),
('mlacsb0qfgp2ahjm6t7d544dk0', 1471210089, ''),
('tq7ddeu3gfib6543td445q5gt3', 1471256736, ''),
('5v4rcpih82bv8u93rrflcto0s0', 1471257200, ''),
('24ktt9ulcctooekiosbiqmg3g3', 1471258780, ''),
('r8i3sh8psi7gcn5rm9nclsl184', 1471283104, ''),
('0102v354ehnqs7de11ubf993m1', 1471351439, ''),
('6efqua3rsr4lj8hj1svvuh9n62', 1471370208, ''),
('t6ptt7gldffq83pcfjqast0jh7', 1471382038, ''),
('84nrnf6p03c4livug1mljgjoq5', 1471390103, ''),
('nj0nc6k82lpvmviaqshvc2ai31', 1471397513, ''),
('ak9ve0rncj1l63f93nhfaarjb7', 1471400743, ''),
('l7tgqoe6h6ilku4snv3g2qkkh5', 1471487338, ''),
('po0qgkei33jtulluhqd0069is6', 1471487619, ''),
('ljr51b460l7hno0mklou4661q7', 1471500214, ''),
('0lrfm7sg502bpfbsjaa3b0gie7', 1471502804, ''),
('hh98p52vs998uoltiasn99e9v6', 1471508209, ''),
('ld738msh5o5mqlp6e9u9gng621', 1471509137, ''),
('jahqpm9un5nvtfkse5did5e860', 1471510029, ''),
('4bpeguu5eegevo1sa3b720ulq2', 1472359677, ''),
('jdudf5ui822tehb7vfss0dhnm5', 1472366117, ''),
('jh561cvf3aarqbbmnj16oqt296', 1472370423, ''),
('2fdin5tv3rje9g7rdv3ob1vl33', 1472387797, ''),
('6ge7hd9g1mch9t6dtkv9q4l2r5', 1472398611, ''),
('uvtnqrmfdvlafmibavr4sej353', 1472398977, ''),
('off4bba99tdf0gdj2qqjda8qp4', 1472407399, ''),
('6t6471m8m20vaap5b806eico06', 1472408230, ''),
('hguo81a1r0rmc9alvvl746qq26', 1472416827, ''),
('fp1gokhqd1edpcnjcqumjfavq5', 1472418325, ''),
('89fn8ir060jifd1ms2sm47r466', 1472421757, ''),
('s04fiqpkejig8m3ti3mjhrkr93', 1472437918, ''),
('aec6akhqqojsmcvh74ha46t303', 1472457989, ''),
('6mirsfav5ij08spgpk41kh99l7', 1472458508, ''),
('nagp0vk3rujd9u30jfqdmcpaa2', 1472470349, ''),
('mt3udu26ogf8rqj12vib5ph0a2', 1472472718, ''),
('j2ukefjqo11kfmm858asig42r2', 1472475429, ''),
('468jm9esi17eqjll4qm0shg9c1', 1472479485, ''),
('ncp58u30m5fvhpckmcq3nhgai4', 1472556969, ''),
('ivvrnq6iphojkjb3qq5t2ujvs1', 1472563027, ''),
('em0vofgio3a3qjvkfr67fg74a1', 1472623568, ''),
('snf0p49it3iigbfiqikkoh0al2', 1472626945, ''),
('24oa5erasbqueluioh5ug0iaj5', 1472639692, ''),
('h8on35n16g8sa8oq8liudubrh2', 1472646814, ''),
('2thqkdonrss5frv2q7u17gnol7', 1472668875, ''),
('amjmrusdarfbosimca1gc5upd6', 1472688392, ''),
('0qf6g7nldii1ph74caf5h1l9m0', 1472720292, ''),
('2n0ijbr43ebdgrep0ugbsetdj5', 1472725398, ''),
('0l07b2vopjth7irjegmnitlc47', 1472754874, ''),
('15tuego7p89ruclp2qgdci6ik0', 1472781325, ''),
('r8ss051grbiq28oukva54i5qp4', 1472801697, ''),
('ko5k12po8rcut4r4k0dig9ki40', 1472801973, ''),
('f9kk721ihbvch2evjehj2aglr4', 1472811853, ''),
('bc6sdfdt3di4t23jdcd7mqs3g0', 1472866510, ''),
('jkg855q7k4dkrtlg9t618d3b62', 1472868549, ''),
('jtvdf66bpdevcr31bbbr5u4mf1', 1472868725, ''),
('4dv8f3ekqaqnbokablhlrqko33', 1472879835, ''),
('dgvbe5knca4t3kmm0u0t1bqda2', 1472967477, ''),
('p64c71643kag7en37tk9b81735', 1472969879, ''),
('57jhtp046m31eb7pe0872sg8v6', 1472984179, ''),
('3sjn72fgudkstdke5vupbpuva3', 1473006651, ''),
('fqu36koerphv8vgd54v7tv14u0', 1473068727, ''),
('8sikbm737hn7ap496ukvkrq9m2', 1473070365, ''),
('40k1q7v40dh870buir140n1g67', 1473090642, ''),
('3dnivhng9lqubbrd3qo3udlk14', 1473104338, ''),
('d0tqd41hd63kd6uhif503g05a0', 1473173292, ''),
('blc3gtljkgg0d7urml84v45fe4', 1473186843, ''),
('8p34bm44ttcg6th5moqkukinu1', 1473215810, ''),
('nqoasoqke24hg6c1o3b6sfjns4', 1473228591, ''),
('umhojr2qh98rjlo6rf9h6qjub5', 1473232275, ''),
('oqtg1dnm9hqkme0nusqeu3dr37', 1473237725, ''),
('knr0pel11aei270jddrjmppca7', 1473240548, ''),
('c3ers2qhbert1n1mdf862f1kd4', 1473262451, ''),
('anseuiu0735kp67j14uhhgjsl7', 1473270618, ''),
('gho162a67f02v7uqfnpufa7lm5', 1473320856, ''),
('eodogu46hnme9spv52tlv57go5', 1473334553, ''),
('g8nvhrojtms3ntro142qgsvco2', 1473336597, ''),
('o0a8s111blfs04c2rnrl317p90', 1473360580, ''),
('rpqslqisvami57k9qicbajli04', 1473363441, ''),
('hn49fe1qsutdbkat9gfkiqff77', 1473378858, ''),
('vb8p7adon1d1f8iroj88nqndq0', 1473408488, ''),
('lpmfknvrlqesef3qdeqdsk1s11', 1473424658, ''),
('3v5v5vs6g54g21s1eqekqpsl06', 1473453163, ''),
('9a1a8trdqncarqfept1a2jtut1', 1473462608, ''),
('a4cp61lr2mm0eas266bocfq2g6', 1473476548, ''),
('idmt9gn561cfm3ft4ssbdd3ck4', 1473477536, ''),
('81cipd22sf8cddd3fbe26sa2i3', 1473495098, ''),
('25l7pklbm6tt922e5vr9oltmq6', 1473495919, ''),
('5vsrf5f5olp3j48mko7q4pi2b2', 1473497920, ''),
('k303on193j5l669rgajkh387l2', 1473499668, ''),
('72tdqoe5hb8g01m73n7c4qjg05', 1473529593, ''),
('u3g15j3adku6r8pg19vkk0vlf5', 1473548901, ''),
('qbn0d3hr5b8q6te86a6lhk2057', 1473566443, ''),
('nm49e6covq12599kipnoi00gn7', 1473658087, ''),
('4ej06tif2hkd9tfeesb2ka6l57', 1473672714, ''),
('6t05nslu4ce2mk38c72ogotkl2', 1473689328, ''),
('fhu062s0mrvkojkr8npnh7hmc2', 1473697103, ''),
('1tlu47k82o7a7bka01o60atqb6', 1473749376, ''),
('4l5j6ati6b1q9d3rrngrqd5h40', 1473750880, ''),
('j648de7b3b1946dmduon1ra8s6', 1473764909, ''),
('oor20b1diu2gccgu0mkssnhl91', 1473765122, ''),
('vqop2ev2lgi5cup7r6k7mevbn7', 1473802193, ''),
('044dlrtbkfg8p3skj0vr691n75', 1473807328, ''),
('g9bpbo764iirdit6ql3a447r46', 1473833878, ''),
('7m89dosbrsjavhroad73264c60', 1473857804, ''),
('grb7n4uev0khv2bde2botvgbe1', 1473858977, ''),
('mhc72k1fj5fv51sjq6tf7md8a5', 1473859240, ''),
('2s9bboceq7k997b22b1qj7bv31', 1473859300, ''),
('7260sc7br7v9si20vqsm5qil93', 1473883186, '');

/*!40101 SET CHARACTER_SET_CLIENT=@OLD_CHARACTER_SET_CLIENT */;
/*!40101 SET CHARACTER_SET_RESULTS=@OLD_CHARACTER_SET_RESULTS */;
/*!40101 SET COLLATION_CONNECTION=@OLD_COLLATION_CONNECTION */;
