-- phpMyAdmin SQL Dump
-- version 4.2.5
-- http://www.phpmyadmin.net
--
-- Host: localhost:8889
-- Generation Time: May 05, 2017 at 11:18 AM
-- Server version: 5.5.38
-- PHP Version: 5.5.14

SET SQL_MODE = "NO_AUTO_VALUE_ON_ZERO";
SET time_zone = "+00:00";


/*!40101 SET @OLD_CHARACTER_SET_CLIENT=@@CHARACTER_SET_CLIENT */;
/*!40101 SET @OLD_CHARACTER_SET_RESULTS=@@CHARACTER_SET_RESULTS */;
/*!40101 SET @OLD_COLLATION_CONNECTION=@@COLLATION_CONNECTION */;
/*!40101 SET NAMES utf8 */;

--
-- Database: `linxbooks2`
--

-- --------------------------------------------------------

--
-- Table structure for table `lb_account_basic_permission`
--

DROP TABLE IF EXISTS `lb_account_basic_permission`;
CREATE TABLE `lb_account_basic_permission` (
`lb_record_primary_key` int(11) NOT NULL,
  `account_id` int(11) NOT NULL,
  `module_id` int(11) NOT NULL,
  `basic_permission_id` int(11) NOT NULL,
  `basic_permission_status` int(1) NOT NULL
) ENGINE=InnoDB DEFAULT CHARSET=latin1 AUTO_INCREMENT=1 ;

-- --------------------------------------------------------

--
-- Table structure for table `lb_account_define_permission`
--

DROP TABLE IF EXISTS `lb_account_define_permission`;
CREATE TABLE `lb_account_define_permission` (
`lb_record_primary_key` int(11) NOT NULL,
  `define_permission_id` int(11) NOT NULL,
  `account_id` int(11) NOT NULL,
  `module_id` int(11) NOT NULL
) ENGINE=InnoDB DEFAULT CHARSET=latin1 AUTO_INCREMENT=1 ;

-- --------------------------------------------------------

--
-- Table structure for table `lb_account_roles`
--

DROP TABLE IF EXISTS `lb_account_roles`;
CREATE TABLE `lb_account_roles` (
`lb_record_primary_key` int(11) NOT NULL,
  `accout_id` int(11) NOT NULL,
  `role_id` int(11) NOT NULL
) ENGINE=InnoDB DEFAULT CHARSET=latin1 AUTO_INCREMENT=1 ;

-- --------------------------------------------------------

--
-- Table structure for table `lb_bank_account`
--

DROP TABLE IF EXISTS `lb_bank_account`;
CREATE TABLE `lb_bank_account` (
`lb_record_primary_key` int(11) NOT NULL,
  `lb_account_id` int(11) NOT NULL,
  `lb_bank_account` varchar(255) NOT NULL
) ENGINE=MyISAM DEFAULT CHARSET=utf8 AUTO_INCREMENT=1 ;

-- --------------------------------------------------------

--
-- Table structure for table `lb_basic_permission`
--

DROP TABLE IF EXISTS `lb_basic_permission`;
CREATE TABLE `lb_basic_permission` (
`basic_permission_id` int(11) NOT NULL,
  `basic_permission_name` varchar(100) NOT NULL,
  `basic_permission_description` varchar(255) NOT NULL,
  `basic_permission_hidden` int(1) NOT NULL
) ENGINE=InnoDB DEFAULT CHARSET=latin1 AUTO_INCREMENT=1 ;

-- --------------------------------------------------------

--
-- Table structure for table `lb_comment`
--

DROP TABLE IF EXISTS `lb_comment`;
CREATE TABLE `lb_comment` (
`lb_record_primary_key` int(11) NOT NULL,
  `lb_module_name` varchar(100) NOT NULL,
  `lb_comment_description` longtext NOT NULL,
  `lb_item_module_id` int(11) NOT NULL,
  `lb_account_id` int(11) NOT NULL,
  `lb_comment_date` date NOT NULL,
  `lb_parent_comment_id` int(11) NOT NULL
) ENGINE=InnoDB  DEFAULT CHARSET=latin1 AUTO_INCREMENT=4 ;

--
-- Dumping data for table `lb_comment`
--

INSERT INTO `lb_comment` (`lb_record_primary_key`, `lb_module_name`, `lb_comment_description`, `lb_item_module_id`, `lb_account_id`, `lb_comment_date`, `lb_parent_comment_id`) VALUES
(1, 'lbPaymentVoucher', 'tinh toan haydfgfd', 1, 1, '2015-10-27', 0),
(2, 'lbEmployee', 'L??ng cao', 23, 1, '2015-10-30', 0),
(3, 'lbEmployee', ' cao', 23, 1, '2015-10-30', 0);

-- --------------------------------------------------------

--
-- Table structure for table `lb_contracts`
--

DROP TABLE IF EXISTS `lb_contracts`;
CREATE TABLE `lb_contracts` (
`lb_record_primary_key` int(11) NOT NULL,
  `lb_customer_id` int(11) NOT NULL,
  `lb_address_id` int(11) NOT NULL,
  `lb_contact_id` int(11) NOT NULL,
  `lb_contract_no` varchar(50) NOT NULL,
  `lb_contract_notes` varchar(255) NOT NULL,
  `lb_contract_date_start` date NOT NULL,
  `lb_contract_date_end` date NOT NULL,
  `lb_contract_type` varchar(100) NOT NULL,
  `lb_contract_amount` decimal(10,2) NOT NULL,
  `lb_contract_parent` int(11) NOT NULL,
  `lb_contract_status` varchar(50) NOT NULL
) ENGINE=InnoDB DEFAULT CHARSET=latin1 AUTO_INCREMENT=1 ;

-- --------------------------------------------------------

--
-- Table structure for table `lb_contract_document`
--

DROP TABLE IF EXISTS `lb_contract_document`;
CREATE TABLE `lb_contract_document` (
`lb_record_primary_key` int(11) NOT NULL,
  `lb_contract_id` int(11) NOT NULL,
  `lb_document_url` varchar(255) NOT NULL,
  `lb_document_name` varchar(255) NOT NULL,
  `lb_document_url_icon` varchar(255) NOT NULL
) ENGINE=InnoDB DEFAULT CHARSET=latin1 AUTO_INCREMENT=1 ;

-- --------------------------------------------------------

--
-- Table structure for table `lb_contract_invoice`
--

DROP TABLE IF EXISTS `lb_contract_invoice`;
CREATE TABLE `lb_contract_invoice` (
`lb_record_primary_key` int(11) NOT NULL,
  `lb_contract_id` int(11) NOT NULL,
  `lb_invoice_id` int(11) NOT NULL
) ENGINE=InnoDB DEFAULT CHARSET=latin1 AUTO_INCREMENT=1 ;

-- --------------------------------------------------------

--
-- Table structure for table `lb_core_entities`
--

DROP TABLE IF EXISTS `lb_core_entities`;
CREATE TABLE `lb_core_entities` (
`lb_record_primary_key` int(11) NOT NULL,
  `lb_entity_type` char(100) COLLATE utf8_unicode_ci NOT NULL COMMENT 'INVOICE, QUOTATION, CUSTOMER,...',
  `lb_entity_primary_key` int(11) NOT NULL,
  `lb_created_by` int(11) NOT NULL,
  `lb_created_date` datetime NOT NULL,
  `lb_last_updated_by` int(11) NOT NULL,
  `lb_last_update` datetime NOT NULL,
  `lb_subscription_id` int(11) NOT NULL,
  `lb_locked_from_deletion` tinyint(1) NOT NULL COMMENT 'e.g. already paid or written-off invoices'
) ENGINE=InnoDB  DEFAULT CHARSET=utf8 COLLATE=utf8_unicode_ci COMMENT='attributes that almost all important models should have' AUTO_INCREMENT=2191 ;

--
-- Dumping data for table `lb_core_entities`
--

INSERT INTO `lb_core_entities` (`lb_record_primary_key`, `lb_entity_type`, `lb_entity_primary_key`, `lb_created_by`, `lb_created_date`, `lb_last_updated_by`, `lb_last_update`, `lb_subscription_id`, `lb_locked_from_deletion`) VALUES
(1, 'lbGenera', 1, 1, '2015-06-15 04:15:38', 1, '2015-06-15 04:15:38', 1, 0),
(2, 'lbNextId', 1, 1, '2015-06-15 04:15:38', 1, '2016-02-20 02:46:16', 1, 0),
(3, 'lbDefaultNote', 1, 1, '2015-06-15 04:15:38', 1, '2015-06-15 04:15:38', 1, 0),
(4, 'modules', 1, 1, '2015-06-15 04:15:45', 1, '2015-06-15 04:16:36', 1, 0),
(5, 'modules', 2, 1, '2015-06-15 04:15:49', 1, '2015-06-15 04:16:32', 1, 0),
(6, 'modules', 3, 1, '2015-06-15 04:15:52', 1, '2015-06-15 04:16:29', 1, 0),
(7, 'modules', 4, 1, '2015-06-15 04:15:55', 1, '2015-06-15 04:16:25', 1, 0),
(8, 'modules', 5, 1, '2015-06-15 04:15:58', 1, '2015-06-15 04:16:22', 1, 0),
(9, 'modules', 6, 1, '2015-06-15 04:16:01', 1, '2015-06-15 04:16:18', 1, 0),
(10, 'modules', 7, 1, '2015-06-15 04:16:06', 1, '2015-06-15 04:16:15', 1, 0),
(12, 'lbCustomer', 6, 1, '2015-09-04 22:56:48', 1, '2015-10-13 10:30:55', 1, 0),
(13, 'lbInvoice', 1, 1, '2015-09-04 22:58:32', 1, '2015-09-04 22:58:32', 1, 0),
(14, 'lbInvoiceItem', 1, 1, '2015-09-04 22:58:33', 1, '2015-09-04 22:58:33', 1, 0),
(15, 'lbInvoiceItem', 2, 1, '2015-09-04 22:58:33', 1, '2015-09-04 22:58:33', 1, 0),
(16, 'lbInvoiceTotal', 1, 1, '2015-09-04 22:58:33', 1, '2017-05-05 11:12:25', 1, 0),
(17, 'lbInvoice', 2, 1, '2015-09-04 22:59:24', 1, '2015-09-04 22:59:24', 1, 0),
(18, 'lbInvoiceItem', 3, 1, '2015-09-04 22:59:24', 1, '2015-09-04 22:59:24', 1, 0),
(19, 'lbInvoiceItem', 4, 1, '2015-09-04 22:59:24', 1, '2015-09-04 22:59:24', 1, 0),
(20, 'lbInvoiceTotal', 2, 1, '2015-09-04 22:59:24', 1, '2015-09-04 22:59:26', 1, 0),
(21, 'lbQuotation', 1, 1, '2015-09-04 23:00:11', 1, '2015-09-04 23:00:12', 1, 0),
(22, 'lbQuotationItem', 1, 1, '2015-09-04 23:00:12', 1, '2015-09-04 23:00:12', 1, 0),
(23, 'lbQuotationTax', 1, 1, '2015-09-04 23:00:12', 1, '2015-09-04 23:00:12', 1, 0),
(24, 'lbQuotationTotal', 1, 1, '2015-09-04 23:00:12', 1, '2015-09-04 23:00:12', 1, 0),
(25, 'lbQuotation', 2, 1, '2015-09-04 23:01:10', 1, '2015-09-04 23:01:11', 1, 0),
(26, 'lbQuotationItem', 2, 1, '2015-09-04 23:01:10', 1, '2015-09-04 23:01:10', 1, 0),
(27, 'lbQuotationTax', 2, 1, '2015-09-04 23:01:10', 1, '2015-09-04 23:01:10', 1, 0),
(28, 'lbQuotationTotal', 2, 1, '2015-09-04 23:01:10', 1, '2015-09-04 23:01:10', 1, 0),
(29, 'lbQuotation', 3, 1, '2015-09-04 23:01:20', 1, '2015-09-04 23:01:21', 1, 0),
(30, 'lbQuotationItem', 3, 1, '2015-09-04 23:01:20', 1, '2015-09-04 23:01:20', 1, 0),
(31, 'lbQuotationTax', 3, 1, '2015-09-04 23:01:21', 1, '2015-09-04 23:01:21', 1, 0),
(32, 'lbQuotationTotal', 3, 1, '2015-09-04 23:01:21', 1, '2015-09-04 23:01:21', 1, 0),
(33, 'lbInvoice', 3, 1, '2015-09-04 23:01:27', 1, '2015-09-04 23:01:27', 1, 0),
(34, 'lbInvoiceItem', 5, 1, '2015-09-04 23:01:27', 1, '2015-09-04 23:01:27', 1, 0),
(35, 'lbInvoiceItem', 6, 1, '2015-09-04 23:01:27', 1, '2015-09-04 23:01:27', 1, 0),
(36, 'lbInvoiceTotal', 3, 1, '2015-09-04 23:01:28', 1, '2015-09-07 11:51:16', 1, 0),
(37, 'lbQuotation', 4, 1, '2015-09-04 23:01:34', 1, '2015-09-04 23:01:35', 1, 0),
(38, 'lbQuotationItem', 4, 1, '2015-09-04 23:01:34', 1, '2015-09-04 23:01:34', 1, 0),
(39, 'lbQuotationTax', 4, 1, '2015-09-04 23:01:35', 1, '2015-09-04 23:01:35', 1, 0),
(40, 'lbQuotationTotal', 4, 1, '2015-09-04 23:01:35', 1, '2015-09-04 23:01:35', 1, 0),
(41, 'lbInvoice', 4, 1, '2015-09-04 23:01:48', 1, '2015-09-04 23:01:48', 1, 0),
(42, 'lbInvoiceItem', 7, 1, '2015-09-04 23:01:48', 1, '2015-09-04 23:01:48', 1, 0),
(43, 'lbInvoiceItem', 8, 1, '2015-09-04 23:01:48', 1, '2015-09-04 23:01:48', 1, 0),
(44, 'lbInvoiceTotal', 4, 1, '2015-09-04 23:01:49', 1, '2015-09-04 23:01:49', 1, 0),
(45, 'lbInvoice', 5, 1, '2015-09-04 23:14:07', 1, '2015-09-04 23:14:07', 1, 0),
(46, 'lbInvoiceItem', 9, 1, '2015-09-04 23:14:07', 1, '2015-09-04 23:14:07', 1, 0),
(47, 'lbInvoiceItem', 10, 1, '2015-09-04 23:14:07', 1, '2015-09-04 23:14:07', 1, 0),
(48, 'lbInvoiceTotal', 5, 1, '2015-09-04 23:14:08', 1, '2015-09-04 23:14:08', 1, 0),
(49, 'lbQuotation', 5, 1, '2015-09-04 23:14:25', 1, '2015-09-04 23:14:27', 1, 0),
(50, 'lbQuotationItem', 5, 1, '2015-09-04 23:14:26', 1, '2015-09-04 23:14:26', 1, 0),
(51, 'lbQuotationTax', 5, 1, '2015-09-04 23:14:26', 1, '2015-09-04 23:14:26', 1, 0),
(52, 'lbQuotationTotal', 5, 1, '2015-09-04 23:14:27', 1, '2015-09-04 23:14:27', 1, 0),
(53, 'lbInvoice', 6, 1, '2015-09-04 23:14:33', 1, '2015-09-04 23:14:33', 1, 0),
(54, 'lbInvoiceItem', 11, 1, '2015-09-04 23:14:33', 1, '2015-09-04 23:14:33', 1, 0),
(55, 'lbInvoiceItem', 12, 1, '2015-09-04 23:14:34', 1, '2015-09-04 23:14:34', 1, 0),
(56, 'lbInvoiceTotal', 6, 1, '2015-09-04 23:14:34', 1, '2015-09-04 23:14:35', 1, 0),
(57, 'lbQuotation', 6, 1, '2015-09-04 23:19:51', 1, '2015-09-04 23:19:53', 1, 0),
(58, 'lbQuotationItem', 6, 1, '2015-09-04 23:19:52', 1, '2015-09-04 23:19:52', 1, 0),
(59, 'lbQuotationTax', 6, 1, '2015-09-04 23:19:52', 1, '2015-09-04 23:19:52', 1, 0),
(60, 'lbQuotationTotal', 6, 1, '2015-09-04 23:19:52', 1, '2015-09-04 23:19:52', 1, 0),
(61, 'lbInvoice', 7, 1, '2015-09-04 23:20:03', 1, '2015-09-04 23:20:03', 1, 0),
(62, 'lbInvoiceItem', 13, 1, '2015-09-04 23:20:03', 1, '2015-09-04 23:20:03', 1, 0),
(63, 'lbInvoiceItem', 14, 1, '2015-09-04 23:20:03', 1, '2015-09-04 23:20:03', 1, 0),
(64, 'lbInvoiceTotal', 7, 1, '2015-09-04 23:20:04', 1, '2015-09-04 23:20:04', 1, 0),
(65, 'lbExpenses', 1, 1, '2015-09-05 02:30:26', 1, '2015-09-05 04:33:17', 1, 0),
(66, 'lbQuotation', 7, 1, '2015-09-05 17:40:13', 1, '2015-09-05 17:40:14', 1, 0),
(67, 'lbQuotationItem', 7, 1, '2015-09-05 17:40:13', 1, '2015-09-05 17:41:36', 1, 0),
(68, 'lbQuotationTax', 7, 1, '2015-09-05 17:40:13', 1, '2015-09-05 17:41:36', 1, 0),
(69, 'lbQuotationTotal', 7, 1, '2015-09-05 17:40:13', 1, '2015-09-05 17:41:37', 1, 0),
(70, 'lbInvoice', 8, 1, '2015-09-05 17:45:39', 1, '2015-09-05 17:45:39', 1, 0),
(71, 'lbInvoiceItem', 15, 1, '2015-09-05 17:45:39', 1, '2015-09-05 17:45:39', 1, 0),
(72, 'lbInvoiceItem', 16, 1, '2015-09-05 17:45:39', 1, '2015-09-05 17:45:39', 1, 0),
(73, 'lbInvoiceTotal', 8, 1, '2015-09-05 17:45:39', 1, '2015-09-05 17:45:40', 1, 0),
(74, 'lbInvoice', 9, 1, '2015-09-05 17:46:26', 1, '2015-09-05 17:46:26', 1, 0),
(75, 'lbInvoiceItem', 17, 1, '2015-09-05 17:46:26', 1, '2015-09-05 17:46:26', 1, 0),
(76, 'lbInvoiceItem', 18, 1, '2015-09-05 17:46:26', 1, '2015-09-05 17:46:26', 1, 0),
(77, 'lbInvoiceTotal', 9, 1, '2015-09-05 17:46:26', 1, '2015-09-05 17:46:27', 1, 0),
(78, 'lbQuotation', 8, 1, '2015-09-05 17:50:55', 1, '2015-09-05 17:50:57', 1, 0),
(79, 'lbQuotationItem', 8, 1, '2015-09-05 17:50:56', 1, '2015-09-05 17:50:56', 1, 0),
(80, 'lbQuotationTax', 8, 1, '2015-09-05 17:50:56', 1, '2015-09-05 17:50:56', 1, 0),
(81, 'lbQuotationTotal', 8, 1, '2015-09-05 17:50:56', 1, '2015-09-05 17:50:56', 1, 0),
(82, 'lbInvoice', 10, 1, '2015-09-05 06:27:17', 1, '2015-09-05 09:39:18', 1, 0),
(83, 'lbInvoiceItem', 19, 1, '2015-09-05 06:27:17', 1, '2015-09-05 06:27:17', 1, 0),
(84, 'lbInvoiceItem', 20, 1, '2015-09-05 06:27:18', 1, '2015-09-05 06:27:18', 1, 0),
(85, 'lbInvoiceTotal', 10, 1, '2015-09-05 06:27:18', 1, '2015-09-09 03:52:41', 1, 0),
(86, 'lbCustomerAddress', 1, 1, '2015-09-05 09:39:17', 1, '2015-09-05 09:39:17', 1, 0),
(87, 'lbInvoice', 11, 1, '2015-09-07 06:24:10', 1, '2015-09-11 08:42:46', 1, 0),
(88, 'lbInvoiceItem', 21, 1, '2015-09-07 06:24:10', 1, '2015-09-07 06:24:10', 1, 0),
(89, 'lbInvoiceItem', 22, 1, '2015-09-07 06:24:11', 1, '2015-09-07 06:24:11', 1, 0),
(90, 'lbInvoiceTotal', 11, 1, '2015-09-07 06:24:11', 1, '2015-09-11 09:17:49', 1, 0),
(91, 'lbInvoice', 12, 1, '2015-09-07 06:45:12', 1, '2015-09-07 06:45:12', 1, 0),
(92, 'lbInvoiceItem', 23, 1, '2015-09-07 06:45:13', 1, '2015-09-07 06:45:14', 1, 0),
(93, 'lbInvoiceTotal', 12, 1, '2015-09-07 06:45:13', 1, '2015-09-10 04:06:12', 1, 0),
(94, 'lbInvoiceItem', 24, 1, '2015-09-07 06:45:13', 1, '2015-09-07 06:45:13', 1, 0),
(95, 'lbCustomer', 8, 1, '2015-09-09 12:00:37', 1, '2015-10-13 11:12:59', 1, 0),
(96, 'lbTax', 1, 1, '2015-09-10 03:46:51', 1, '2015-09-10 03:46:51', 1, 0),
(97, 'lbInvoiceItem', 25, 1, '2015-09-10 03:46:52', 1, '2015-09-10 03:46:52', 1, 0),
(98, 'lbTax', 2, 1, '2015-09-10 05:05:49', 1, '2017-05-05 11:12:20', 1, 0),
(102, 'lbCustomer', 9, 1, '2015-09-10 06:48:22', 1, '2015-10-03 04:23:06', 1, 0),
(103, 'lbCustomer', 10, 1, '2015-09-10 07:09:04', 1, '2015-09-21 09:10:17', 1, 0),
(104, 'lbCustomer', 11, 1, '2015-09-10 07:09:07', 1, '2015-09-21 09:10:18', 1, 0),
(105, 'lbCustomer', 12, 1, '2015-09-10 07:09:15', 1, '2015-09-21 09:10:18', 1, 0),
(106, 'lbCustomer', 13, 1, '2015-09-10 07:11:13', 1, '2015-09-21 09:10:18', 1, 0),
(108, 'lbCustomer', 14, 1, '2015-09-11 03:20:28', 1, '2015-09-21 09:10:18', 1, 0),
(110, 'lbCustomer', 15, 1, '2015-09-11 06:40:17', 1, '2015-09-21 09:10:18', 1, 0),
(112, 'lbCustomer', 16, 1, '2015-09-11 06:53:37', 1, '2015-09-21 09:10:18', 1, 0),
(114, 'lbCustomer', 17, 1, '2015-09-11 06:53:39', 1, '2015-09-21 09:10:18', 1, 0),
(116, 'lbCustomer', 18, 1, '2015-09-11 06:53:48', 1, '2015-09-21 09:10:19', 1, 0),
(118, 'lbCustomer', 19, 1, '2015-09-11 06:58:37', 1, '2015-09-21 09:10:19', 1, 0),
(119, 'lbCustomer', 20, 1, '2015-09-11 06:59:15', 1, '2015-09-21 09:10:19', 1, 0),
(120, 'lbCustomer', 21, 1, '2015-09-11 06:59:17', 1, '2015-09-21 09:10:19', 1, 0),
(121, 'lbCustomer', 22, 1, '2015-09-11 06:59:20', 1, '2015-09-21 09:10:19', 1, 0),
(122, 'lbCustomer', 23, 1, '2015-09-11 06:59:21', 1, '2015-09-21 09:10:19', 1, 0),
(123, 'lbCustomer', 24, 1, '2015-09-11 06:59:22', 1, '2015-09-21 09:10:19', 1, 0),
(124, 'lbCustomer', 25, 1, '2015-09-11 06:59:23', 1, '2015-09-21 09:10:19', 1, 0),
(125, 'lbCustomer', 26, 1, '2015-09-11 06:59:24', 1, '2015-09-21 09:10:20', 1, 0),
(126, 'lbCustomer', 27, 1, '2015-09-11 06:59:25', 1, '2015-09-21 09:10:20', 1, 0),
(127, 'lbCustomer', 28, 1, '2015-09-11 06:59:26', 1, '2015-09-21 09:10:20', 1, 0),
(128, 'lbCustomer', 29, 1, '2015-09-11 06:59:26', 1, '2015-09-21 09:10:20', 1, 0),
(129, 'lbCustomer', 30, 1, '2015-09-11 06:59:55', 1, '2015-09-21 09:10:20', 1, 0),
(130, 'lbCustomer', 31, 1, '2015-09-11 06:59:56', 1, '2015-09-21 09:10:20', 1, 0),
(131, 'lbCustomer', 32, 1, '2015-09-11 06:59:58', 1, '2015-09-21 09:10:20', 1, 0),
(132, 'lbCustomer', 33, 1, '2015-09-11 06:59:58', 1, '2015-09-21 09:10:21', 1, 0),
(133, 'lbCustomer', 34, 1, '2015-09-11 06:59:59', 1, '2015-09-21 09:10:21', 1, 0),
(134, 'lbCustomer', 35, 1, '2015-09-11 07:00:23', 1, '2015-09-21 09:10:21', 1, 0),
(135, 'lbCustomer', 36, 1, '2015-09-11 07:01:02', 1, '2015-09-21 09:10:21', 1, 0),
(136, 'lbCustomer', 37, 1, '2015-09-11 07:01:37', 1, '2015-09-21 09:10:21', 1, 0),
(137, 'lbCustomer', 38, 1, '2015-09-11 08:24:16', 1, '2015-09-21 09:10:21', 1, 0),
(139, 'lbCustomer', 39, 1, '2015-09-11 08:24:19', 1, '2015-09-21 09:10:21', 1, 0),
(141, 'lbCustomer', 40, 1, '2015-09-11 08:26:08', 1, '2015-09-21 09:10:21', 1, 0),
(143, 'lbCustomer', 41, 1, '2015-09-11 08:33:11', 1, '2015-09-21 09:10:21', 1, 0),
(149, 'lbCustomer', 42, 1, '2015-09-11 08:41:09', 1, '2015-09-21 09:10:22', 1, 0),
(151, 'lbCustomer', 43, 1, '2015-09-11 08:41:49', 1, '2015-09-21 09:10:22', 1, 0),
(153, 'lbCustomer', 44, 1, '2015-09-11 08:42:45', 1, '2015-09-21 09:10:22', 1, 0),
(154, 'lbCustomer', 45, 1, '2015-09-11 08:44:44', 1, '2015-09-21 09:10:22', 1, 0),
(156, 'lbCustomer', 46, 1, '2015-09-11 08:45:40', 1, '2015-09-21 09:10:22', 1, 0),
(158, 'lbCustomer', 47, 1, '2015-09-11 08:50:57', 1, '2015-09-21 09:10:22', 1, 0),
(160, 'lbCustomer', 48, 1, '2015-09-11 08:55:35', 1, '2015-09-21 09:10:22', 1, 0),
(162, 'lbCustomer', 49, 1, '2015-09-11 09:06:50', 1, '2015-09-21 09:10:23', 1, 0),
(164, 'lbCustomer', 50, 1, '2015-09-11 09:09:53', 1, '2015-09-21 09:10:23', 1, 0),
(167, 'lbInvoiceItem', 30, 1, '2015-09-11 09:17:48', 1, '2015-09-11 09:17:48', 1, 0),
(168, 'lbCustomer', 51, 1, '2015-09-11 09:22:33', 1, '2015-09-21 09:10:23', 1, 0),
(170, 'lbCustomer', 52, 1, '2015-09-11 09:22:37', 1, '2015-09-21 09:10:23', 1, 0),
(172, 'lbCustomer', 53, 1, '2015-09-11 09:24:26', 1, '2015-09-21 09:10:23', 1, 0),
(174, 'lbCustomer', 54, 1, '2015-09-11 09:29:08', 1, '2015-09-21 09:10:23', 1, 0),
(176, 'lbCustomer', 55, 1, '2015-09-11 09:36:59', 1, '2015-09-21 09:10:24', 1, 0),
(178, 'lbCustomer', 56, 1, '2015-09-11 09:40:36', 1, '2015-09-21 09:10:24', 1, 0),
(180, 'lbCustomer', 57, 1, '2015-09-11 09:46:01', 1, '2015-09-21 09:10:25', 1, 0),
(182, 'lbCustomer', 58, 1, '2015-09-11 09:48:10', 1, '2015-09-21 09:10:25', 1, 0),
(184, 'lbCustomer', 59, 1, '2015-09-11 09:55:51', 1, '2015-09-21 09:10:25', 1, 0),
(186, 'lbCustomer', 60, 1, '2015-09-11 09:59:19', 1, '2015-09-21 09:10:25', 1, 0),
(188, 'lbCustomer', 61, 1, '2015-09-11 09:59:43', 1, '2015-09-21 09:10:25', 1, 0),
(190, 'lbCustomer', 62, 1, '2015-09-11 10:15:07', 1, '2015-09-21 09:10:25', 1, 0),
(192, 'lbCustomer', 63, 1, '2015-09-11 10:17:31', 1, '2015-09-21 09:10:25', 1, 0),
(194, 'lbCustomer', 64, 1, '2015-09-11 10:21:06', 1, '2015-09-21 09:10:25', 1, 0),
(196, 'lbCustomer', 65, 1, '2015-09-11 10:31:15', 1, '2015-09-21 09:10:25', 1, 0),
(198, 'lbCustomer', 66, 1, '2015-09-11 10:35:15', 1, '2015-09-21 09:10:25', 1, 0),
(200, 'lbCustomer', 67, 1, '2015-09-11 11:31:59', 1, '2015-09-21 09:10:26', 1, 0),
(202, 'lbCustomer', 68, 1, '2015-09-11 11:48:41', 1, '2015-09-21 09:10:26', 1, 0),
(204, 'lbCustomer', 69, 1, '2015-09-11 12:06:29', 1, '2015-09-21 09:10:26', 1, 0),
(206, 'lbCustomer', 70, 1, '2015-09-11 12:43:15', 1, '2015-09-21 09:10:26', 1, 0),
(208, 'lbCustomer', 71, 1, '2015-09-11 12:45:41', 1, '2015-09-21 09:10:26', 1, 0),
(210, 'lbCustomer', 72, 1, '2015-09-11 12:47:41', 1, '2015-09-21 09:10:26', 1, 0),
(212, 'lbCustomer', 73, 1, '2015-09-11 12:51:23', 1, '2015-09-21 09:10:26', 1, 0),
(214, 'lbCustomer', 74, 1, '2015-09-11 12:52:06', 1, '2015-09-21 09:10:26', 1, 0),
(216, 'lbCustomer', 75, 1, '2015-09-11 12:54:11', 1, '2015-09-21 09:10:26', 1, 0),
(218, 'lbCustomer', 76, 1, '2015-09-11 12:56:44', 1, '2015-09-21 09:10:27', 1, 0),
(220, 'lbCustomer', 77, 1, '2015-09-11 12:57:50', 1, '2015-09-21 09:10:27', 1, 0),
(222, 'lbCustomer', 78, 1, '2015-09-11 12:59:30', 1, '2015-09-21 09:10:27', 1, 0),
(224, 'lbCustomer', 79, 1, '2015-09-11 13:03:53', 1, '2015-09-21 09:10:27', 1, 0),
(226, 'lbCustomer', 80, 1, '2015-09-11 13:05:02', 1, '2015-09-21 09:10:27', 1, 0),
(228, 'lbCustomer', 81, 1, '2015-09-11 13:05:42', 1, '2015-09-21 09:10:27', 1, 0),
(230, 'lbCustomer', 82, 1, '2015-09-11 13:05:57', 1, '2015-09-21 09:10:27', 1, 0),
(232, 'lbCustomer', 83, 1, '2015-09-14 03:40:17', 1, '2015-09-21 09:10:27', 1, 0),
(233, 'lbCustomer', 84, 1, '2015-09-14 03:40:32', 1, '2015-09-21 09:10:28', 1, 0),
(234, 'lbCustomer', 87, 1, '2015-09-14 03:40:51', 1, '2015-09-21 09:10:28', 1, 0),
(235, 'lbCustomer', 88, 1, '2015-09-14 03:43:42', 1, '2015-09-21 09:10:28', 1, 0),
(236, 'lbCustomerAddress', 2, 1, '2015-09-14 03:43:54', 1, '2015-09-19 05:34:24', 1, 0),
(238, 'lbCustomer', 89, 1, '2015-09-14 03:45:57', 1, '2015-09-21 09:10:28', 1, 0),
(240, 'lbCustomerAddress', 3, 1, '2015-09-14 03:46:11', 1, '2015-09-14 03:46:11', 1, 0),
(241, 'lbInvoice', 13, 1, '2015-09-14 03:47:43', 1, '2015-09-14 03:47:43', 1, 0),
(242, 'lbInvoiceItem', 31, 1, '2015-09-14 03:47:44', 1, '2015-09-14 03:47:44', 1, 0),
(243, 'lbInvoiceItem', 32, 1, '2015-09-14 03:47:44', 1, '2015-09-14 03:47:44', 1, 0),
(244, 'lbInvoiceTotal', 13, 1, '2015-09-14 03:47:44', 1, '2015-09-14 06:18:22', 1, 0),
(245, 'lbInvoice', 14, 1, '2015-09-14 04:02:41', 1, '2015-09-14 04:02:41', 1, 0),
(246, 'lbInvoiceItem', 33, 1, '2015-09-14 04:02:41', 1, '2015-09-14 04:02:41', 1, 0),
(247, 'lbInvoiceItem', 34, 1, '2015-09-14 04:02:42', 1, '2015-09-14 04:02:42', 1, 0),
(248, 'lbInvoiceTotal', 14, 1, '2015-09-14 04:02:42', 1, '2015-09-14 11:24:28', 1, 0),
(249, 'lbInvoice', 15, 1, '2015-09-14 05:06:48', 1, '2015-09-14 05:06:48', 1, 0),
(250, 'lbInvoiceItem', 35, 1, '2015-09-14 05:06:48', 1, '2015-09-14 05:06:48', 1, 0),
(251, 'lbInvoiceItem', 36, 1, '2015-09-14 05:06:49', 1, '2015-09-14 05:06:49', 1, 0),
(252, 'lbInvoiceTotal', 15, 1, '2015-09-14 05:06:49', 1, '2015-09-14 06:01:39', 1, 0),
(253, 'lbInvoice', 16, 1, '2015-09-14 06:54:26', 1, '2015-09-14 06:54:53', 1, 0),
(256, 'lbInvoiceTotal', 16, 1, '2015-09-14 06:54:26', 1, '2015-09-14 10:24:09', 1, 0),
(258, 'lbInvoiceItem', 40, 1, '2015-09-14 06:59:09', 1, '2015-09-14 06:59:16', 1, 0),
(259, 'lbInvoiceItem', 41, 1, '2015-09-14 06:59:14', 1, '2015-09-14 06:59:17', 1, 0),
(260, 'lbInvoiceItem', 42, 1, '2015-09-14 06:59:22', 1, '2015-09-14 06:59:23', 1, 0),
(261, 'lbInvoice', 17, 1, '2015-09-14 08:55:27', 1, '2015-09-14 08:55:27', 1, 0),
(262, 'lbInvoiceItem', 43, 1, '2015-09-14 08:55:27', 1, '2015-09-14 08:55:27', 1, 0),
(263, 'lbInvoiceItem', 44, 1, '2015-09-14 08:55:27', 1, '2015-09-14 08:55:27', 1, 0),
(264, 'lbInvoiceTotal', 17, 1, '2015-09-14 08:55:27', 1, '2015-09-14 08:56:14', 1, 0),
(265, 'lbInvoice', 18, 1, '2015-09-14 10:04:01', 1, '2015-09-14 10:05:30', 1, 0),
(266, 'lbInvoiceItem', 45, 1, '2015-09-14 10:04:02', 1, '2015-09-14 10:04:39', 1, 0),
(267, 'lbInvoiceItem', 46, 1, '2015-09-14 10:04:03', 1, '2015-09-14 10:06:41', 1, 0),
(268, 'lbInvoiceTotal', 18, 1, '2015-09-14 10:04:03', 1, '2015-09-14 10:08:52', 1, 0),
(269, 'lbPayment', 1, 1, '2015-09-14 10:05:01', 1, '2015-09-14 10:05:01', 1, 0),
(270, 'lbPaymentItem', 1, 1, '2015-09-14 10:05:01', 1, '2015-09-14 10:05:30', 1, 0),
(271, 'lbInvoice', 19, 1, '2015-09-14 10:12:08', 1, '2015-09-14 10:12:08', 1, 0),
(272, 'lbInvoiceItem', 47, 1, '2015-09-14 10:12:08', 1, '2015-09-14 10:12:08', 1, 0),
(273, 'lbInvoiceItem', 48, 1, '2015-09-14 10:12:08', 1, '2015-09-14 10:12:08', 1, 0),
(274, 'lbInvoiceTotal', 19, 1, '2015-09-14 10:12:08', 1, '2015-09-14 10:12:09', 1, 0),
(275, 'lbInvoice', 20, 1, '2015-09-14 10:14:05', 1, '2015-09-14 10:14:05', 1, 0),
(276, 'lbInvoiceItem', 49, 1, '2015-09-14 10:14:06', 1, '2015-09-14 10:14:06', 1, 0),
(277, 'lbInvoiceItem', 50, 1, '2015-09-14 10:14:06', 1, '2015-09-14 10:14:06', 1, 0),
(278, 'lbInvoiceTotal', 20, 1, '2015-09-14 10:14:06', 1, '2015-09-14 10:23:38', 1, 0),
(279, 'lbInvoice', 21, 1, '2015-09-14 10:53:51', 1, '2015-09-14 10:53:51', 1, 0),
(280, 'lbInvoiceItem', 51, 1, '2015-09-14 10:53:51', 1, '2015-09-14 10:53:51', 1, 0),
(281, 'lbInvoiceItem', 52, 1, '2015-09-14 10:53:51', 1, '2015-09-14 10:53:51', 1, 0),
(282, 'lbInvoiceTotal', 21, 1, '2015-09-14 10:53:51', 1, '2015-09-14 11:24:14', 1, 0),
(283, 'lbInvoice', 22, 1, '2015-09-14 11:24:18', 1, '2015-09-14 11:24:18', 1, 0),
(284, 'lbInvoiceItem', 53, 1, '2015-09-14 11:24:19', 1, '2015-09-14 11:24:19', 1, 0),
(285, 'lbInvoiceItem', 54, 1, '2015-09-14 11:24:20', 1, '2015-09-14 11:24:20', 1, 0),
(286, 'lbInvoiceTotal', 22, 1, '2015-09-14 11:24:20', 1, '2015-09-14 11:24:21', 1, 0),
(287, 'lbInvoice', 23, 1, '2015-09-14 11:24:44', 1, '2015-09-14 11:24:44', 1, 0),
(288, 'lbInvoiceItem', 55, 1, '2015-09-14 11:24:44', 1, '2015-09-14 11:24:44', 1, 0),
(289, 'lbInvoiceItem', 56, 1, '2015-09-14 11:24:44', 1, '2015-09-14 11:24:44', 1, 0),
(290, 'lbInvoiceTotal', 23, 1, '2015-09-14 11:24:44', 1, '2015-09-14 11:24:45', 1, 0),
(291, 'lbInvoice', 24, 1, '2015-09-14 11:43:45', 1, '2015-09-14 11:43:45', 1, 0),
(292, 'lbInvoiceItem', 57, 1, '2015-09-14 11:43:46', 1, '2015-09-14 11:43:46', 1, 0),
(293, 'lbInvoiceItem', 58, 1, '2015-09-14 11:43:46', 1, '2015-09-14 11:43:46', 1, 0),
(294, 'lbInvoiceTotal', 24, 1, '2015-09-14 11:43:46', 1, '2015-09-14 11:43:47', 1, 0),
(295, 'lbInvoice', 25, 1, '2015-09-14 11:55:24', 1, '2015-09-14 11:55:24', 1, 0),
(296, 'lbInvoiceItem', 59, 1, '2015-09-14 11:55:24', 1, '2015-09-14 11:55:24', 1, 0),
(297, 'lbInvoiceItem', 60, 1, '2015-09-14 11:55:24', 1, '2015-09-14 11:55:24', 1, 0),
(298, 'lbInvoiceTotal', 25, 1, '2015-09-14 11:55:24', 1, '2015-09-14 12:10:56', 1, 0),
(299, 'lbInvoice', 26, 1, '2015-09-14 12:11:10', 1, '2015-09-14 12:12:25', 1, 0),
(300, 'lbInvoiceItem', 61, 1, '2015-09-14 12:11:10', 1, '2015-09-14 12:11:38', 1, 0),
(301, 'lbInvoiceItem', 62, 1, '2015-09-14 12:11:10', 1, '2015-09-14 12:12:54', 1, 0),
(302, 'lbInvoiceTotal', 26, 1, '2015-09-14 12:11:11', 1, '2015-09-14 12:12:54', 1, 0),
(303, 'lbInvoiceItem', 63, 1, '2015-09-14 12:11:44', 1, '2015-09-14 12:12:03', 1, 0),
(304, 'lbInvoice', 27, 1, '2015-09-14 12:16:51', 1, '2015-09-14 12:16:51', 1, 0),
(305, 'lbInvoiceItem', 64, 1, '2015-09-14 12:16:52', 1, '2015-09-14 12:16:52', 1, 0),
(306, 'lbInvoiceItem', 65, 1, '2015-09-14 12:16:52', 1, '2015-09-14 12:16:52', 1, 0),
(307, 'lbInvoiceTotal', 27, 1, '2015-09-14 12:16:52', 1, '2015-09-14 12:16:52', 1, 0),
(308, 'lbInvoice', 28, 1, '2015-09-14 12:21:47', 1, '2015-09-14 12:21:47', 1, 0),
(309, 'lbInvoiceItem', 66, 1, '2015-09-14 12:21:47', 1, '2015-09-14 12:21:47', 1, 0),
(310, 'lbInvoiceItem', 67, 1, '2015-09-14 12:21:47', 1, '2015-09-14 12:21:47', 1, 0),
(311, 'lbInvoiceTotal', 28, 1, '2015-09-14 12:21:47', 1, '2015-09-14 12:24:02', 1, 0),
(312, 'lbInvoice', 29, 1, '2015-09-14 12:24:24', 1, '2015-09-14 12:24:24', 1, 0),
(313, 'lbInvoiceItem', 68, 1, '2015-09-14 12:24:24', 1, '2015-09-14 12:24:24', 1, 0),
(314, 'lbInvoiceItem', 69, 1, '2015-09-14 12:24:24', 1, '2015-09-14 12:24:24', 1, 0),
(315, 'lbInvoiceTotal', 29, 1, '2015-09-14 12:24:24', 1, '2015-09-14 12:24:24', 1, 0),
(316, 'lbInvoice', 30, 1, '2015-09-14 12:25:20', 1, '2015-09-14 12:25:20', 1, 0),
(317, 'lbInvoiceItem', 70, 1, '2015-09-14 12:25:20', 1, '2015-09-14 12:25:20', 1, 0),
(318, 'lbInvoiceItem', 71, 1, '2015-09-14 12:25:20', 1, '2015-09-14 12:25:20', 1, 0),
(319, 'lbInvoiceTotal', 30, 1, '2015-09-14 12:25:21', 1, '2015-09-14 12:25:22', 1, 0),
(320, 'lbInvoice', 31, 1, '2015-09-14 12:33:13', 1, '2015-09-14 12:33:13', 1, 0),
(321, 'lbInvoiceItem', 72, 1, '2015-09-14 12:33:14', 1, '2015-09-14 12:33:14', 1, 0),
(322, 'lbInvoiceItem', 73, 1, '2015-09-14 12:33:14', 1, '2015-09-14 12:33:14', 1, 0),
(323, 'lbInvoiceTotal', 31, 1, '2015-09-14 12:33:14', 1, '2015-09-14 12:33:14', 1, 0),
(324, 'lbInvoice', 32, 1, '2015-09-15 05:59:47', 1, '2015-09-15 06:00:02', 1, 0),
(325, 'lbInvoiceItem', 74, 1, '2015-09-15 05:59:47', 1, '2015-09-15 06:00:20', 1, 0),
(326, 'lbInvoiceItem', 75, 1, '2015-09-15 05:59:48', 1, '2015-09-15 06:02:23', 1, 0),
(327, 'lbInvoiceTotal', 32, 1, '2015-09-15 05:59:48', 1, '2015-09-15 06:02:24', 1, 0),
(328, 'lbInvoice', 33, 1, '2015-09-15 06:03:01', 1, '2015-09-15 06:03:22', 1, 0),
(330, 'lbInvoiceItem', 77, 1, '2015-09-15 06:03:01', 1, '2015-09-15 06:03:53', 1, 0),
(331, 'lbInvoiceTotal', 33, 1, '2015-09-15 06:03:01', 1, '2015-09-15 06:03:54', 1, 0),
(336, 'lbInvoiceItemTemplate', 1, 1, '2015-09-15 06:23:51', 1, '2015-09-15 06:23:51', 1, 0),
(337, 'lbInvoice', 35, 1, '2015-09-15 06:49:56', 1, '2015-09-15 06:49:56', 1, 0),
(338, 'lbInvoiceItem', 80, 1, '2015-09-15 06:49:57', 1, '2015-09-15 06:49:57', 1, 0),
(339, 'lbInvoiceItem', 81, 1, '2015-09-15 06:49:58', 1, '2015-09-15 06:49:58', 1, 0),
(340, 'lbInvoiceTotal', 35, 1, '2015-09-15 06:49:58', 1, '2015-09-15 06:49:59', 1, 0),
(341, 'lbInvoice', 36, 1, '2015-09-16 04:42:21', 1, '2015-09-16 04:42:21', 1, 0),
(342, 'lbInvoiceItem', 82, 1, '2015-09-16 04:42:22', 1, '2015-09-16 04:42:22', 1, 0),
(343, 'lbInvoiceItem', 83, 1, '2015-09-16 04:42:23', 1, '2015-09-16 04:42:23', 1, 0),
(344, 'lbInvoiceTotal', 36, 1, '2015-09-16 04:42:23', 1, '2015-09-16 05:18:09', 1, 0),
(345, 'lbInvoice', 37, 1, '2015-09-16 04:48:07', 1, '2015-09-16 04:48:07', 1, 0),
(346, 'lbInvoiceItem', 84, 1, '2015-09-16 04:48:07', 1, '2015-09-16 04:48:07', 1, 0),
(347, 'lbInvoiceItem', 85, 1, '2015-09-16 04:48:07', 1, '2015-09-16 04:48:07', 1, 0),
(348, 'lbInvoiceTotal', 37, 1, '2015-09-16 04:48:07', 1, '2015-09-16 04:48:08', 1, 0),
(349, 'lbInvoice', 38, 1, '2015-09-16 04:52:51', 1, '2015-09-16 04:52:51', 1, 0),
(350, 'lbInvoiceItem', 86, 1, '2015-09-16 04:52:51', 1, '2015-09-16 04:52:51', 1, 0),
(351, 'lbInvoiceItem', 87, 1, '2015-09-16 04:52:51', 1, '2015-09-16 04:52:51', 1, 0),
(352, 'lbInvoiceTotal', 38, 1, '2015-09-16 04:52:51', 1, '2015-09-16 04:52:52', 1, 0),
(353, 'lbInvoice', 39, 1, '2015-09-16 05:00:12', 1, '2015-09-16 05:00:12', 1, 0),
(354, 'lbInvoiceItem', 88, 1, '2015-09-16 05:00:12', 1, '2015-09-16 05:00:12', 1, 0),
(355, 'lbInvoiceItem', 89, 1, '2015-09-16 05:00:12', 1, '2015-09-16 05:00:12', 1, 0),
(356, 'lbInvoiceTotal', 39, 1, '2015-09-16 05:00:12', 1, '2015-09-16 05:00:14', 1, 0),
(357, 'lbInvoice', 40, 1, '2015-09-16 05:10:12', 1, '2015-09-16 05:10:12', 1, 0),
(358, 'lbInvoiceItem', 90, 1, '2015-09-16 05:10:12', 1, '2015-09-16 05:10:12', 1, 0),
(359, 'lbInvoiceItem', 91, 1, '2015-09-16 05:10:12', 1, '2015-09-16 05:10:12', 1, 0),
(360, 'lbInvoiceTotal', 40, 1, '2015-09-16 05:10:12', 1, '2015-09-16 05:10:13', 1, 0),
(361, 'lbInvoice', 41, 1, '2015-09-16 05:34:02', 1, '2015-09-16 05:34:02', 1, 0),
(362, 'lbInvoiceItem', 92, 1, '2015-09-16 05:34:03', 1, '2015-09-16 05:34:03', 1, 0),
(363, 'lbInvoiceItem', 93, 1, '2015-09-16 05:34:03', 1, '2015-09-16 05:53:55', 1, 0),
(364, 'lbInvoiceTotal', 41, 1, '2015-09-16 05:34:03', 1, '2015-09-16 06:05:14', 1, 0),
(366, 'lbInvoice', 42, 1, '2015-09-16 09:16:47', 1, '2015-09-16 09:16:47', 1, 0),
(367, 'lbInvoiceItem', 95, 1, '2015-09-16 09:16:47', 1, '2015-09-16 09:16:47', 1, 0),
(368, 'lbInvoiceItem', 96, 1, '2015-09-16 09:16:47', 1, '2015-09-16 09:16:47', 1, 0),
(369, 'lbInvoiceTotal', 42, 1, '2015-09-16 09:16:48', 1, '2015-09-16 09:55:03', 1, 0),
(370, 'lbInvoice', 43, 1, '2015-09-16 09:55:12', 1, '2015-09-16 09:55:12', 1, 0),
(371, 'lbInvoiceItem', 97, 1, '2015-09-16 09:55:12', 1, '2015-09-16 09:55:12', 1, 0),
(372, 'lbInvoiceItem', 98, 1, '2015-09-16 09:55:13', 1, '2015-09-16 09:55:13', 1, 0),
(373, 'lbInvoiceTotal', 43, 1, '2015-09-16 09:55:13', 1, '2015-09-16 09:55:13', 1, 0),
(374, 'lbInvoice', 44, 1, '2015-09-16 09:55:29', 1, '2015-09-16 09:55:29', 1, 0),
(375, 'lbInvoiceItem', 99, 1, '2015-09-16 09:55:29', 1, '2015-09-16 09:55:29', 1, 0),
(376, 'lbInvoiceItem', 100, 1, '2015-09-16 09:55:30', 1, '2015-09-16 09:55:30', 1, 0),
(377, 'lbInvoiceTotal', 44, 1, '2015-09-16 09:55:30', 1, '2015-09-16 10:00:12', 1, 0),
(378, 'lbInvoice', 45, 1, '2015-09-16 10:00:36', 1, '2015-09-16 10:00:36', 1, 0),
(379, 'lbInvoiceItem', 101, 1, '2015-09-16 10:00:36', 1, '2015-09-16 10:00:36', 1, 0),
(380, 'lbInvoiceItem', 102, 1, '2015-09-16 10:00:37', 1, '2015-09-16 10:00:37', 1, 0),
(381, 'lbInvoiceTotal', 45, 1, '2015-09-16 10:00:37', 1, '2015-09-16 10:00:37', 1, 0),
(382, 'lbInvoice', 46, 1, '2015-09-16 10:07:49', 1, '2015-09-16 10:07:49', 1, 0),
(383, 'lbInvoiceItem', 103, 1, '2015-09-16 10:07:49', 1, '2015-09-16 10:07:49', 1, 0),
(384, 'lbInvoiceItem', 104, 1, '2015-09-16 10:07:49', 1, '2015-09-16 10:07:49', 1, 0),
(385, 'lbInvoiceTotal', 46, 1, '2015-09-16 10:07:50', 1, '2015-09-16 10:54:39', 1, 0),
(386, 'lbInvoice', 47, 1, '2015-09-16 10:56:36', 1, '2015-09-16 10:56:36', 1, 0),
(387, 'lbInvoiceItem', 105, 1, '2015-09-16 10:56:36', 1, '2015-09-16 10:56:36', 1, 0),
(388, 'lbInvoiceItem', 106, 1, '2015-09-16 10:56:36', 1, '2015-09-16 10:56:36', 1, 0),
(389, 'lbInvoiceTotal', 47, 1, '2015-09-16 10:56:37', 1, '2015-09-16 10:56:37', 1, 0),
(390, 'lbInvoice', 48, 1, '2015-09-16 11:08:21', 1, '2015-09-16 11:34:02', 1, 0),
(391, 'lbInvoiceItem', 107, 1, '2015-09-16 11:08:21', 1, '2015-09-16 11:08:21', 1, 0),
(392, 'lbInvoiceItem', 108, 1, '2015-09-16 11:08:22', 1, '2015-09-16 11:33:15', 1, 0),
(393, 'lbInvoiceTotal', 48, 1, '2015-09-16 11:08:22', 1, '2015-09-16 11:33:16', 1, 0),
(395, 'lbInvoice', 49, 1, '2015-09-16 11:37:33', 1, '2015-09-16 11:37:33', 1, 0),
(396, 'lbInvoiceItem', 110, 1, '2015-09-16 11:37:34', 1, '2015-09-16 11:37:34', 1, 0),
(397, 'lbInvoiceItem', 111, 1, '2015-09-16 11:37:34', 1, '2015-09-16 11:37:34', 1, 0),
(398, 'lbInvoiceTotal', 49, 1, '2015-09-16 11:37:34', 1, '2015-09-16 11:45:46', 1, 0),
(399, 'lbInvoice', 50, 1, '2015-09-16 11:51:09', 1, '2015-09-16 12:16:04', 1, 0),
(400, 'lbInvoiceItem', 112, 1, '2015-09-16 11:51:10', 1, '2015-09-16 11:51:10', 1, 0),
(401, 'lbInvoiceItem', 113, 1, '2015-09-16 11:51:10', 1, '2015-09-16 11:51:10', 1, 0),
(402, 'lbInvoiceTotal', 50, 1, '2015-09-16 11:51:10', 1, '2015-09-16 12:40:12', 1, 0),
(403, 'lbInvoice', 51, 1, '2015-09-17 03:28:06', 1, '2015-09-17 03:28:06', 1, 0),
(404, 'lbInvoiceItem', 114, 1, '2015-09-17 03:28:07', 1, '2015-09-17 03:28:07', 1, 0),
(405, 'lbInvoiceItem', 115, 1, '2015-09-17 03:28:07', 1, '2015-09-17 03:28:07', 1, 0),
(406, 'lbInvoiceTotal', 51, 1, '2015-09-17 03:28:07', 1, '2015-09-17 03:40:08', 1, 0),
(407, 'lbInvoice', 52, 1, '2015-09-18 05:26:31', 1, '2015-09-18 05:46:03', 1, 0),
(408, 'lbInvoiceItem', 116, 1, '2015-09-18 05:26:31', 1, '2015-09-18 05:26:31', 1, 0),
(409, 'lbInvoiceItem', 117, 1, '2015-09-18 05:26:31', 1, '2015-09-18 05:26:31', 1, 0),
(410, 'lbInvoiceTotal', 52, 1, '2015-09-18 05:26:31', 1, '2015-09-18 05:45:48', 1, 0),
(411, 'lbInvoice', 53, 1, '2015-09-18 06:28:46', 1, '2015-09-18 06:28:46', 1, 0),
(412, 'lbInvoiceItem', 118, 1, '2015-09-18 06:28:46', 1, '2015-09-18 07:04:31', 1, 0),
(413, 'lbInvoiceItem', 119, 1, '2015-09-18 06:28:47', 1, '2015-09-18 07:04:38', 1, 0),
(414, 'lbInvoiceTotal', 53, 1, '2015-09-18 06:28:47', 1, '2015-09-18 07:04:41', 1, 0),
(417, 'lbInvoiceItem', 122, 1, '2015-09-18 07:04:24', 1, '2015-09-18 07:04:34', 1, 0),
(418, 'lbQuotation', 9, 1, '2015-09-18 08:18:19', 1, '2015-09-18 08:18:20', 1, 0),
(419, 'lbQuotationItem', 9, 1, '2015-09-18 08:18:20', 1, '2015-09-18 08:18:20', 1, 0),
(420, 'lbQuotationTax', 9, 1, '2015-09-18 08:18:20', 1, '2015-09-18 08:18:20', 1, 0),
(421, 'lbQuotationTotal', 9, 1, '2015-09-18 08:18:20', 1, '2015-09-18 08:18:20', 1, 0),
(422, 'lbQuotation', 10, 1, '2015-09-18 08:18:44', 1, '2015-09-18 08:18:45', 1, 0),
(423, 'lbQuotationItem', 10, 1, '2015-09-18 08:18:44', 1, '2015-09-18 08:53:40', 1, 0),
(424, 'lbQuotationTax', 10, 1, '2015-09-18 08:18:44', 1, '2015-09-18 08:53:41', 1, 0),
(425, 'lbQuotationTotal', 10, 1, '2015-09-18 08:18:45', 1, '2015-09-18 08:53:41', 1, 0),
(427, 'lbQuotationDiscount', 1, 1, '2015-09-18 08:24:03', 1, '2015-09-18 08:24:03', 1, 0),
(428, 'lbInvoice', 54, 1, '2015-09-18 09:11:52', 1, '2015-09-18 09:11:52', 1, 0),
(429, 'lbInvoiceItem', 123, 1, '2015-09-18 09:11:52', 1, '2015-09-18 09:11:52', 1, 0),
(430, 'lbInvoiceItem', 124, 1, '2015-09-18 09:11:52', 1, '2015-09-18 09:11:52', 1, 0),
(431, 'lbInvoiceTotal', 54, 1, '2015-09-18 09:11:52', 1, '2015-09-18 09:11:53', 1, 0),
(432, 'lbQuotation', 11, 1, '2015-09-18 09:17:00', 1, '2015-09-18 09:17:00', 1, 0),
(433, 'lbQuotation', 12, 1, '2015-09-18 09:18:07', 1, '2015-09-18 09:18:07', 1, 0),
(434, 'lbQuotationItem', 12, 1, '2015-09-18 09:18:07', 1, '2015-09-18 09:18:07', 1, 0),
(435, 'lbQuotationTax', 11, 1, '2015-09-18 09:18:07', 1, '2015-09-18 09:18:07', 1, 0),
(436, 'lbQuotationTotal', 11, 1, '2015-09-18 09:18:07', 1, '2015-09-18 09:18:07', 1, 0),
(437, 'lbInvoice', 55, 1, '2015-09-18 09:32:10', 1, '2015-09-18 09:32:10', 1, 0),
(438, 'lbInvoiceItem', 125, 1, '2015-09-18 09:32:10', 1, '2015-09-18 09:32:10', 1, 0),
(439, 'lbInvoiceItem', 126, 1, '2015-09-18 09:32:10', 1, '2015-09-18 09:32:10', 1, 0),
(440, 'lbInvoiceTotal', 55, 1, '2015-09-18 09:32:11', 1, '2015-09-18 09:32:12', 1, 0),
(441, 'lbQuotation', 13, 1, '2015-09-18 09:36:19', 1, '2015-09-18 09:36:20', 1, 0),
(442, 'lbQuotationItem', 13, 1, '2015-09-18 09:36:20', 1, '2015-09-18 09:36:20', 1, 0),
(443, 'lbQuotationTax', 12, 1, '2015-09-18 09:36:20', 1, '2015-09-18 09:36:20', 1, 0),
(444, 'lbQuotationTotal', 12, 1, '2015-09-18 09:36:20', 1, '2015-09-18 09:36:20', 1, 0),
(445, 'lbInvoice', 56, 1, '2015-09-18 09:38:19', 1, '2015-09-18 09:38:19', 1, 0),
(446, 'lbInvoiceItem', 127, 1, '2015-09-18 09:38:19', 1, '2015-09-18 09:38:19', 1, 0),
(447, 'lbInvoiceItem', 128, 1, '2015-09-18 09:38:19', 1, '2015-09-18 09:38:19', 1, 0),
(448, 'lbInvoiceTotal', 56, 1, '2015-09-18 09:38:20', 1, '2015-09-18 10:10:03', 1, 0),
(449, 'lbQuotation', 14, 1, '2015-09-19 03:34:51', 1, '2015-09-19 03:34:52', 1, 0),
(450, 'lbQuotationItem', 14, 1, '2015-09-19 03:34:51', 1, '2015-09-19 03:34:51', 1, 0),
(451, 'lbQuotationTax', 13, 1, '2015-09-19 03:34:51', 1, '2015-09-19 03:34:51', 1, 0),
(452, 'lbQuotationTotal', 13, 1, '2015-09-19 03:34:52', 1, '2015-09-19 03:34:52', 1, 0),
(453, 'lbInvoice', 57, 1, '2015-09-19 03:37:39', 1, '2015-09-19 03:37:39', 1, 0),
(454, 'lbInvoiceItem', 129, 1, '2015-09-19 03:37:39', 1, '2015-09-19 03:37:39', 1, 0),
(455, 'lbInvoiceItem', 130, 1, '2015-09-19 03:37:39', 1, '2015-09-19 03:37:39', 1, 0),
(456, 'lbInvoiceTotal', 57, 1, '2015-09-19 03:37:39', 1, '2015-09-19 03:37:41', 1, 0),
(457, 'lbInvoice', 58, 1, '2015-09-19 04:11:17', 1, '2015-09-19 04:11:17', 1, 0),
(458, 'lbInvoiceItem', 131, 1, '2015-09-19 04:11:17', 1, '2015-09-19 04:11:17', 1, 0),
(459, 'lbInvoiceItem', 132, 1, '2015-09-19 04:11:17', 1, '2015-09-19 04:11:17', 1, 0),
(460, 'lbInvoiceTotal', 58, 1, '2015-09-19 04:11:17', 1, '2015-09-19 04:11:18', 1, 0),
(461, 'lbQuotation', 15, 1, '2015-09-19 04:26:43', 1, '2015-09-19 04:26:43', 1, 0),
(462, 'lbQuotationItem', 15, 1, '2015-09-19 04:26:43', 1, '2015-09-19 04:26:43', 1, 0),
(463, 'lbQuotationTax', 14, 1, '2015-09-19 04:26:43', 1, '2015-09-19 04:26:43', 1, 0),
(464, 'lbQuotationTotal', 14, 1, '2015-09-19 04:26:43', 1, '2015-09-19 04:26:43', 1, 0),
(465, 'lbInvoice', 59, 1, '2015-09-19 04:33:32', 1, '2015-09-19 04:57:27', 1, 0),
(466, 'lbInvoiceItem', 133, 1, '2015-09-19 04:33:32', 1, '2015-09-19 04:33:32', 1, 0),
(467, 'lbInvoiceItem', 134, 1, '2015-09-19 04:33:32', 1, '2015-09-19 04:33:32', 1, 0),
(468, 'lbInvoiceTotal', 59, 1, '2015-09-19 04:33:33', 1, '2015-09-19 04:55:10', 1, 0),
(469, 'lbQuotation', 16, 1, '2015-09-19 05:34:49', 1, '2015-09-19 05:34:51', 1, 0),
(470, 'lbQuotationItem', 16, 1, '2015-09-19 05:34:50', 1, '2015-09-19 05:34:50', 1, 0),
(471, 'lbQuotationTax', 15, 1, '2015-09-19 05:34:50', 1, '2015-09-19 05:34:50', 1, 0),
(472, 'lbQuotationTotal', 15, 1, '2015-09-19 05:34:50', 1, '2015-09-19 05:34:50', 1, 0),
(473, 'lbQuotation', 17, 1, '2015-09-19 05:34:54', 1, '2015-09-19 05:35:15', 1, 0),
(474, 'lbQuotationItem', 17, 1, '2015-09-19 05:34:55', 1, '2015-09-19 05:34:55', 1, 0),
(475, 'lbQuotationTax', 16, 1, '2015-09-19 05:34:55', 1, '2015-09-19 05:34:55', 1, 0),
(476, 'lbQuotationTotal', 16, 1, '2015-09-19 05:34:56', 1, '2015-09-19 05:34:56', 1, 0),
(477, 'lbInvoice', 60, 1, '2015-09-19 05:35:32', 1, '2015-09-19 05:35:48', 1, 0),
(478, 'lbInvoiceItem', 135, 1, '2015-09-19 05:35:33', 1, '2015-09-19 05:35:33', 1, 0),
(479, 'lbInvoiceItem', 136, 1, '2015-09-19 05:35:33', 1, '2015-09-19 05:35:33', 1, 0),
(480, 'lbInvoiceTotal', 60, 1, '2015-09-19 05:35:33', 1, '2015-09-19 05:35:34', 1, 0),
(481, 'lbQuotation', 18, 1, '2015-09-19 05:36:27', 1, '2015-09-19 05:50:41', 1, 0),
(482, 'lbQuotationItem', 18, 1, '2015-09-19 05:36:27', 1, '2015-09-19 05:36:27', 1, 0),
(483, 'lbQuotationTax', 17, 1, '2015-09-19 05:36:27', 1, '2015-09-19 05:36:27', 1, 0),
(484, 'lbQuotationTotal', 17, 1, '2015-09-19 05:36:27', 1, '2015-09-19 05:36:27', 1, 0),
(485, 'lbInvoice', 61, 1, '2015-09-19 05:50:58', 1, '2015-09-19 05:51:14', 1, 0),
(486, 'lbInvoiceItem', 137, 1, '2015-09-19 05:50:58', 1, '2015-09-19 05:50:58', 1, 0),
(487, 'lbInvoiceItem', 138, 1, '2015-09-19 05:50:58', 1, '2015-09-19 05:50:58', 1, 0),
(488, 'lbInvoiceTotal', 61, 1, '2015-09-19 05:50:58', 1, '2015-09-19 05:50:59', 1, 0),
(489, 'lbInvoice', 62, 1, '2015-09-19 06:55:21', 1, '2015-09-19 06:55:21', 1, 0),
(490, 'lbInvoiceItem', 139, 1, '2015-09-19 06:55:22', 1, '2015-09-19 06:55:22', 1, 0),
(491, 'lbInvoiceItem', 140, 1, '2015-09-19 06:55:22', 1, '2015-09-19 06:55:22', 1, 0),
(492, 'lbInvoiceTotal', 62, 1, '2015-09-19 06:55:22', 1, '2015-09-19 09:12:43', 1, 0),
(493, 'lbInvoice', 63, 1, '2015-09-19 09:12:48', 1, '2015-09-19 09:12:48', 1, 0),
(494, 'lbInvoiceItem', 141, 1, '2015-09-19 09:12:48', 1, '2015-09-19 09:12:48', 1, 0),
(495, 'lbInvoiceItem', 142, 1, '2015-09-19 09:12:49', 1, '2015-09-19 09:12:49', 1, 0),
(496, 'lbInvoiceTotal', 63, 1, '2015-09-19 09:12:49', 1, '2015-09-19 09:15:27', 1, 0),
(497, 'lbInvoice', 64, 1, '2015-09-19 09:15:53', 1, '2015-09-19 09:15:53', 1, 0),
(498, 'lbInvoiceItem', 143, 1, '2015-09-19 09:15:54', 1, '2015-09-19 09:15:54', 1, 0),
(499, 'lbInvoiceItem', 144, 1, '2015-09-19 09:15:54', 1, '2015-09-19 09:15:54', 1, 0),
(500, 'lbInvoiceTotal', 64, 1, '2015-09-19 09:15:54', 1, '2015-09-19 09:15:54', 1, 0),
(501, 'lbInvoice', 65, 1, '2015-09-19 09:16:17', 1, '2015-09-19 09:16:17', 1, 0),
(502, 'lbInvoiceItem', 145, 1, '2015-09-19 09:16:18', 1, '2015-09-19 09:16:18', 1, 0),
(503, 'lbInvoiceItem', 146, 1, '2015-09-19 09:16:18', 1, '2015-09-19 09:16:18', 1, 0),
(504, 'lbInvoiceTotal', 65, 1, '2015-09-19 09:16:18', 1, '2015-09-19 09:16:19', 1, 0),
(505, 'lbQuotation', 19, 1, '2015-09-19 09:57:49', 1, '2015-09-19 09:57:50', 1, 0),
(506, 'lbQuotationItem', 19, 1, '2015-09-19 09:57:49', 1, '2015-09-19 09:57:49', 1, 0),
(507, 'lbQuotationTax', 18, 1, '2015-09-19 09:57:50', 1, '2015-09-19 09:57:50', 1, 0),
(508, 'lbQuotationTotal', 18, 1, '2015-09-19 09:57:50', 1, '2015-09-19 09:57:50', 1, 0),
(509, 'lbQuotation', 20, 1, '2015-09-19 09:57:56', 1, '2015-09-19 11:00:57', 1, 0),
(510, 'lbQuotationItem', 20, 1, '2015-09-19 09:57:57', 1, '2015-09-19 09:57:57', 1, 0),
(511, 'lbQuotationTax', 19, 1, '2015-09-19 09:57:57', 1, '2015-09-19 09:57:57', 1, 0),
(512, 'lbQuotationTotal', 19, 1, '2015-09-19 09:57:57', 1, '2015-09-19 09:57:57', 1, 0),
(513, 'lbInvoice', 66, 1, '2015-09-19 10:21:06', 1, '2015-09-19 10:21:06', 1, 0),
(514, 'lbInvoice', 67, 1, '2015-09-19 10:22:00', 1, '2015-09-19 10:22:00', 1, 0),
(515, 'lbInvoice', 68, 1, '2015-09-19 10:23:04', 1, '2015-09-19 10:23:04', 1, 0),
(516, 'lbInvoice', 69, 1, '2015-09-19 10:23:26', 1, '2015-09-19 10:23:26', 1, 0),
(517, 'lbInvoice', 70, 1, '2015-09-19 10:23:51', 1, '2015-09-19 10:23:51', 1, 0),
(518, 'lbInvoice', 71, 1, '2015-09-19 10:25:14', 1, '2015-09-19 10:25:14', 1, 0),
(519, 'lbInvoice', 72, 1, '2015-09-19 10:30:58', 1, '2015-09-19 10:30:58', 1, 0),
(520, 'lbInvoice', 73, 1, '2015-09-19 10:31:30', 1, '2015-09-19 10:31:30', 1, 0),
(521, 'lbInvoice', 74, 1, '2015-09-19 10:32:22', 1, '2015-09-19 10:32:22', 1, 0),
(522, 'lbInvoice', 75, 1, '2015-09-19 10:33:41', 1, '2015-09-19 10:34:01', 1, 0),
(523, 'lbInvoice', 76, 1, '2015-09-19 10:49:42', 1, '2015-09-19 10:49:42', 1, 0),
(524, 'lbInvoice', 77, 1, '2015-09-19 10:52:06', 1, '2015-09-19 10:52:38', 1, 0),
(525, 'lbInvoice', 78, 1, '2015-09-19 10:52:51', 1, '2015-09-19 10:53:01', 1, 0),
(526, 'lbInvoice', 79, 1, '2015-09-19 11:10:45', 1, '2015-09-19 11:10:54', 1, 0),
(527, 'lbInvoice', 80, 1, '2015-09-19 11:11:33', 1, '2015-09-19 11:11:33', 1, 0),
(528, 'lbInvoice', 81, 1, '2015-09-21 03:20:54', 1, '2015-09-21 03:25:06', 1, 0),
(529, 'lbQuotation', 21, 1, '2015-09-21 03:28:36', 1, '2015-09-21 03:29:45', 1, 0),
(530, 'lbQuotationItem', 21, 1, '2015-09-21 03:28:36', 1, '2015-09-21 05:17:48', 1, 0),
(531, 'lbQuotationTax', 20, 1, '2015-09-21 03:28:36', 1, '2016-01-21 08:30:09', 1, 0),
(532, 'lbQuotationTotal', 20, 1, '2015-09-21 03:28:36', 1, '2016-01-21 08:30:10', 1, 0),
(533, 'lbInvoice', 82, 1, '2015-09-21 03:30:13', 1, '2015-09-21 03:30:37', 1, 0),
(534, 'lbInvoiceItem', 147, 1, '2015-09-21 03:30:13', 1, '2015-09-21 03:30:13', 1, 0),
(535, 'lbInvoiceItem', 148, 1, '2015-09-21 03:30:13', 1, '2015-09-21 03:30:13', 1, 0),
(536, 'lbInvoiceTotal', 66, 1, '2015-09-21 03:30:14', 1, '2015-09-21 05:11:26', 1, 0),
(537, 'lbInvoice', 83, 1, '2015-09-21 04:58:53', 1, '2015-09-21 04:58:53', 1, 0),
(538, 'lbInvoice', 84, 1, '2015-09-21 04:59:06', 1, '2015-09-21 04:59:06', 1, 0),
(539, 'lbInvoiceItem', 149, 1, '2015-09-21 04:59:06', 1, '2015-09-21 04:59:06', 1, 0),
(540, 'lbInvoiceItem', 150, 1, '2015-09-21 04:59:06', 1, '2015-09-21 04:59:06', 1, 0),
(541, 'lbInvoiceTotal', 67, 1, '2015-09-21 04:59:07', 1, '2015-09-21 04:59:07', 1, 0),
(542, 'lbInvoice', 85, 1, '2015-09-21 05:06:58', 1, '2015-09-21 05:06:58', 1, 0),
(543, 'lbInvoiceItem', 151, 1, '2015-09-21 05:06:59', 1, '2015-09-21 05:06:59', 1, 0),
(544, 'lbInvoiceItem', 152, 1, '2015-09-21 05:06:59', 1, '2015-09-21 05:06:59', 1, 0),
(545, 'lbInvoiceTotal', 68, 1, '2015-09-21 05:06:59', 1, '2015-09-21 05:09:59', 1, 0),
(546, 'lbInvoice', 86, 1, '2015-09-21 05:11:14', 1, '2015-09-21 05:11:14', 1, 0),
(547, 'lbInvoiceItem', 153, 1, '2015-09-21 05:11:14', 1, '2015-09-21 05:11:14', 1, 0),
(548, 'lbInvoiceItem', 154, 1, '2015-09-21 05:11:14', 1, '2015-09-21 05:11:14', 1, 0),
(549, 'lbInvoiceTotal', 69, 1, '2015-09-21 05:11:14', 1, '2015-09-21 05:11:15', 1, 0),
(550, 'lbInvoice', 87, 1, '2015-09-21 05:37:05', 1, '2015-09-21 05:38:02', 1, 0),
(551, 'lbInvoiceItem', 155, 1, '2015-09-21 05:37:05', 1, '2015-09-21 05:37:52', 1, 0),
(552, 'lbInvoiceItem', 156, 1, '2015-09-21 05:37:05', 1, '2015-09-21 05:37:56', 1, 0),
(553, 'lbInvoiceTotal', 70, 1, '2015-09-21 05:37:05', 1, '2015-09-21 05:37:56', 1, 0),
(554, 'lbInvoice', 88, 1, '2015-09-21 05:39:25', 1, '2015-09-21 05:42:02', 1, 0),
(555, 'lbInvoiceItem', 157, 1, '2015-09-21 05:39:25', 1, '2015-09-21 05:39:58', 1, 0),
(556, 'lbInvoiceItem', 158, 1, '2015-09-21 05:39:25', 1, '2015-09-21 05:39:59', 1, 0),
(557, 'lbInvoiceTotal', 71, 1, '2015-09-21 05:39:26', 1, '2015-09-21 05:41:20', 1, 0),
(558, 'lbInvoice', 89, 1, '2015-09-21 05:42:29', 1, '2015-09-21 05:43:13', 1, 0),
(559, 'lbInvoiceItem', 159, 1, '2015-09-21 05:42:29', 1, '2015-09-21 05:43:02', 1, 0),
(560, 'lbInvoiceItem', 160, 1, '2015-09-21 05:42:30', 1, '2015-09-21 05:43:04', 1, 0),
(561, 'lbInvoiceTotal', 72, 1, '2015-09-21 05:42:30', 1, '2015-09-21 05:43:04', 1, 0),
(562, 'lbInvoice', 90, 1, '2015-09-21 05:47:34', 1, '2015-09-21 05:48:22', 1, 0),
(563, 'lbInvoiceItem', 161, 1, '2015-09-21 05:47:35', 1, '2015-09-21 05:48:07', 1, 0),
(564, 'lbInvoiceItem', 162, 1, '2015-09-21 05:47:35', 1, '2015-09-21 05:48:08', 1, 0),
(565, 'lbInvoiceTotal', 73, 1, '2015-09-21 05:47:35', 1, '2015-09-21 05:48:09', 1, 0),
(566, 'lbInvoice', 91, 1, '2015-09-21 05:50:03', 1, '2015-09-21 05:51:11', 1, 0),
(567, 'lbInvoiceItem', 163, 1, '2015-09-21 05:50:03', 1, '2015-09-21 05:51:02', 1, 0),
(568, 'lbInvoiceItem', 164, 1, '2015-09-21 05:50:04', 1, '2015-09-21 05:51:03', 1, 0),
(569, 'lbInvoiceTotal', 74, 1, '2015-09-21 05:50:04', 1, '2015-09-21 05:51:03', 1, 0),
(570, 'lbInvoice', 92, 1, '2015-09-21 05:55:53', 1, '2015-09-21 05:56:06', 1, 0),
(571, 'lbInvoiceItem', 165, 1, '2015-09-21 05:55:53', 1, '2015-09-21 05:56:22', 1, 0),
(572, 'lbInvoiceItem', 166, 1, '2015-09-21 05:55:54', 1, '2015-09-21 05:56:23', 1, 0),
(573, 'lbInvoiceTotal', 75, 1, '2015-09-21 05:55:54', 1, '2015-09-21 05:56:23', 1, 0),
(574, 'lbInvoice', 93, 1, '2015-09-21 05:57:33', 1, '2015-09-21 05:58:05', 1, 0),
(575, 'lbInvoiceItem', 167, 1, '2015-09-21 05:57:33', 1, '2015-09-21 05:57:57', 1, 0),
(576, 'lbInvoiceItem', 168, 1, '2015-09-21 05:57:33', 1, '2015-09-21 05:57:58', 1, 0),
(577, 'lbInvoiceTotal', 76, 1, '2015-09-21 05:57:34', 1, '2015-09-21 05:57:58', 1, 0),
(578, 'lbInvoice', 94, 1, '2015-09-21 05:59:42', 1, '2015-09-21 06:00:23', 1, 0),
(579, 'lbInvoiceItem', 169, 1, '2015-09-21 05:59:42', 1, '2015-09-21 06:00:10', 1, 0),
(580, 'lbInvoiceItem', 170, 1, '2015-09-21 05:59:42', 1, '2015-09-21 06:00:12', 1, 0),
(581, 'lbInvoiceTotal', 77, 1, '2015-09-21 05:59:43', 1, '2015-09-21 06:00:14', 1, 0),
(582, 'lbInvoice', 95, 1, '2015-09-21 06:04:29', 1, '2015-09-21 06:04:47', 1, 0),
(583, 'lbInvoiceItem', 171, 1, '2015-09-21 06:04:29', 1, '2015-09-21 06:04:58', 1, 0),
(584, 'lbInvoiceItem', 172, 1, '2015-09-21 06:04:30', 1, '2015-09-21 06:04:59', 1, 0),
(585, 'lbInvoiceTotal', 78, 1, '2015-09-21 06:04:30', 1, '2015-09-22 10:14:32', 1, 0),
(586, 'lbInvoice', 96, 1, '2015-09-21 06:10:59', 1, '2015-09-21 06:11:33', 1, 0),
(587, 'lbInvoiceItem', 173, 1, '2015-09-21 06:10:59', 1, '2015-09-21 06:11:23', 1, 0),
(588, 'lbInvoiceItem', 174, 1, '2015-09-21 06:11:00', 1, '2015-09-21 06:11:25', 1, 0),
(589, 'lbInvoiceTotal', 79, 1, '2015-09-21 06:11:00', 1, '2015-09-21 06:26:47', 1, 0),
(591, 'lbInvoice', 97, 1, '2015-09-21 06:13:11', 1, '2015-09-21 06:13:48', 1, 0),
(592, 'lbInvoiceItem', 175, 1, '2015-09-21 06:13:11', 1, '2015-09-21 06:13:44', 1, 0),
(593, 'lbInvoiceItem', 176, 1, '2015-09-21 06:13:11', 1, '2015-09-21 06:13:45', 1, 0),
(594, 'lbInvoiceTotal', 80, 1, '2015-09-21 06:13:11', 1, '2015-09-22 10:16:03', 1, 0),
(596, 'lbInvoice', 98, 1, '2015-09-21 06:18:00', 1, '2015-09-21 06:27:10', 1, 0),
(597, 'lbInvoiceItem', 177, 1, '2015-09-21 06:18:00', 1, '2015-09-21 06:18:28', 1, 0),
(598, 'lbInvoiceItem', 178, 1, '2015-09-21 06:18:00', 1, '2015-09-21 06:18:29', 1, 0),
(599, 'lbInvoiceTotal', 81, 1, '2015-09-21 06:18:00', 1, '2015-09-21 06:26:58', 1, 0),
(601, 'lbInvoice', 99, 1, '2015-09-21 06:19:38', 1, '2015-09-21 06:19:38', 1, 0),
(602, 'lbInvoiceItem', 179, 1, '2015-09-21 06:19:38', 1, '2015-09-21 06:19:38', 1, 0),
(603, 'lbInvoiceItem', 180, 1, '2015-09-21 06:19:38', 1, '2015-09-21 06:19:38', 1, 0),
(604, 'lbInvoiceTotal', 82, 1, '2015-09-21 06:19:38', 1, '2015-09-21 06:19:39', 1, 0),
(605, 'lbInvoice', 100, 1, '2015-09-21 06:20:11', 1, '2015-09-21 06:20:11', 1, 0),
(606, 'lbInvoiceItem', 181, 1, '2015-09-21 06:20:12', 1, '2015-09-21 06:20:12', 1, 0),
(607, 'lbInvoiceItem', 182, 1, '2015-09-21 06:20:12', 1, '2015-09-21 06:20:12', 1, 0),
(608, 'lbInvoiceTotal', 83, 1, '2015-09-21 06:20:12', 1, '2015-09-21 06:20:13', 1, 0),
(609, 'lbInvoice', 101, 1, '2015-09-21 06:21:40', 1, '2015-09-21 06:21:40', 1, 0),
(610, 'lbInvoiceItem', 183, 1, '2015-09-21 06:21:40', 1, '2015-09-21 06:21:40', 1, 0),
(611, 'lbInvoiceItem', 184, 1, '2015-09-21 06:21:41', 1, '2015-09-21 06:21:41', 1, 0),
(612, 'lbInvoiceTotal', 84, 1, '2015-09-21 06:21:41', 1, '2015-09-21 06:21:42', 1, 0),
(613, 'lbInvoice', 102, 1, '2015-09-21 06:22:32', 1, '2015-09-21 06:22:32', 1, 0),
(614, 'lbInvoiceItem', 185, 1, '2015-09-21 06:22:33', 1, '2015-09-21 06:22:33', 1, 0),
(615, 'lbInvoiceItem', 186, 1, '2015-09-21 06:22:33', 1, '2015-09-21 06:22:33', 1, 0),
(616, 'lbInvoiceTotal', 85, 1, '2015-09-21 06:22:33', 1, '2015-09-21 06:22:33', 1, 0),
(617, 'lbInvoice', 103, 1, '2015-09-21 06:23:39', 1, '2015-09-21 06:23:39', 1, 0),
(618, 'lbInvoiceItem', 187, 1, '2015-09-21 06:23:40', 1, '2015-09-21 06:23:40', 1, 0),
(619, 'lbInvoiceItem', 188, 1, '2015-09-21 06:23:40', 1, '2015-09-21 06:23:40', 1, 0),
(620, 'lbInvoiceTotal', 86, 1, '2015-09-21 06:23:40', 1, '2015-09-21 06:26:43', 1, 0),
(621, 'lbInvoice', 104, 1, '2015-09-21 06:28:10', 1, '2015-09-21 06:28:10', 1, 0),
(622, 'lbInvoiceItem', 189, 1, '2015-09-21 06:28:10', 1, '2015-09-21 06:28:10', 1, 0),
(623, 'lbInvoiceItem', 190, 1, '2015-09-21 06:28:11', 1, '2015-09-21 06:28:11', 1, 0),
(624, 'lbInvoiceTotal', 87, 1, '2015-09-21 06:28:11', 1, '2015-09-21 06:28:26', 1, 0),
(625, 'lbInvoice', 105, 1, '2015-09-21 06:29:22', 1, '2015-09-21 06:29:22', 1, 0),
(626, 'lbInvoiceItem', 191, 1, '2015-09-21 06:29:23', 1, '2015-09-21 06:29:23', 1, 0),
(627, 'lbInvoiceItem', 192, 1, '2015-09-21 06:29:23', 1, '2015-09-21 06:29:23', 1, 0),
(628, 'lbInvoiceTotal', 88, 1, '2015-09-21 06:29:23', 1, '2015-09-21 06:30:24', 1, 0),
(629, 'lbInvoice', 106, 1, '2015-09-21 06:31:15', 1, '2015-09-21 06:31:15', 1, 0),
(630, 'lbInvoiceItem', 193, 1, '2015-09-21 06:31:15', 1, '2015-09-21 06:31:15', 1, 0),
(631, 'lbInvoiceItem', 194, 1, '2015-09-21 06:31:15', 1, '2015-09-21 06:31:15', 1, 0),
(632, 'lbInvoiceTotal', 89, 1, '2015-09-21 06:31:15', 1, '2015-09-21 06:31:16', 1, 0),
(633, 'lbInvoice', 107, 1, '2015-09-21 06:31:40', 1, '2015-09-21 06:31:40', 1, 0),
(634, 'lbInvoiceItem', 195, 1, '2015-09-21 06:31:40', 1, '2015-09-21 06:31:40', 1, 0),
(635, 'lbInvoiceItem', 196, 1, '2015-09-21 06:31:40', 1, '2015-09-21 06:31:40', 1, 0),
(636, 'lbInvoiceTotal', 90, 1, '2015-09-21 06:31:41', 1, '2015-09-21 06:31:41', 1, 0),
(637, 'lbInvoice', 108, 1, '2015-09-21 06:34:23', 1, '2015-09-21 06:34:23', 1, 0),
(638, 'lbInvoiceItem', 197, 1, '2015-09-21 06:34:24', 1, '2015-09-21 06:34:24', 1, 0),
(639, 'lbInvoiceItem', 198, 1, '2015-09-21 06:34:24', 1, '2015-09-21 06:34:24', 1, 0),
(640, 'lbInvoiceTotal', 91, 1, '2015-09-21 06:34:24', 1, '2015-09-21 06:34:25', 1, 0),
(641, 'lbInvoice', 109, 1, '2015-09-21 06:34:52', 1, '2015-09-21 06:34:52', 1, 0),
(642, 'lbInvoiceItem', 199, 1, '2015-09-21 06:34:52', 1, '2015-09-21 06:34:52', 1, 0),
(643, 'lbInvoiceItem', 200, 1, '2015-09-21 06:34:52', 1, '2015-09-21 06:34:52', 1, 0),
(644, 'lbInvoiceTotal', 92, 1, '2015-09-21 06:34:53', 1, '2015-09-21 06:35:18', 1, 0),
(645, 'lbInvoice', 110, 1, '2015-09-21 06:35:26', 1, '2015-09-21 06:35:26', 1, 0),
(646, 'lbInvoiceItem', 201, 1, '2015-09-21 06:35:26', 1, '2015-09-21 06:35:26', 1, 0),
(647, 'lbInvoiceItem', 202, 1, '2015-09-21 06:35:27', 1, '2015-09-21 06:35:27', 1, 0),
(648, 'lbInvoiceTotal', 93, 1, '2015-09-21 06:35:27', 1, '2015-09-21 06:35:27', 1, 0),
(649, 'lbInvoice', 111, 1, '2015-09-21 06:37:46', 1, '2015-09-21 06:38:22', 1, 0),
(650, 'lbInvoiceItem', 203, 1, '2015-09-21 06:37:46', 1, '2015-09-21 06:38:15', 1, 0),
(651, 'lbInvoiceItem', 204, 1, '2015-09-21 06:37:46', 1, '2015-09-21 06:38:16', 1, 0),
(652, 'lbInvoiceTotal', 94, 1, '2015-09-21 06:37:46', 1, '2015-09-21 06:38:16', 1, 0),
(654, 'lbInvoice', 112, 1, '2015-09-21 06:38:33', 1, '2015-09-21 06:39:02', 1, 0),
(655, 'lbInvoiceItem', 205, 1, '2015-09-21 06:38:33', 1, '2015-09-21 06:38:57', 1, 0),
(656, 'lbInvoiceItem', 206, 1, '2015-09-21 06:38:33', 1, '2015-09-21 06:38:58', 1, 0),
(657, 'lbInvoiceTotal', 95, 1, '2015-09-21 06:38:33', 1, '2015-09-21 06:38:58', 1, 0),
(659, 'lbInvoice', 113, 1, '2015-09-21 06:40:48', 1, '2015-09-21 06:41:25', 1, 0),
(660, 'lbInvoiceItem', 207, 1, '2015-09-21 06:40:48', 1, '2015-09-21 06:41:17', 1, 0),
(661, 'lbInvoiceItem', 208, 1, '2015-09-21 06:40:49', 1, '2015-09-21 06:41:19', 1, 0),
(662, 'lbInvoiceTotal', 96, 1, '2015-09-21 06:40:49', 1, '2015-09-21 06:41:19', 1, 0),
(664, 'lbInvoice', 114, 1, '2015-09-21 06:42:00', 1, '2015-09-21 06:42:55', 1, 0),
(665, 'lbInvoiceItem', 209, 1, '2015-09-21 06:42:01', 1, '2015-09-21 06:42:46', 1, 0),
(666, 'lbInvoiceItem', 210, 1, '2015-09-21 06:42:01', 1, '2015-09-21 06:42:47', 1, 0),
(667, 'lbInvoiceTotal', 97, 1, '2015-09-21 06:42:01', 1, '2015-10-13 11:10:06', 1, 0),
(668, 'lbInvoice', 115, 1, '2015-09-21 06:44:37', 1, '2015-09-21 06:44:37', 1, 0),
(669, 'lbInvoiceItem', 211, 1, '2015-09-21 06:44:37', 1, '2015-09-21 06:44:37', 1, 0),
(670, 'lbInvoiceItem', 212, 1, '2015-09-21 06:44:37', 1, '2015-09-21 06:44:37', 1, 0),
(671, 'lbInvoiceTotal', 98, 1, '2015-09-21 06:44:38', 1, '2015-09-21 06:44:38', 1, 0),
(672, 'lbInvoice', 116, 1, '2015-09-21 06:45:27', 1, '2015-09-21 06:46:10', 1, 0),
(673, 'lbInvoiceItem', 213, 1, '2015-09-21 06:45:27', 1, '2015-09-21 06:46:03', 1, 0),
(674, 'lbInvoiceItem', 214, 1, '2015-09-21 06:45:28', 1, '2015-09-21 06:46:04', 1, 0),
(675, 'lbInvoiceTotal', 99, 1, '2015-09-21 06:45:29', 1, '2015-09-21 06:46:04', 1, 0),
(677, 'lbInvoice', 117, 1, '2015-09-21 06:49:16', 1, '2015-09-21 06:49:44', 1, 0),
(678, 'lbInvoiceItem', 215, 1, '2015-09-21 06:49:16', 1, '2015-09-21 06:50:00', 1, 0),
(679, 'lbInvoiceItem', 216, 1, '2015-09-21 06:49:16', 1, '2015-09-21 06:50:01', 1, 0),
(680, 'lbInvoiceTotal', 100, 1, '2015-09-21 06:49:16', 1, '2015-09-21 06:50:01', 1, 0),
(681, 'lbCustomer', 90, 1, '2015-09-21 06:49:44', 1, '2015-09-21 09:10:28', 1, 0);
INSERT INTO `lb_core_entities` (`lb_record_primary_key`, `lb_entity_type`, `lb_entity_primary_key`, `lb_created_by`, `lb_created_date`, `lb_last_updated_by`, `lb_last_update`, `lb_subscription_id`, `lb_locked_from_deletion`) VALUES
(682, 'lbInvoice', 118, 1, '2015-09-21 06:53:03', 1, '2015-09-21 06:53:46', 1, 0),
(683, 'lbInvoiceItem', 217, 1, '2015-09-21 06:53:03', 1, '2015-09-21 06:53:38', 1, 0),
(684, 'lbInvoiceItem', 218, 1, '2015-09-21 06:53:03', 1, '2015-09-21 06:53:39', 1, 0),
(685, 'lbInvoiceTotal', 101, 1, '2015-09-21 06:53:03', 1, '2015-09-21 06:53:40', 1, 0),
(687, 'lbInvoice', 119, 1, '2015-09-21 06:55:53', 1, '2016-02-20 02:54:06', 1, 0),
(688, 'lbInvoiceItem', 219, 1, '2015-09-21 06:55:54', 1, '2016-01-30 07:57:21', 1, 0),
(689, 'lbInvoiceItem', 220, 1, '2015-09-21 06:55:54', 1, '2016-02-02 04:02:40', 1, 0),
(690, 'lbInvoiceTotal', 102, 1, '2015-09-21 06:55:54', 1, '2016-02-20 02:54:08', 1, 0),
(692, 'lbExpenses', 2, 1, '2015-09-21 06:58:41', 1, '2015-09-21 06:58:41', 1, 0),
(695, 'lbInvoice', 120, 1, '2015-09-21 06:59:03', 1, '2016-01-18 04:40:01', 1, 0),
(696, 'lbInvoiceItem', 221, 1, '2015-09-21 06:59:03', 1, '2015-09-21 06:59:27', 1, 0),
(697, 'lbInvoiceItem', 222, 1, '2015-09-21 06:59:03', 1, '2015-09-21 06:59:28', 1, 0),
(698, 'lbInvoiceTotal', 103, 1, '2015-09-21 06:59:04', 1, '2016-02-01 04:42:48', 1, 0),
(700, 'lbInvoice', 121, 1, '2015-09-21 07:00:00', 1, '2016-02-20 02:55:46', 1, 0),
(701, 'lbInvoiceItem', 223, 1, '2015-09-21 07:00:01', 1, '2015-09-21 07:00:20', 1, 0),
(702, 'lbInvoiceItem', 224, 1, '2015-09-21 07:00:01', 1, '2015-09-21 07:00:22', 1, 0),
(703, 'lbInvoiceTotal', 104, 1, '2015-09-21 07:00:01', 1, '2016-02-20 02:55:47', 1, 0),
(705, 'lbInvoice', 122, 1, '2015-09-21 07:01:59', 1, '2016-02-20 02:28:07', 1, 0),
(706, 'lbInvoiceItem', 225, 1, '2015-09-21 07:01:59', 1, '2015-09-21 08:23:24', 1, 0),
(707, 'lbInvoiceItem', 226, 1, '2015-09-21 07:01:59', 1, '2015-09-21 08:23:26', 1, 0),
(708, 'lbInvoiceTotal', 105, 1, '2015-09-21 07:01:59', 1, '2016-02-20 02:28:08', 1, 0),
(710, 'lbInvoice', 123, 1, '2015-09-21 08:27:18', 1, '2015-09-21 08:27:18', 1, 0),
(711, 'lbInvoiceItem', 227, 1, '2015-09-21 08:27:18', 1, '2015-09-21 08:27:18', 1, 0),
(712, 'lbInvoiceItem', 228, 1, '2015-09-21 08:27:18', 1, '2015-09-21 08:27:18', 1, 0),
(713, 'lbInvoiceTotal', 106, 1, '2015-09-21 08:27:18', 1, '2015-09-21 08:27:18', 1, 0),
(714, 'lbInvoice', 124, 1, '2015-09-21 08:30:29', 1, '2016-02-20 02:56:46', 1, 0),
(715, 'lbInvoiceItem', 229, 1, '2015-09-21 08:30:29', 1, '2015-09-21 08:30:59', 1, 0),
(716, 'lbInvoiceItem', 230, 1, '2015-09-21 08:30:29', 1, '2016-02-20 03:22:21', 1, 0),
(717, 'lbInvoiceTotal', 107, 1, '2015-09-21 08:30:30', 1, '2016-02-20 03:22:22', 1, 0),
(719, 'lbInvoice', 125, 1, '2015-09-21 08:34:25', 1, '2015-09-21 08:34:25', 1, 0),
(720, 'lbInvoiceItem', 231, 1, '2015-09-21 08:34:25', 1, '2015-09-21 08:34:25', 1, 0),
(721, 'lbInvoiceItem', 232, 1, '2015-09-21 08:34:25', 1, '2015-09-21 08:34:25', 1, 0),
(722, 'lbInvoiceTotal', 108, 1, '2015-09-21 08:34:25', 1, '2015-09-21 08:34:25', 1, 0),
(723, 'lbInvoice', 126, 1, '2015-09-21 08:35:03', 1, '2015-09-21 08:35:03', 1, 0),
(724, 'lbInvoiceItem', 233, 1, '2015-09-21 08:35:04', 1, '2015-09-21 08:35:04', 1, 0),
(725, 'lbInvoiceItem', 234, 1, '2015-09-21 08:35:04', 1, '2015-09-21 08:35:04', 1, 0),
(726, 'lbInvoiceTotal', 109, 1, '2015-09-21 08:35:05', 1, '2015-09-21 08:35:05', 1, 0),
(727, 'lbInvoice', 127, 1, '2015-09-21 08:35:15', 1, '2015-12-21 05:37:45', 1, 0),
(728, 'lbInvoiceItem', 235, 1, '2015-09-21 08:35:15', 1, '2015-09-21 08:35:44', 1, 0),
(729, 'lbInvoiceItem', 236, 1, '2015-09-21 08:35:15', 1, '2015-09-21 08:35:45', 1, 0),
(730, 'lbInvoiceTotal', 110, 1, '2015-09-21 08:35:15', 1, '2015-12-21 05:37:45', 1, 0),
(731, 'lbInvoice', 128, 1, '2015-09-21 08:47:05', 1, '2016-02-20 02:28:40', 1, 0),
(732, 'lbInvoiceItem', 237, 1, '2015-09-21 08:47:06', 1, '2015-09-21 08:47:31', 1, 0),
(733, 'lbInvoiceItem', 238, 1, '2015-09-21 08:47:06', 1, '2015-09-21 08:47:32', 1, 0),
(734, 'lbInvoiceTotal', 111, 1, '2015-09-21 08:47:06', 1, '2016-02-20 02:29:39', 1, 0),
(736, 'lbInvoice', 129, 1, '2015-09-21 08:49:29', 1, '2016-02-20 02:40:27', 1, 0),
(737, 'lbInvoiceItem', 239, 1, '2015-09-21 08:49:29', 1, '2015-09-21 08:50:03', 1, 0),
(738, 'lbInvoiceItem', 240, 1, '2015-09-21 08:49:29', 1, '2015-09-21 08:50:05', 1, 0),
(739, 'lbInvoiceTotal', 112, 1, '2015-09-21 08:49:29', 1, '2016-02-19 03:36:15', 1, 0),
(741, 'lbInvoice', 130, 1, '2015-09-21 08:53:38', 1, '2016-02-20 02:33:13', 1, 0),
(742, 'lbInvoiceItem', 241, 1, '2015-09-21 08:53:38', 1, '2015-09-21 08:53:57', 1, 0),
(743, 'lbInvoiceItem', 242, 1, '2015-09-21 08:53:38', 1, '2015-09-21 08:54:00', 1, 0),
(744, 'lbInvoiceTotal', 113, 1, '2015-09-21 08:53:38', 1, '2016-02-19 10:33:27', 1, 0),
(746, 'lbInvoice', 131, 1, '2015-09-21 09:06:30', 1, '2016-02-20 02:36:39', 1, 0),
(747, 'lbInvoiceItem', 243, 1, '2015-09-21 09:06:30', 1, '2015-09-21 09:07:00', 1, 0),
(748, 'lbInvoiceItem', 244, 1, '2015-09-21 09:06:30', 1, '2015-09-21 09:07:01', 1, 0),
(749, 'lbInvoiceTotal', 114, 1, '2015-09-21 09:06:31', 1, '2016-02-19 02:27:00', 1, 0),
(750, 'lbInvoice', 132, 1, '2015-09-21 09:07:53', 1, '2016-02-19 02:38:25', 1, 0),
(751, 'lbInvoiceItem', 245, 1, '2015-09-21 09:07:53', 1, '2015-09-21 09:08:17', 1, 0),
(752, 'lbInvoiceItem', 246, 1, '2015-09-21 09:07:53', 1, '2015-09-21 09:08:18', 1, 0),
(753, 'lbInvoiceTotal', 115, 1, '2015-09-21 09:07:53', 1, '2016-02-19 02:38:26', 1, 0),
(755, 'lbInvoice', 133, 1, '2015-09-21 09:08:58', 1, '2016-01-21 08:18:13', 1, 0),
(756, 'lbInvoiceItem', 247, 1, '2015-09-21 09:08:58', 1, '2015-09-21 09:09:28', 1, 0),
(757, 'lbInvoiceItem', 248, 1, '2015-09-21 09:08:59', 1, '2016-01-21 08:18:27', 1, 0),
(758, 'lbInvoiceTotal', 116, 1, '2015-09-21 09:08:59', 1, '2016-02-16 03:50:50', 1, 0),
(760, 'lbCustomer', 91, 1, '2015-09-21 09:10:17', 1, '2015-09-21 09:10:17', 1, 0),
(762, 'lbInvoice', 134, 1, '2015-09-21 09:11:23', 1, '2015-09-21 09:11:23', 1, 0),
(763, 'lbInvoiceItem', 249, 1, '2015-09-21 09:11:23', 1, '2015-09-21 09:11:23', 1, 0),
(764, 'lbInvoiceItem', 250, 1, '2015-09-21 09:11:23', 1, '2016-01-12 11:51:06', 1, 0),
(765, 'lbInvoiceTotal', 117, 1, '2015-09-21 09:11:23', 1, '2016-01-12 11:51:08', 1, 0),
(766, 'lbInvoice', 135, 1, '2015-09-21 09:11:43', 1, '2015-09-21 09:11:43', 1, 0),
(767, 'lbInvoiceItem', 251, 1, '2015-09-21 09:11:43', 1, '2015-09-21 09:11:43', 1, 0),
(768, 'lbInvoiceItem', 252, 1, '2015-09-21 09:11:43', 1, '2016-01-12 11:51:54', 1, 0),
(769, 'lbInvoiceTotal', 118, 1, '2015-09-21 09:11:43', 1, '2016-01-12 11:54:30', 1, 0),
(770, 'lbInvoice', 136, 1, '2015-09-21 09:11:56', 1, '2015-09-21 09:11:56', 1, 0),
(771, 'lbInvoiceItem', 253, 1, '2015-09-21 09:11:56', 1, '2015-09-21 09:11:56', 1, 0),
(772, 'lbInvoiceItem', 254, 1, '2015-09-21 09:11:57', 1, '2016-01-12 11:56:05', 1, 0),
(773, 'lbInvoiceTotal', 119, 1, '2015-09-21 09:11:57', 1, '2016-01-12 11:56:07', 1, 0),
(778, 'lbInvoice', 138, 1, '2015-09-21 09:23:25', 1, '2015-09-21 09:23:25', 1, 0),
(779, 'lbInvoiceItem', 257, 1, '2015-09-21 09:23:26', 1, '2015-09-21 09:23:26', 1, 0),
(780, 'lbInvoiceItem', 258, 1, '2015-09-21 09:23:27', 1, '2016-01-14 02:23:28', 1, 0),
(781, 'lbInvoiceTotal', 121, 1, '2015-09-21 09:23:27', 1, '2016-01-14 02:23:30', 1, 0),
(782, 'lbInvoice', 139, 1, '2015-09-21 09:30:17', 1, '2015-09-21 09:30:51', 1, 0),
(783, 'lbInvoiceItem', 259, 1, '2015-09-21 09:30:18', 1, '2015-09-21 09:30:43', 1, 0),
(784, 'lbInvoiceItem', 260, 1, '2015-09-21 09:30:18', 1, '2016-01-14 02:25:10', 1, 0),
(785, 'lbInvoiceTotal', 122, 1, '2015-09-21 09:30:18', 1, '2016-01-14 02:25:13', 1, 0),
(787, 'lbInvoice', 140, 1, '2015-09-21 09:35:38', 1, '2015-09-21 09:36:06', 1, 0),
(788, 'lbInvoiceItem', 261, 1, '2015-09-21 09:35:38', 1, '2015-09-21 09:35:59', 1, 0),
(789, 'lbInvoiceItem', 262, 1, '2015-09-21 09:35:39', 1, '2016-01-14 02:31:57', 1, 0),
(790, 'lbInvoiceTotal', 123, 1, '2015-09-21 09:35:39', 1, '2016-01-14 02:45:14', 1, 0),
(792, 'lbInvoice', 141, 1, '2015-09-21 09:44:30', 1, '2015-09-21 09:49:55', 1, 0),
(793, 'lbInvoiceItem', 263, 1, '2015-09-21 09:44:30', 1, '2015-09-21 09:44:50', 1, 0),
(794, 'lbInvoiceItem', 264, 1, '2015-09-21 09:44:30', 1, '2016-01-14 02:53:47', 1, 0),
(795, 'lbInvoiceTotal', 124, 1, '2015-09-21 09:44:30', 1, '2016-01-14 02:53:48', 1, 0),
(797, 'lbPayment', 2, 1, '2015-09-21 09:49:32', 1, '2015-09-21 09:49:32', 1, 0),
(798, 'lbPaymentItem', 2, 1, '2015-09-21 09:49:32', 1, '2015-09-21 09:49:54', 1, 0),
(799, 'lbInvoice', 142, 1, '2015-09-21 10:00:53', 1, '2015-09-21 10:01:38', 1, 0),
(800, 'lbInvoiceItem', 265, 1, '2015-09-21 10:00:53', 1, '2015-09-21 10:01:31', 1, 0),
(801, 'lbInvoiceItem', 266, 1, '2015-09-21 10:00:54', 1, '2016-01-14 03:01:04', 1, 0),
(802, 'lbInvoiceTotal', 125, 1, '2015-09-21 10:00:54', 1, '2016-01-14 03:01:13', 1, 0),
(803, 'lbInvoice', 143, 1, '2015-09-21 10:02:28', 1, '2015-09-21 10:03:13', 1, 0),
(804, 'lbInvoiceItem', 267, 1, '2015-09-21 10:02:29', 1, '2015-09-21 10:02:54', 1, 0),
(805, 'lbInvoiceItem', 268, 1, '2015-09-21 10:02:29', 1, '2015-09-21 10:03:07', 1, 0),
(806, 'lbInvoiceTotal', 126, 1, '2015-09-21 10:02:29', 1, '2015-09-21 10:03:07', 1, 0),
(808, 'lbExpenses', 3, 1, '2015-09-21 10:14:51', 1, '2015-09-21 10:14:51', 1, 0),
(819, 'lbVendor', 1, 1, '2015-09-21 10:29:43', 1, '2015-09-21 10:29:43', 1, 0),
(820, 'lbInvoice', 144, 1, '2015-09-21 10:47:08', 1, '2015-09-21 11:06:19', 1, 0),
(821, 'lbInvoiceItem', 269, 1, '2015-09-21 10:47:08', 1, '2015-09-21 10:47:40', 1, 0),
(822, 'lbInvoiceItem', 270, 1, '2015-09-21 10:47:08', 1, '2016-01-14 03:02:26', 1, 0),
(823, 'lbInvoiceTotal', 127, 1, '2015-09-21 10:47:09', 1, '2016-01-14 03:02:31', 1, 0),
(825, 'lbInvoice', 145, 1, '2015-09-21 11:07:08', 1, '2015-09-21 11:07:52', 1, 0),
(826, 'lbInvoiceItem', 271, 1, '2015-09-21 11:07:08', 1, '2015-09-21 11:07:26', 1, 0),
(827, 'lbInvoiceItem', 272, 1, '2015-09-21 11:07:09', 1, '2016-01-14 03:20:52', 1, 0),
(828, 'lbInvoiceTotal', 128, 1, '2015-09-21 11:07:09', 1, '2016-01-14 03:20:56', 1, 0),
(829, 'lbInvoice', 146, 1, '2015-09-21 11:09:03', 1, '2015-09-21 11:09:38', 1, 0),
(830, 'lbInvoiceItem', 273, 1, '2015-09-21 11:09:04', 1, '2015-09-21 11:09:31', 1, 0),
(831, 'lbInvoiceItem', 274, 1, '2015-09-21 11:09:04', 1, '2016-01-14 03:24:03', 1, 0),
(832, 'lbInvoiceTotal', 129, 1, '2015-09-21 11:09:04', 1, '2016-01-14 03:24:05', 1, 0),
(834, 'lbQuotation', 22, 1, '2015-09-21 11:12:20', 1, '2015-09-21 11:12:21', 1, 0),
(835, 'lbQuotationItem', 22, 1, '2015-09-21 11:12:20', 1, '2015-09-21 11:12:20', 1, 0),
(836, 'lbQuotationTax', 21, 1, '2015-09-21 11:12:20', 1, '2015-09-21 11:12:20', 1, 0),
(837, 'lbQuotationTotal', 21, 1, '2015-09-21 11:12:21', 1, '2015-09-21 11:12:21', 1, 0),
(838, 'lbQuotation', 23, 1, '2015-09-21 11:12:25', 1, '2016-02-01 11:59:42', 1, 0),
(839, 'lbQuotationItem', 23, 1, '2015-09-21 11:12:25', 1, '2016-02-03 04:37:02', 1, 0),
(840, 'lbQuotationTax', 22, 1, '2015-09-21 11:12:26', 1, '2016-02-03 04:37:02', 1, 0),
(841, 'lbQuotationTotal', 22, 1, '2015-09-21 11:12:26', 1, '2016-02-03 04:37:04', 1, 0),
(842, 'lbInvoice', 147, 1, '2015-09-21 11:36:44', 1, '2015-09-21 11:37:22', 1, 0),
(843, 'lbInvoiceItem', 275, 1, '2015-09-21 11:36:44', 1, '2015-09-21 11:37:07', 1, 0),
(844, 'lbInvoiceItem', 276, 1, '2015-09-21 11:36:44', 1, '2016-01-14 03:30:52', 1, 0),
(845, 'lbInvoiceTotal', 130, 1, '2015-09-21 11:36:44', 1, '2016-01-14 04:01:27', 1, 0),
(847, 'lbInvoice', 148, 1, '2015-09-21 12:03:06', 1, '2015-09-21 12:03:35', 1, 0),
(848, 'lbInvoiceItem', 277, 1, '2015-09-21 12:03:06', 1, '2015-09-21 12:03:29', 1, 0),
(849, 'lbInvoiceItem', 278, 1, '2015-09-21 12:03:06', 1, '2016-01-14 03:56:25', 1, 0),
(850, 'lbInvoiceTotal', 131, 1, '2015-09-21 12:03:06', 1, '2016-01-14 03:56:28', 1, 0),
(852, 'lbInvoice', 149, 1, '2015-09-21 12:09:19', 1, '2015-09-21 12:09:49', 1, 0),
(853, 'lbInvoiceItem', 279, 1, '2015-09-21 12:09:19', 1, '2015-09-21 12:09:42', 1, 0),
(854, 'lbInvoiceItem', 280, 1, '2015-09-21 12:09:19', 1, '2016-01-14 05:01:55', 1, 0),
(855, 'lbInvoiceTotal', 132, 1, '2015-09-21 12:09:19', 1, '2016-01-14 05:01:58', 1, 0),
(857, 'lbInvoice', 150, 1, '2015-09-21 12:10:16', 1, '2015-09-21 12:10:50', 1, 0),
(858, 'lbInvoiceItem', 281, 1, '2015-09-21 12:10:16', 1, '2015-09-21 12:10:39', 1, 0),
(859, 'lbInvoiceItem', 282, 1, '2015-09-21 12:10:16', 1, '2016-01-14 05:14:29', 1, 0),
(860, 'lbInvoiceTotal', 133, 1, '2015-09-21 12:10:16', 1, '2016-01-14 05:14:31', 1, 0),
(861, 'lbInvoice', 151, 1, '2015-09-21 12:12:57', 1, '2015-09-21 12:13:30', 1, 0),
(862, 'lbInvoiceItem', 283, 1, '2015-09-21 12:12:58', 1, '2015-09-21 12:13:21', 1, 0),
(863, 'lbInvoiceItem', 284, 1, '2015-09-21 12:12:58', 1, '2016-01-14 05:33:09', 1, 0),
(864, 'lbInvoiceTotal', 134, 1, '2015-09-21 12:12:58', 1, '2016-01-14 05:33:13', 1, 0),
(866, 'lbInvoice', 152, 1, '2015-09-21 12:21:39', 1, '2015-09-21 12:22:22', 1, 0),
(867, 'lbInvoiceItem', 285, 1, '2015-09-21 12:21:39', 1, '2015-09-21 12:22:14', 1, 0),
(868, 'lbInvoiceItem', 286, 1, '2015-09-21 12:21:39', 1, '2016-01-14 05:45:41', 1, 0),
(869, 'lbInvoiceTotal', 135, 1, '2015-09-21 12:21:39', 1, '2016-01-14 05:45:44', 1, 0),
(871, 'lbInvoice', 153, 1, '2015-09-21 12:25:33', 1, '2015-09-21 12:26:00', 1, 0),
(872, 'lbInvoiceItem', 287, 1, '2015-09-21 12:25:34', 1, '2015-09-21 12:25:53', 1, 0),
(873, 'lbInvoiceItem', 288, 1, '2015-09-21 12:25:34', 1, '2016-01-14 09:24:22', 1, 0),
(874, 'lbInvoiceTotal', 136, 1, '2015-09-21 12:25:34', 1, '2016-01-14 09:24:24', 1, 0),
(876, 'lbInvoice', 154, 1, '2015-09-21 12:29:08', 1, '2015-09-21 12:29:43', 1, 0),
(877, 'lbInvoiceItem', 289, 1, '2015-09-21 12:29:08', 1, '2015-09-21 12:29:36', 1, 0),
(878, 'lbInvoiceItem', 290, 1, '2015-09-21 12:29:08', 1, '2016-01-14 09:27:43', 1, 0),
(879, 'lbInvoiceTotal', 137, 1, '2015-09-21 12:29:08', 1, '2016-02-15 05:22:22', 1, 0),
(880, 'lbInvoice', 155, 1, '2015-09-21 12:57:25', 1, '2015-09-21 12:57:25', 1, 0),
(881, 'lbInvoiceItem', 291, 1, '2015-09-21 12:57:25', 1, '2015-09-21 12:57:25', 1, 0),
(882, 'lbInvoiceItem', 292, 1, '2015-09-21 12:57:25', 1, '2016-01-14 09:52:55', 1, 0),
(883, 'lbInvoiceTotal', 138, 1, '2015-09-21 12:57:25', 1, '2016-01-14 09:56:26', 1, 0),
(884, 'lbVendor', 2, 1, '2015-09-22 05:42:15', 1, '2015-09-22 05:42:15', 1, 0),
(885, 'lbInvoice', 156, 1, '2015-09-22 11:18:46', 1, '2015-09-22 11:20:05', 1, 0),
(886, 'lbInvoiceItem', 293, 1, '2015-09-22 11:18:48', 1, '2015-09-22 11:19:36', 1, 0),
(887, 'lbInvoiceItem', 294, 1, '2015-09-22 11:18:50', 1, '2016-01-14 10:53:18', 1, 0),
(888, 'lbInvoiceTotal', 139, 1, '2015-09-22 11:18:52', 1, '2016-01-14 11:15:13', 1, 0),
(895, 'lbCustomer', 92, 1, '2015-09-24 08:11:09', 1, '2015-09-24 08:11:09', 1, 0),
(897, 'lbCustomer', 93, 1, '2015-09-24 08:11:42', 1, '2015-09-24 08:11:42', 1, 0),
(899, 'lbCustomer', 94, 1, '2015-09-24 18:23:41', 1, '2015-09-24 18:23:41', 1, 0),
(901, 'lbCustomer', 95, 1, '2015-09-24 18:41:12', 1, '2015-09-24 18:41:12', 1, 0),
(902, 'lbExpensesCustomer', 67, 1, '2015-09-24 18:41:12', 1, '2015-09-24 18:41:12', 1, 0),
(908, 'lbExpensesCustomer', 68, 1, '2015-09-28 10:44:39', 1, '2015-09-28 10:44:39', 1, 0),
(909, 'lbExpensesCustomer', 69, 1, '2015-09-28 10:46:36', 1, '2015-09-28 10:46:36', 1, 0),
(910, 'lbExpensesCustomer', 70, 1, '2015-09-28 11:52:10', 1, '2015-09-28 11:52:10', 1, 0),
(911, 'lbExpensesCustomer', 71, 1, '2015-09-28 11:54:34', 1, '2015-09-28 11:54:34', 1, 0),
(912, 'lbExpensesCustomer', 72, 1, '2015-09-29 03:38:01', 1, '2015-09-29 03:38:01', 1, 0),
(913, 'lbExpensesCustomer', 73, 1, '2015-09-29 03:41:25', 1, '2015-09-29 03:41:25', 1, 0),
(914, 'lbExpensesCustomer', 75, 1, '2015-09-29 06:22:30', 1, '2015-09-29 06:22:30', 1, 0),
(915, 'lbExpensesCustomer', 76, 1, '2015-09-29 06:22:30', 1, '2015-09-29 06:22:30', 1, 0),
(916, 'lbExpensesCustomer', 77, 1, '2015-09-29 06:22:30', 1, '2015-09-29 06:22:30', 1, 0),
(917, 'lbExpensesCustomer', 78, 1, '2015-09-29 06:29:53', 1, '2015-09-29 06:29:53', 1, 0),
(918, 'lbExpensesCustomer', 79, 1, '2015-09-29 06:29:53', 1, '2015-09-29 06:29:53', 1, 0),
(919, 'lbExpensesCustomer', 80, 1, '2015-09-29 06:29:53', 1, '2015-09-29 06:29:53', 1, 0),
(920, 'lbExpensesCustomer', 81, 1, '2015-09-29 06:29:53', 1, '2015-09-29 06:29:53', 1, 0),
(921, 'lbExpensesCustomer', 82, 1, '2015-09-29 06:38:23', 1, '2015-09-29 06:38:23', 1, 0),
(922, 'lbExpensesCustomer', 83, 1, '2015-09-29 06:38:23', 1, '2015-09-29 06:38:23', 1, 0),
(923, 'lbExpensesCustomer', 84, 1, '2015-09-29 06:38:23', 1, '2015-09-29 06:38:23', 1, 0),
(924, 'lbExpensesCustomer', 85, 1, '2015-09-29 06:39:08', 1, '2015-09-29 06:39:08', 1, 0),
(925, 'lbExpensesCustomer', 86, 1, '2015-09-29 06:39:08', 1, '2015-09-29 06:39:08', 1, 0),
(926, 'lbExpensesCustomer', 87, 1, '2015-09-29 06:39:09', 1, '2015-09-29 06:39:09', 1, 0),
(930, 'lbExpensesCustomer', 91, 1, '2015-09-29 09:39:57', 1, '2015-09-29 09:39:57', 1, 0),
(931, 'lbExpensesCustomer', 92, 1, '2015-09-29 09:39:57', 1, '2015-09-29 09:39:57', 1, 0),
(932, 'lbExpensesCustomer', 93, 1, '2015-09-29 09:39:57', 1, '2015-09-29 09:39:57', 1, 0),
(935, 'lbExpensesCustomer', 96, 1, '2015-09-29 09:40:42', 1, '2015-09-29 09:40:42', 1, 0),
(936, 'lbExpensesCustomer', 97, 1, '2015-09-29 09:41:05', 1, '2015-09-29 09:41:05', 1, 0),
(944, 'lbExpensesInvoice', 43, 1, '2015-09-29 12:31:21', 1, '2015-09-29 12:31:21', 1, 0),
(948, 'lbCustomer', 96, 1, '2015-09-30 03:40:20', 1, '2015-09-30 03:40:20', 1, 0),
(952, 'lbExpensesCustomer', 103, 1, '2015-09-30 03:49:57', 1, '2015-09-30 03:49:57', 1, 0),
(953, 'lbExpensesCustomer', 104, 1, '2015-09-30 03:49:57', 1, '2015-09-30 03:49:57', 1, 0),
(954, 'lbCustomer', 97, 1, '2015-09-30 11:04:50', 1, '2015-09-30 11:04:50', 1, 0),
(955, 'lbExpensesCustomer', 105, 1, '2015-09-30 11:04:51', 1, '2015-09-30 11:04:51', 1, 0),
(956, 'lbExpensesCustomer', 106, 1, '2015-09-30 11:05:02', 1, '2015-09-30 11:05:02', 1, 0),
(957, 'lbExpensesCustomer', 107, 1, '2015-09-30 11:05:02', 1, '2015-09-30 11:05:02', 1, 0),
(962, 'lbExpensesInvoice', 47, 1, '2015-09-30 11:10:26', 1, '2015-09-30 11:10:26', 1, 0),
(963, 'lbVendorTax', 3, 1, '2015-10-01 15:09:26', 1, '2016-01-18 05:47:58', 1, 0),
(964, 'lbVendorInvoice', 1, 1, '2015-10-01 15:09:55', 1, '2015-10-01 15:09:55', 1, 0),
(965, 'lbVendorInvoice', 2, 1, '2015-10-01 15:11:40', 1, '2015-10-01 15:11:40', 1, 0),
(966, 'lbCustomer', 98, 1, '2015-10-03 04:20:30', 1, '2015-10-03 04:20:30', 1, 0),
(967, 'lbExpensesCustomer', 108, 1, '2015-10-03 04:20:31', 1, '2015-10-03 04:20:31', 1, 0),
(968, 'lbExpensesCustomer', 109, 1, '2015-10-03 04:20:58', 1, '2015-10-03 04:20:58', 1, 0),
(969, 'lbExpensesCustomer', 110, 1, '2015-10-03 04:20:59', 1, '2015-10-03 04:20:59', 1, 0),
(970, 'lbExpensesCustomer', 111, 1, '2015-10-03 04:20:59', 1, '2015-10-03 04:20:59', 1, 0),
(971, 'lbExpensesCustomer', 112, 1, '2015-10-03 04:20:59', 1, '2015-10-03 04:20:59', 1, 0),
(980, 'lbInvoice', 161, 1, '2015-10-03 04:25:18', 1, '2015-10-03 04:25:18', 1, 0),
(981, 'lbInvoiceItem', 303, 1, '2015-10-03 04:25:18', 1, '2015-10-03 04:25:18', 1, 0),
(982, 'lbInvoiceItem', 304, 1, '2015-10-03 04:25:18', 1, '2016-01-23 09:45:54', 1, 0),
(983, 'lbInvoiceTotal', 144, 1, '2015-10-03 04:25:18', 1, '2016-01-23 09:45:56', 1, 0),
(987, 'lbPayment', 3, 1, '2015-10-03 08:50:43', 1, '2015-10-03 08:50:47', 1, 0),
(988, 'lbPaymentItem', 3, 1, '2015-10-03 08:50:43', 1, '2015-10-03 08:50:54', 1, 0),
(989, 'lbInvoice', 162, 1, '2015-10-03 09:17:52', 1, '2015-10-03 09:18:03', 1, 0),
(990, 'lbInvoiceItem', 308, 1, '2015-10-03 09:17:53', 1, '2016-01-28 10:12:50', 1, 0),
(991, 'lbInvoiceItem', 309, 1, '2015-10-03 09:17:53', 1, '2016-01-28 10:13:08', 1, 0),
(992, 'lbInvoiceTotal', 145, 1, '2015-10-03 09:17:53', 1, '2016-01-28 10:13:09', 1, 0),
(993, 'lbInvoiceItem', 310, 1, '2015-10-03 09:18:17', 1, '2015-10-03 09:18:19', 1, 0),
(994, 'lbInvoice', 163, 1, '2015-10-03 09:18:20', 1, '2015-10-03 09:18:20', 1, 0),
(995, 'lbInvoiceItem', 311, 1, '2015-10-03 09:18:20', 1, '2016-01-28 05:23:46', 1, 0),
(996, 'lbInvoiceItem', 312, 1, '2015-10-03 09:18:20', 1, '2016-01-28 05:23:54', 1, 0),
(997, 'lbInvoiceTotal', 146, 1, '2015-10-03 09:18:20', 1, '2016-01-28 10:10:42', 1, 0),
(998, 'lbInvoice', 164, 1, '2015-10-03 09:19:10', 1, '2015-10-03 09:19:10', 1, 0),
(999, 'lbInvoiceItem', 313, 1, '2015-10-03 09:19:10', 1, '2015-10-03 09:19:10', 1, 0),
(1000, 'lbInvoiceItem', 314, 1, '2015-10-03 09:19:11', 1, '2016-01-28 10:22:32', 1, 0),
(1001, 'lbInvoiceTotal', 147, 1, '2015-10-03 09:19:11', 1, '2016-01-28 10:22:33', 1, 0),
(1002, 'lbInvoiceItem', 315, 1, '2015-10-03 09:19:19', 1, '2015-10-03 09:19:20', 1, 0),
(1003, 'lbInvoice', 165, 1, '2015-10-03 09:19:21', 1, '2015-10-03 09:19:21', 1, 0),
(1004, 'lbInvoiceItem', 316, 1, '2015-10-03 09:19:21', 1, '2015-10-03 09:19:21', 1, 0),
(1005, 'lbInvoiceItem', 317, 1, '2015-10-03 09:19:21', 1, '2016-01-28 10:26:03', 1, 0),
(1006, 'lbInvoiceTotal', 148, 1, '2015-10-03 09:19:21', 1, '2016-01-28 11:25:41', 1, 0),
(1007, 'lbInvoice', 166, 1, '2015-10-03 09:19:44', 1, '2015-10-03 09:19:55', 1, 0),
(1008, 'lbInvoiceItem', 318, 1, '2015-10-03 09:19:44', 1, '2015-10-03 09:19:44', 1, 0),
(1009, 'lbInvoiceItem', 319, 1, '2015-10-03 09:19:44', 1, '2016-01-28 10:26:27', 1, 0),
(1010, 'lbInvoiceTotal', 149, 1, '2015-10-03 09:19:44', 1, '2016-01-28 10:26:29', 1, 0),
(1011, 'lbInvoiceItem', 320, 1, '2015-10-03 09:20:00', 1, '2015-10-03 09:20:00', 1, 0),
(1012, 'lbInvoice', 167, 1, '2015-10-03 09:20:01', 1, '2015-10-03 09:20:01', 1, 0),
(1013, 'lbInvoiceItem', 321, 1, '2015-10-03 09:20:02', 1, '2015-10-03 09:20:02', 1, 0),
(1014, 'lbInvoiceItem', 322, 1, '2015-10-03 09:20:02', 1, '2016-01-28 10:29:14', 1, 0),
(1015, 'lbInvoiceTotal', 150, 1, '2015-10-03 09:20:02', 1, '2016-01-28 10:36:54', 1, 0),
(1016, 'lbInvoice', 168, 1, '2015-10-03 09:21:30', 1, '2015-10-03 09:21:30', 1, 0),
(1017, 'lbInvoiceItem', 323, 1, '2015-10-03 09:21:30', 1, '2015-10-03 09:21:30', 1, 0),
(1018, 'lbInvoiceItem', 324, 1, '2015-10-03 09:21:30', 1, '2016-01-28 10:37:00', 1, 0),
(1019, 'lbInvoiceTotal', 151, 1, '2015-10-03 09:21:30', 1, '2016-01-28 10:37:03', 1, 0),
(1020, 'lbInvoice', 169, 1, '2015-10-03 09:21:39', 1, '2015-10-03 09:21:39', 1, 0),
(1021, 'lbInvoiceItem', 325, 1, '2015-10-03 09:21:39', 1, '2015-10-03 09:21:39', 1, 0),
(1022, 'lbInvoiceItem', 326, 1, '2015-10-03 09:21:40', 1, '2016-01-28 10:37:31', 1, 0),
(1023, 'lbInvoiceTotal', 152, 1, '2015-10-03 09:21:40', 1, '2016-01-28 10:37:33', 1, 0),
(1024, 'lbInvoice', 170, 1, '2015-10-03 09:22:01', 1, '2015-10-03 09:22:17', 1, 0),
(1025, 'lbInvoiceItem', 327, 1, '2015-10-03 09:22:01', 1, '2015-10-03 09:22:01', 1, 0),
(1026, 'lbInvoiceItem', 328, 1, '2015-10-03 09:22:02', 1, '2016-01-30 11:25:26', 1, 0),
(1027, 'lbInvoiceTotal', 153, 1, '2015-10-03 09:22:02', 1, '2016-01-30 11:37:28', 1, 0),
(1028, 'lbInvoiceItem', 329, 1, '2015-10-03 09:22:22', 1, '2015-10-03 09:22:24', 1, 0),
(1033, 'lbInvoice', 172, 1, '2015-10-03 09:23:25', 1, '2016-02-16 04:19:35', 1, 0),
(1034, 'lbInvoiceItem', 332, 1, '2015-10-03 09:23:25', 1, '2016-02-01 05:40:08', 1, 0),
(1035, 'lbInvoiceItem', 333, 1, '2015-10-03 09:23:25', 1, '2016-02-01 10:32:09', 1, 0),
(1036, 'lbInvoiceTotal', 155, 1, '2015-10-03 09:23:25', 1, '2016-02-16 04:19:36', 1, 0),
(1037, 'lbInvoice', 173, 1, '2015-10-03 09:23:49', 1, '2016-02-15 09:29:42', 1, 0),
(1038, 'lbInvoiceItem', 334, 1, '2015-10-03 09:23:49', 1, '2015-10-03 09:24:22', 1, 0),
(1039, 'lbInvoiceItem', 335, 1, '2015-10-03 09:23:49', 1, '2016-02-02 02:24:24', 1, 0),
(1040, 'lbInvoiceTotal', 156, 1, '2015-10-03 09:23:50', 1, '2016-02-03 12:00:27', 1, 0),
(1041, 'lbInvoiceItem', 336, 1, '2015-10-03 09:24:04', 1, '2015-10-03 09:24:32', 1, 0),
(1042, 'lbExpensesInvoice', 52, 1, '2015-10-03 09:24:42', 1, '2015-10-03 09:24:42', 1, 0),
(1043, 'lbInvoice', 174, 1, '2015-10-03 09:25:46', 1, '2016-02-15 09:39:21', 1, 0),
(1044, 'lbInvoiceItem', 337, 1, '2015-10-03 09:25:46', 1, '2015-10-03 09:25:46', 1, 0),
(1045, 'lbInvoiceItem', 338, 1, '2015-10-03 09:25:46', 1, '2016-02-02 02:24:41', 1, 0),
(1046, 'lbInvoiceTotal', 157, 1, '2015-10-03 09:25:46', 1, '2016-02-02 02:24:44', 1, 0),
(1047, 'lbInvoice', 175, 1, '2015-10-03 09:27:48', 1, '2016-02-16 08:06:39', 1, 0),
(1048, 'lbInvoiceItem', 339, 1, '2015-10-03 09:27:49', 1, '2016-02-19 08:53:58', 1, 0),
(1049, 'lbInvoiceItem', 340, 1, '2015-10-03 09:27:49', 1, '2016-02-19 08:54:09', 1, 0),
(1050, 'lbInvoiceTotal', 158, 1, '2015-10-03 09:27:49', 1, '2016-02-20 02:36:16', 1, 0),
(1051, 'lbInvoice', 176, 1, '2015-10-03 09:28:20', 1, '2015-10-03 09:28:20', 1, 0),
(1052, 'lbInvoiceItem', 341, 1, '2015-10-03 09:28:20', 1, '2015-10-03 09:28:20', 1, 0),
(1053, 'lbInvoiceItem', 342, 1, '2015-10-03 09:28:20', 1, '2016-02-20 02:43:37', 1, 0),
(1054, 'lbInvoiceTotal', 159, 1, '2015-10-03 09:28:20', 1, '2016-02-20 02:43:40', 1, 0),
(1055, 'lbInvoice', 177, 1, '2015-10-03 09:28:52', 1, '2016-02-20 04:24:28', 1, 0),
(1056, 'lbInvoiceItem', 343, 1, '2015-10-03 09:28:52', 1, '2015-10-03 09:32:54', 1, 0),
(1057, 'lbInvoiceItem', 344, 1, '2015-10-03 09:28:52', 1, '2016-02-20 02:44:22', 1, 0),
(1058, 'lbInvoiceTotal', 160, 1, '2015-10-03 09:28:52', 1, '2016-02-20 04:47:03', 1, 0),
(1059, 'lbInvoiceItem', 345, 1, '2015-10-03 09:32:41', 1, '2015-10-03 09:33:04', 1, 0),
(1060, 'lbExpensesInvoice', 53, 1, '2015-10-03 09:33:11', 1, '2015-10-03 09:33:11', 1, 0),
(1061, 'lbInvoice', 178, 1, '2015-10-03 09:34:03', 1, '2015-10-03 09:34:03', 1, 0),
(1062, 'lbInvoiceItem', 346, 1, '2015-10-03 09:34:03', 1, '2015-10-03 09:34:03', 1, 0),
(1063, 'lbInvoiceItem', 347, 1, '2015-10-03 09:34:04', 1, '2015-10-03 09:34:04', 1, 0),
(1064, 'lbInvoiceTotal', 161, 1, '2015-10-03 09:34:04', 1, '2015-10-03 09:34:05', 1, 0),
(1065, 'lbInvoice', 179, 1, '2015-10-03 09:34:24', 1, '2015-10-03 09:34:45', 1, 0),
(1066, 'lbInvoiceItem', 348, 1, '2015-10-03 09:34:24', 1, '2015-10-03 09:34:24', 1, 0),
(1067, 'lbInvoiceItem', 349, 1, '2015-10-03 09:34:25', 1, '2015-10-03 09:34:58', 1, 0),
(1068, 'lbInvoiceTotal', 162, 1, '2015-10-03 09:34:25', 1, '2015-10-03 09:34:58', 1, 0),
(1069, 'lbInvoiceItem', 350, 1, '2015-10-03 09:34:53', 1, '2015-10-03 09:34:54', 1, 0),
(1070, 'lbInvoice', 180, 1, '2015-10-03 09:34:55', 1, '2015-10-03 09:34:55', 1, 0),
(1071, 'lbInvoiceItem', 351, 1, '2015-10-03 09:34:55', 1, '2015-10-03 09:34:55', 1, 0),
(1072, 'lbInvoiceItem', 352, 1, '2015-10-03 09:34:56', 1, '2015-10-03 09:34:56', 1, 0),
(1073, 'lbInvoiceTotal', 163, 1, '2015-10-03 09:34:56', 1, '2015-10-03 09:34:57', 1, 0),
(1074, 'lbInvoice', 181, 1, '2015-10-03 09:35:29', 1, '2015-10-03 09:36:40', 1, 0),
(1075, 'lbInvoiceItem', 353, 1, '2015-10-03 09:35:30', 1, '2015-10-03 09:36:04', 1, 0),
(1076, 'lbInvoiceItem', 354, 1, '2015-10-03 09:35:30', 1, '2015-10-03 09:36:05', 1, 0),
(1077, 'lbInvoiceTotal', 164, 1, '2015-10-03 09:35:31', 1, '2015-10-03 09:36:05', 1, 0),
(1078, 'lbInvoiceItem', 355, 1, '2015-10-03 09:35:50', 1, '2015-10-03 09:35:51', 1, 0),
(1079, 'lbExpensesInvoice', 54, 1, '2015-10-03 09:36:40', 1, '2015-10-03 09:36:40', 1, 0),
(1080, 'lbInvoice', 182, 1, '2015-10-03 09:38:42', 1, '2015-10-03 09:38:42', 1, 0),
(1081, 'lbInvoiceItem', 356, 1, '2015-10-03 09:38:42', 1, '2015-10-03 09:38:42', 1, 0),
(1082, 'lbInvoiceItem', 357, 1, '2015-10-03 09:38:42', 1, '2015-10-03 09:42:42', 1, 0),
(1083, 'lbInvoiceTotal', 165, 1, '2015-10-03 09:38:42', 1, '2015-10-03 09:42:43', 1, 0),
(1085, 'lbInvoiceItem', 359, 1, '2015-10-03 09:42:40', 1, '2015-10-03 09:42:41', 1, 0),
(1086, 'lbInvoice', 183, 1, '2015-10-03 09:46:04', 1, '2015-10-03 09:46:04', 1, 0),
(1087, 'lbInvoiceItem', 360, 1, '2015-10-03 09:46:04', 1, '2015-10-03 09:46:04', 1, 0),
(1088, 'lbInvoiceItem', 361, 1, '2015-10-03 09:46:04', 1, '2015-10-03 09:46:04', 1, 0),
(1089, 'lbInvoiceTotal', 166, 1, '2015-10-03 09:46:04', 1, '2015-10-03 09:46:04', 1, 0),
(1090, 'lbInvoice', 184, 1, '2015-10-03 09:46:23', 1, '2015-10-03 09:46:23', 1, 0),
(1091, 'lbInvoiceItem', 362, 1, '2015-10-03 09:46:23', 1, '2015-10-03 09:46:23', 1, 0),
(1092, 'lbInvoiceItem', 363, 1, '2015-10-03 09:46:23', 1, '2015-10-03 09:46:23', 1, 0),
(1093, 'lbInvoiceTotal', 167, 1, '2015-10-03 09:46:23', 1, '2015-10-03 09:46:23', 1, 0),
(1094, 'lbInvoice', 185, 1, '2015-10-03 09:47:02', 1, '2015-10-03 09:47:02', 1, 0),
(1095, 'lbInvoiceItem', 364, 1, '2015-10-03 09:47:03', 1, '2015-10-03 09:47:03', 1, 0),
(1096, 'lbInvoiceItem', 365, 1, '2015-10-03 09:47:03', 1, '2015-10-03 09:47:03', 1, 0),
(1097, 'lbInvoiceTotal', 168, 1, '2015-10-03 09:47:03', 1, '2015-10-03 09:47:03', 1, 0),
(1098, 'lbInvoice', 186, 1, '2015-10-03 09:47:21', 1, '2015-10-03 09:47:45', 1, 0),
(1099, 'lbInvoiceItem', 366, 1, '2015-10-03 09:47:23', 1, '2015-10-03 09:47:23', 1, 0),
(1100, 'lbInvoiceItem', 367, 1, '2015-10-03 09:47:23', 1, '2015-10-03 09:52:23', 1, 0),
(1101, 'lbInvoiceTotal', 169, 1, '2015-10-03 09:47:23', 1, '2015-10-03 09:52:24', 1, 0),
(1102, 'lbInvoiceItem', 368, 1, '2015-10-03 09:47:57', 1, '2015-10-03 09:47:58', 1, 0),
(1103, 'lbInvoice', 187, 1, '2015-10-03 09:47:59', 1, '2015-10-03 09:47:59', 1, 0),
(1104, 'lbInvoiceItem', 369, 1, '2015-10-03 09:47:59', 1, '2015-10-03 09:47:59', 1, 0),
(1105, 'lbInvoiceItem', 370, 1, '2015-10-03 09:47:59', 1, '2015-10-03 09:47:59', 1, 0),
(1106, 'lbInvoiceTotal', 170, 1, '2015-10-03 09:47:59', 1, '2015-10-03 09:48:00', 1, 0),
(1107, 'lbInvoiceItem', 371, 1, '2015-10-03 09:52:23', 1, '2015-10-03 09:52:24', 1, 0),
(1108, 'lbInvoice', 188, 1, '2015-10-03 09:52:24', 1, '2015-10-03 09:52:24', 1, 0),
(1109, 'lbInvoiceItem', 372, 1, '2015-10-03 09:52:24', 1, '2015-10-03 09:52:24', 1, 0),
(1110, 'lbInvoiceItem', 373, 1, '2015-10-03 09:52:24', 1, '2015-10-03 09:52:24', 1, 0),
(1111, 'lbInvoiceTotal', 171, 1, '2015-10-03 09:52:25', 1, '2015-10-03 09:52:25', 1, 0),
(1112, 'lbInvoice', 189, 1, '2015-10-03 09:55:03', 1, '2015-10-03 09:55:03', 1, 0),
(1113, 'lbInvoiceItem', 374, 1, '2015-10-03 09:55:03', 1, '2015-10-03 09:55:03', 1, 0),
(1114, 'lbInvoiceItem', 375, 1, '2015-10-03 09:55:03', 1, '2015-10-03 09:55:14', 1, 0),
(1115, 'lbInvoiceTotal', 172, 1, '2015-10-03 09:55:03', 1, '2015-10-03 09:55:18', 1, 0),
(1116, 'lbInvoiceItem', 376, 1, '2015-10-03 09:55:12', 1, '2015-10-03 09:55:13', 1, 0),
(1117, 'lbInvoice', 190, 1, '2015-10-03 09:57:25', 1, '2015-10-03 09:57:25', 1, 0),
(1118, 'lbInvoiceItem', 377, 1, '2015-10-03 09:57:25', 1, '2015-10-03 09:57:25', 1, 0),
(1119, 'lbInvoiceItem', 378, 1, '2015-10-03 09:57:25', 1, '2015-10-03 09:57:25', 1, 0),
(1120, 'lbInvoiceTotal', 173, 1, '2015-10-03 09:57:25', 1, '2015-10-03 09:57:26', 1, 0),
(1121, 'lbInvoice', 191, 1, '2015-10-03 10:02:38', 1, '2015-10-03 10:02:49', 1, 0),
(1122, 'lbInvoiceItem', 379, 1, '2015-10-03 10:02:38', 1, '2015-10-03 10:03:36', 1, 0),
(1123, 'lbInvoiceItem', 380, 1, '2015-10-03 10:02:38', 1, '2015-10-03 10:03:40', 1, 0),
(1124, 'lbInvoiceTotal', 174, 1, '2015-10-03 10:02:38', 1, '2015-10-03 10:03:41', 1, 0),
(1125, 'lbInvoiceItem', 381, 1, '2015-10-03 10:02:56', 1, '2015-10-03 10:02:57', 1, 0),
(1126, 'lbInvoice', 192, 1, '2015-10-03 10:02:57', 1, '2015-10-03 10:02:57', 1, 0),
(1127, 'lbInvoiceItem', 382, 1, '2015-10-03 10:02:58', 1, '2015-10-03 10:02:58', 1, 0),
(1128, 'lbInvoiceItem', 383, 1, '2015-10-03 10:02:58', 1, '2015-10-03 10:02:58', 1, 0),
(1129, 'lbInvoiceTotal', 175, 1, '2015-10-03 10:02:58', 1, '2015-10-03 10:02:58', 1, 0),
(1130, 'lbInvoiceItem', 384, 1, '2015-10-03 10:03:20', 1, '2015-10-03 10:03:41', 1, 0),
(1131, 'lbInvoice', 193, 1, '2015-10-03 10:03:21', 1, '2015-10-03 10:03:21', 1, 0),
(1132, 'lbInvoiceItem', 385, 1, '2015-10-03 10:03:21', 1, '2015-10-03 10:03:21', 1, 0),
(1133, 'lbInvoiceItem', 386, 1, '2015-10-03 10:03:22', 1, '2015-10-03 10:03:22', 1, 0),
(1134, 'lbInvoiceTotal', 176, 1, '2015-10-03 10:03:22', 1, '2015-10-03 10:03:23', 1, 0),
(1135, 'lbInvoiceItem', 387, 1, '2015-10-03 10:03:35', 1, '2015-10-03 10:03:38', 1, 0),
(1136, 'lbInvoice', 194, 1, '2015-10-03 10:03:39', 1, '2015-10-03 10:03:39', 1, 0),
(1137, 'lbInvoiceItem', 388, 1, '2015-10-03 10:03:39', 1, '2015-10-03 10:03:39', 1, 0),
(1138, 'lbInvoiceItem', 389, 1, '2015-10-03 10:03:40', 1, '2015-10-03 10:03:40', 1, 0),
(1139, 'lbInvoiceTotal', 177, 1, '2015-10-03 10:03:40', 1, '2015-10-03 10:03:40', 1, 0),
(1140, 'lbInvoice', 195, 1, '2015-10-03 10:11:42', 1, '2015-10-03 10:11:42', 1, 0),
(1141, 'lbInvoiceItem', 390, 1, '2015-10-03 10:11:42', 1, '2015-10-03 10:12:04', 1, 0),
(1142, 'lbInvoiceItem', 391, 1, '2015-10-03 10:11:42', 1, '2015-10-03 10:12:08', 1, 0),
(1143, 'lbInvoiceTotal', 178, 1, '2015-10-03 10:11:42', 1, '2015-10-03 10:12:08', 1, 0),
(1144, 'lbInvoiceItem', 392, 1, '2015-10-03 10:11:51', 1, '2015-10-03 10:11:51', 1, 0),
(1145, 'lbInvoiceItem', 393, 1, '2015-10-03 10:11:57', 1, '2015-10-03 10:12:08', 1, 0),
(1146, 'lbInvoiceItem', 394, 1, '2015-10-03 10:12:03', 1, '2015-10-03 10:12:05', 1, 0),
(1147, 'lbInvoice', 196, 1, '2015-10-03 10:13:59', 1, '2015-10-03 10:13:59', 1, 0),
(1148, 'lbInvoiceItem', 395, 1, '2015-10-03 10:13:59', 1, '2015-10-03 10:13:59', 1, 0),
(1149, 'lbInvoiceItem', 396, 1, '2015-10-03 10:13:59', 1, '2015-10-03 10:13:59', 1, 0),
(1150, 'lbInvoiceTotal', 179, 1, '2015-10-03 10:13:59', 1, '2015-10-03 10:14:00', 1, 0),
(1151, 'lbInvoice', 197, 1, '2015-10-07 06:50:03', 1, '2015-10-07 06:50:54', 1, 0),
(1152, 'lbInvoiceItem', 397, 1, '2015-10-07 06:50:04', 1, '2015-10-07 06:50:32', 1, 0),
(1153, 'lbInvoiceItem', 398, 1, '2015-10-07 06:50:04', 1, '2015-10-07 06:50:46', 1, 0),
(1154, 'lbInvoiceTotal', 180, 1, '2015-10-07 06:50:04', 1, '2015-10-13 11:10:14', 1, 0),
(1155, 'lbInvoiceItem', 399, 1, '2015-10-07 06:50:30', 1, '2015-10-07 06:50:31', 1, 0),
(1156, 'lbInvoiceItem', 400, 1, '2015-10-07 06:50:37', 1, '2015-10-07 06:50:46', 1, 0),
(1157, 'lbExpensesInvoice', 55, 1, '2015-10-07 06:50:54', 1, '2015-10-07 06:50:54', 1, 0),
(1158, 'lbInvoice', 198, 1, '2015-10-07 06:51:54', 1, '2015-10-07 06:52:42', 1, 0),
(1159, 'lbInvoiceItem', 401, 1, '2015-10-07 06:51:55', 1, '2015-10-07 06:52:24', 1, 0),
(1160, 'lbInvoiceItem', 402, 1, '2015-10-07 06:51:55', 1, '2015-10-07 06:52:33', 1, 0),
(1161, 'lbInvoiceTotal', 181, 1, '2015-10-07 06:51:56', 1, '2015-10-07 06:52:34', 1, 0),
(1162, 'lbInvoiceItem', 403, 1, '2015-10-07 06:52:14', 1, '2015-10-07 06:52:16', 1, 0),
(1163, 'lbInvoiceItem', 404, 1, '2015-10-07 06:52:27', 1, '2015-10-07 06:52:34', 1, 0),
(1165, 'lbInvoice', 199, 1, '2015-10-07 06:53:06', 1, '2015-10-07 06:53:06', 1, 0),
(1166, 'lbInvoiceItem', 405, 1, '2015-10-07 06:53:06', 1, '2015-10-07 06:53:06', 1, 0),
(1167, 'lbInvoiceItem', 406, 1, '2015-10-07 06:53:07', 1, '2015-10-07 06:53:07', 1, 0),
(1168, 'lbInvoiceTotal', 182, 1, '2015-10-07 06:53:07', 1, '2015-10-07 06:53:08', 1, 0),
(1169, 'lbInvoice', 200, 1, '2015-10-07 06:53:27', 1, '2015-10-07 06:54:12', 1, 0),
(1170, 'lbInvoiceItem', 407, 1, '2015-10-07 06:53:27', 1, '2015-10-07 06:53:51', 1, 0),
(1171, 'lbInvoiceItem', 408, 1, '2015-10-07 06:53:27', 1, '2015-10-07 06:54:05', 1, 0),
(1172, 'lbInvoiceTotal', 183, 1, '2015-10-07 06:53:28', 1, '2015-10-26 10:29:37', 1, 0),
(1173, 'lbInvoiceItem', 409, 1, '2015-10-07 06:53:48', 1, '2015-10-07 06:53:50', 1, 0),
(1174, 'lbInvoiceItem', 410, 1, '2015-10-07 06:53:59', 1, '2015-10-07 06:54:05', 1, 0),
(1175, 'lbCustomer', 99, 1, '2015-10-13 03:27:54', 1, '2015-10-13 03:27:54', 1, 0),
(1179, 'lbInvoice', 201, 1, '2015-10-13 03:28:52', 1, '2015-10-13 03:30:10', 1, 0),
(1180, 'lbInvoiceItem', 411, 1, '2015-10-13 03:28:52', 1, '2015-10-13 03:29:21', 1, 0),
(1181, 'lbInvoiceItem', 412, 1, '2015-10-13 03:28:52', 1, '2015-10-13 03:29:41', 1, 0),
(1182, 'lbInvoiceTotal', 184, 1, '2015-10-13 03:28:53', 1, '2015-10-13 03:30:10', 1, 0),
(1183, 'lbInvoiceItem', 413, 1, '2015-10-13 03:29:22', 1, '2015-10-13 03:29:24', 1, 0),
(1184, 'lbInvoiceItem', 414, 1, '2015-10-13 03:29:31', 1, '2015-10-13 03:29:42', 1, 0),
(1185, 'lbPayment', 4, 1, '2015-10-13 03:29:45', 1, '2015-10-13 03:29:45', 1, 0),
(1186, 'lbPaymentItem', 4, 1, '2015-10-13 03:29:45', 1, '2015-10-13 03:30:09', 1, 0),
(1187, 'lbInvoice', 202, 1, '2015-10-13 03:31:20', 1, '2015-10-13 03:32:08', 1, 0),
(1188, 'lbInvoiceItem', 415, 1, '2015-10-13 03:31:20', 1, '2015-10-13 03:31:44', 1, 0),
(1189, 'lbInvoiceItem', 416, 1, '2015-10-13 03:31:20', 1, '2015-10-13 03:31:59', 1, 0),
(1190, 'lbInvoiceTotal', 185, 1, '2015-10-13 03:31:20', 1, '2015-12-17 03:36:43', 1, 0),
(1191, 'lbInvoiceItem', 417, 1, '2015-10-13 03:31:46', 1, '2015-10-13 03:31:47', 1, 0),
(1192, 'lbInvoiceItem', 418, 1, '2015-10-13 03:31:51', 1, '2015-10-13 03:32:00', 1, 0),
(1193, 'lbExpensesInvoice', 57, 1, '2015-10-13 03:32:08', 1, '2015-10-13 03:32:08', 1, 0),
(1196, 'lbInvoice', 203, 1, '2015-10-13 03:32:48', 1, '2015-10-13 03:34:09', 1, 0),
(1197, 'lbInvoiceItem', 419, 1, '2015-10-13 03:32:48', 1, '2015-10-13 03:33:20', 1, 0),
(1198, 'lbInvoiceItem', 420, 1, '2015-10-13 03:32:48', 1, '2015-10-13 03:33:42', 1, 0),
(1199, 'lbInvoiceTotal', 186, 1, '2015-10-13 03:32:48', 1, '2015-10-13 03:34:09', 1, 0),
(1200, 'lbInvoiceItem', 421, 1, '2015-10-13 03:33:27', 1, '2015-10-13 03:33:28', 1, 0),
(1201, 'lbInvoiceItem', 422, 1, '2015-10-13 03:33:34', 1, '2015-10-13 03:33:42', 1, 0),
(1202, 'lbPayment', 5, 1, '2015-10-13 03:33:47', 1, '2015-10-13 03:33:47', 1, 0),
(1203, 'lbPaymentItem', 5, 1, '2015-10-13 03:33:47', 1, '2015-10-13 03:34:08', 1, 0),
(1204, 'lbInvoice', 204, 1, '2015-10-13 03:36:02', 1, '2015-10-13 03:37:12', 1, 0),
(1205, 'lbInvoiceItem', 423, 1, '2015-10-13 03:36:02', 1, '2015-10-13 03:36:25', 1, 0),
(1206, 'lbInvoiceItem', 424, 1, '2015-10-13 03:36:03', 1, '2015-10-13 03:36:43', 1, 0),
(1207, 'lbInvoiceTotal', 187, 1, '2015-10-13 03:36:03', 1, '2015-10-13 03:37:12', 1, 0),
(1208, 'lbInvoiceItem', 425, 1, '2015-10-13 03:36:27', 1, '2015-10-13 03:36:28', 1, 0),
(1209, 'lbInvoiceItem', 426, 1, '2015-10-13 03:36:36', 1, '2015-10-13 03:36:43', 1, 0),
(1210, 'lbPayment', 6, 1, '2015-10-13 03:36:52', 1, '2015-10-13 03:36:52', 1, 0),
(1211, 'lbPaymentItem', 6, 1, '2015-10-13 03:36:52', 1, '2015-10-13 03:37:12', 1, 0),
(1212, 'lbInvoice', 205, 1, '2015-10-13 03:57:17', 1, '2015-10-13 03:57:17', 1, 0),
(1213, 'lbInvoiceItem', 427, 1, '2015-10-13 03:57:17', 1, '2015-10-13 03:57:17', 1, 0),
(1214, 'lbInvoiceItem', 428, 1, '2015-10-13 03:57:18', 1, '2015-10-13 03:57:18', 1, 0),
(1215, 'lbInvoiceTotal', 188, 1, '2015-10-13 03:57:18', 1, '2015-10-13 03:59:41', 1, 0),
(1216, 'lbInvoice', 206, 1, '2015-10-13 03:59:49', 1, '2015-10-13 04:00:50', 1, 0),
(1217, 'lbInvoiceItem', 429, 1, '2015-10-13 03:59:49', 1, '2015-10-13 04:00:27', 1, 0),
(1218, 'lbInvoiceItem', 430, 1, '2015-10-13 03:59:49', 1, '2015-10-13 04:00:42', 1, 0),
(1219, 'lbInvoiceTotal', 189, 1, '2015-10-13 03:59:50', 1, '2015-10-13 04:00:43', 1, 0),
(1220, 'lbInvoiceItem', 431, 1, '2015-10-13 04:00:26', 1, '2015-10-13 04:00:29', 1, 0),
(1221, 'lbInvoiceItem', 432, 1, '2015-10-13 04:00:34', 1, '2015-10-13 04:00:42', 1, 0),
(1222, 'lbInvoice', 207, 1, '2015-10-13 04:01:06', 1, '2015-10-13 04:02:11', 1, 0),
(1223, 'lbInvoiceItem', 433, 1, '2015-10-13 04:01:06', 1, '2015-10-13 04:01:35', 1, 0),
(1224, 'lbInvoiceItem', 434, 1, '2015-10-13 04:01:06', 1, '2015-10-13 04:01:45', 1, 0),
(1225, 'lbInvoiceTotal', 190, 1, '2015-10-13 04:01:06', 1, '2015-10-13 04:02:10', 1, 0),
(1226, 'lbInvoiceItem', 435, 1, '2015-10-13 04:01:34', 1, '2015-10-13 04:01:46', 1, 0),
(1227, 'lbPayment', 7, 1, '2015-10-13 04:01:50', 1, '2015-10-13 04:01:50', 1, 0),
(1228, 'lbPaymentItem', 7, 1, '2015-10-13 04:01:51', 1, '2015-10-13 04:02:10', 1, 0),
(1229, 'lbInvoice', 208, 1, '2015-10-13 04:02:42', 1, '2015-10-13 04:03:27', 1, 0),
(1230, 'lbInvoiceItem', 436, 1, '2015-10-13 04:02:42', 1, '2015-10-13 04:03:11', 1, 0),
(1231, 'lbInvoiceItem', 437, 1, '2015-10-13 04:02:42', 1, '2015-10-13 04:03:20', 1, 0),
(1232, 'lbInvoiceTotal', 191, 1, '2015-10-13 04:02:42', 1, '2015-10-13 04:03:20', 1, 0),
(1233, 'lbInvoiceItem', 438, 1, '2015-10-13 04:03:15', 1, '2015-10-13 04:03:17', 1, 0),
(1235, 'lbInvoice', 209, 1, '2015-10-13 06:41:58', 1, '2015-10-13 06:43:53', 1, 0),
(1236, 'lbInvoiceItem', 439, 1, '2015-10-13 06:41:59', 1, '2015-10-13 06:42:41', 1, 0),
(1237, 'lbInvoiceItem', 440, 1, '2015-10-13 06:41:59', 1, '2015-10-13 06:42:56', 1, 0),
(1238, 'lbInvoiceTotal', 192, 1, '2015-10-13 06:42:00', 1, '2015-10-13 06:43:53', 1, 0),
(1239, 'lbInvoiceItem', 441, 1, '2015-10-13 06:42:40', 1, '2015-10-13 06:42:41', 1, 0),
(1240, 'lbInvoiceItem', 442, 1, '2015-10-13 06:42:47', 1, '2015-10-13 06:42:56', 1, 0),
(1242, 'lbPayment', 8, 1, '2015-10-13 06:43:29', 1, '2015-10-13 06:43:29', 1, 0),
(1243, 'lbPaymentItem', 8, 1, '2015-10-13 06:43:29', 1, '2015-10-13 06:43:52', 1, 0),
(1244, 'lbCustomer', 100, 1, '2015-10-13 09:50:59', 1, '2015-10-13 09:50:59', 1, 0),
(1246, 'lbCustomer', 101, 1, '2015-10-13 09:51:41', 1, '2015-10-13 09:51:41', 1, 0),
(1249, 'lbExpensesCustomer', 119, 1, '2015-10-13 09:53:32', 1, '2015-10-13 09:53:32', 1, 0),
(1250, 'lbExpensesCustomer', 120, 1, '2015-10-13 09:53:32', 1, '2015-10-13 09:53:32', 1, 0),
(1251, 'lbExpensesCustomer', 121, 1, '2015-10-13 09:54:14', 1, '2015-10-13 09:54:14', 1, 0),
(1252, 'lbExpensesCustomer', 122, 1, '2015-10-13 09:54:37', 1, '2015-10-13 09:54:37', 1, 0),
(1253, 'lbExpensesCustomer', 123, 1, '2015-10-13 09:54:37', 1, '2015-10-13 09:54:37', 1, 0),
(1257, 'lbCustomer', 102, 1, '2015-10-13 10:00:30', 1, '2015-10-13 10:00:30', 1, 0),
(1258, 'lbExpensesCustomer', 127, 1, '2015-10-13 10:00:30', 1, '2015-10-13 10:00:30', 1, 0),
(1260, 'lbExpensesCustomer', 129, 1, '2015-10-13 10:00:58', 1, '2015-10-13 10:00:58', 1, 0),
(1264, 'lbInvoice', 210, 1, '2015-10-13 10:02:02', 1, '2015-10-13 10:02:02', 1, 0),
(1265, 'lbInvoiceItem', 443, 1, '2015-10-13 10:02:02', 1, '2015-10-13 10:02:02', 1, 0),
(1266, 'lbInvoiceItem', 444, 1, '2015-10-13 10:02:03', 1, '2015-10-13 10:02:03', 1, 0),
(1267, 'lbInvoiceTotal', 193, 1, '2015-10-13 10:02:03', 1, '2015-10-13 10:02:04', 1, 0),
(1268, 'lbCustomer', 103, 1, '2015-10-13 10:19:53', 1, '2015-10-13 10:19:53', 1, 0),
(1269, 'lbExpensesCustomer', 131, 1, '2015-10-13 10:19:53', 1, '2015-10-13 10:19:53', 1, 0),
(1270, 'lbExpensesCustomer', 132, 1, '2015-10-13 10:20:21', 1, '2015-10-13 10:20:21', 1, 0),
(1271, 'lbExpensesCustomer', 133, 1, '2015-10-13 10:20:21', 1, '2015-10-13 10:20:21', 1, 0),
(1272, 'lbExpensesCustomer', 134, 1, '2015-10-13 10:21:02', 1, '2015-10-13 10:21:02', 1, 0),
(1278, 'lbExpensesCustomer', 140, 1, '2015-10-13 10:21:36', 1, '2015-10-13 10:21:36', 1, 0),
(1279, 'lbExpensesInvoice', 64, 1, '2015-10-13 10:22:58', 1, '2015-10-13 10:22:58', 1, 0),
(1281, 'lbExpensesInvoice', 66, 1, '2015-10-13 10:24:38', 1, '2015-10-13 10:24:38', 1, 0),
(1282, 'lbExpensesInvoice', 67, 1, '2015-10-13 10:24:55', 1, '2015-10-13 10:24:55', 1, 0),
(1283, 'lbExpensesInvoice', 68, 1, '2015-10-13 10:24:55', 1, '2015-10-13 10:24:55', 1, 0),
(1284, 'lbExpensesInvoice', 69, 1, '2015-10-13 10:25:21', 1, '2015-10-13 10:25:21', 1, 0),
(1285, 'lbInvoice', 211, 1, '2015-10-13 10:25:56', 1, '2015-10-13 10:26:52', 1, 0),
(1286, 'lbInvoiceItem', 445, 1, '2015-10-13 10:25:57', 1, '2015-10-13 10:26:30', 1, 0),
(1287, 'lbInvoiceItem', 446, 1, '2015-10-13 10:25:57', 1, '2015-10-13 10:26:43', 1, 0),
(1288, 'lbInvoiceTotal', 194, 1, '2015-10-13 10:25:57', 1, '2015-10-13 10:26:45', 1, 0),
(1289, 'lbInvoiceItem', 447, 1, '2015-10-13 10:26:31', 1, '2015-10-13 10:26:32', 1, 0),
(1290, 'lbInvoiceItem', 448, 1, '2015-10-13 10:26:36', 1, '2015-10-13 10:26:44', 1, 0),
(1291, 'lbExpensesInvoice', 70, 1, '2015-10-13 10:26:52', 1, '2015-10-13 10:26:52', 1, 0),
(1299, 'lbExpensesInvoice', 78, 1, '2015-10-13 10:33:22', 1, '2015-10-13 10:33:22', 1, 0),
(1300, 'lbExpensesInvoice', 79, 1, '2015-10-13 10:39:02', 1, '2015-10-13 10:39:02', 1, 0),
(1301, 'lbExpensesInvoice', 80, 1, '2015-10-13 10:40:01', 1, '2015-10-13 10:40:01', 1, 0),
(1302, 'lbCustomer', 104, 1, '2015-10-13 11:13:22', 1, '2015-10-13 11:13:22', 1, 0),
(1303, 'lbExpensesCustomer', 141, 1, '2015-10-13 11:13:23', 1, '2015-10-13 11:13:23', 1, 0),
(1304, 'lbExpensesCustomer', 142, 1, '2015-10-13 11:13:37', 1, '2015-10-13 11:13:37', 1, 0),
(1305, 'lbExpensesCustomer', 143, 1, '2015-10-13 11:13:37', 1, '2015-10-13 11:13:37', 1, 0),
(1306, 'lbExpensesCustomer', 144, 1, '2015-10-13 11:13:37', 1, '2015-10-13 11:13:37', 1, 0),
(1307, 'lbExpensesCustomer', 145, 1, '2015-10-13 11:13:37', 1, '2015-10-13 11:13:37', 1, 0),
(1308, 'lbExpensesCustomer', 146, 1, '2015-10-13 11:13:37', 1, '2015-10-13 11:13:37', 1, 0),
(1309, 'lbInvoice', 212, 1, '2015-10-13 11:13:47', 1, '2015-10-13 11:14:30', 1, 0),
(1310, 'lbInvoiceItem', 449, 1, '2015-10-13 11:13:48', 1, '2015-10-13 11:14:11', 1, 0),
(1311, 'lbInvoiceItem', 450, 1, '2015-10-13 11:13:48', 1, '2015-10-13 11:14:27', 1, 0),
(1312, 'lbInvoiceTotal', 195, 1, '2015-10-13 11:13:48', 1, '2015-10-13 11:14:27', 1, 0),
(1313, 'lbInvoiceItem', 451, 1, '2015-10-13 11:14:15', 1, '2015-10-13 11:14:16', 1, 0),
(1314, 'lbInvoiceItem', 452, 1, '2015-10-13 11:14:21', 1, '2015-10-13 11:14:27', 1, 0),
(1315, 'lbExpensesInvoice', 81, 1, '2015-10-13 11:14:31', 1, '2015-10-13 11:14:31', 1, 0),
(1316, 'lbExpensesInvoice', 82, 1, '2015-10-13 11:15:28', 1, '2015-10-13 11:15:28', 1, 0),
(1317, 'lbExpensesInvoice', 83, 1, '2015-10-13 11:15:30', 1, '2015-10-13 11:15:30', 1, 0),
(1318, 'lbExpensesInvoice', 84, 1, '2015-10-13 11:15:30', 1, '2015-10-13 11:15:30', 1, 0),
(1322, 'lbExpensesInvoice', 88, 1, '2015-10-13 11:18:31', 1, '2015-10-13 11:18:31', 1, 0),
(1323, 'lbExpensesInvoice', 89, 1, '2015-10-13 11:18:32', 1, '2015-10-13 11:18:32', 1, 0),
(1324, 'lbExpensesInvoice', 90, 1, '2015-10-13 11:18:32', 1, '2015-10-13 11:18:32', 1, 0),
(1325, 'lbExpensesInvoice', 91, 1, '2015-10-13 11:18:32', 1, '2015-10-13 11:18:32', 1, 0),
(1326, 'lbEmployee', 11, 1, '2015-10-20 03:34:33', 1, '2015-12-11 07:35:41', 1, 0),
(1327, 'lbEmployeeSalary', 22, 1, '2015-10-20 03:34:34', 1, '2015-10-20 03:34:34', 1, 0),
(1328, 'lbEmployeeSalary', 23, 1, '2015-10-20 03:34:34', 1, '2015-10-20 03:34:34', 1, 0),
(1329, 'lbEmployeeSalary', 24, 1, '2015-10-20 03:34:34', 1, '2015-10-20 03:34:34', 1, 0),
(1330, 'lbEmployeeBenefits', 3, 1, '2015-10-20 03:34:34', 1, '2015-12-11 07:35:42', 1, 0),
(1331, 'lbEmployeePayment', 60, 1, '2015-10-23 03:16:38', 1, '2015-10-23 03:16:38', 1, 0),
(1332, 'lbEmployeePayment', 61, 1, '2015-10-23 03:16:39', 1, '2015-10-23 03:16:39', 1, 0),
(1333, 'lbEmployeePayment', 62, 1, '2015-10-23 03:17:47', 1, '2015-10-23 03:17:48', 1, 0),
(1334, 'lbEmployeePayment', 63, 1, '2015-10-23 04:23:13', 1, '2015-10-23 04:23:13', 1, 0),
(1335, 'lbEmployeePayment', 64, 1, '2015-10-23 04:23:51', 1, '2015-10-23 04:23:52', 1, 0),
(1336, 'lbInvoice', 213, 1, '2015-10-26 03:37:26', 1, '2015-10-26 03:37:26', 1, 0),
(1337, 'lbInvoiceItem', 453, 1, '2015-10-26 03:37:27', 1, '2015-10-26 03:37:27', 1, 0),
(1338, 'lbInvoiceItem', 454, 1, '2015-10-26 03:37:27', 1, '2015-10-26 03:39:48', 1, 0),
(1339, 'lbInvoiceTotal', 196, 1, '2015-10-26 03:37:28', 1, '2015-10-26 04:20:01', 1, 0),
(1340, 'lbInvoiceItem', 455, 1, '2015-10-26 03:39:47', 1, '2015-10-26 03:39:48', 1, 0),
(1342, 'lbInvoiceItem', 456, 1, '2015-10-26 04:20:00', 1, '2015-10-26 04:20:00', 1, 0),
(1348, 'lbInvoice', 214, 1, '2015-10-26 09:45:02', 1, '2015-10-26 09:45:02', 1, 0),
(1349, 'lbInvoiceItem', 457, 1, '2015-10-26 09:45:03', 1, '2015-10-26 09:45:03', 1, 0),
(1350, 'lbInvoiceItem', 458, 1, '2015-10-26 09:45:03', 1, '2015-10-26 09:45:20', 1, 0),
(1351, 'lbInvoiceTotal', 197, 1, '2015-10-26 09:45:03', 1, '2015-10-26 10:29:02', 1, 0),
(1352, 'lbInvoiceItem', 459, 1, '2015-10-26 09:45:19', 1, '2015-10-26 09:45:20', 1, 0),
(1353, 'lbInvoice', 215, 1, '2015-10-26 11:16:34', 1, '2015-10-26 11:16:34', 1, 0),
(1354, 'lbInvoiceItem', 460, 1, '2015-10-26 11:16:34', 1, '2015-10-26 11:16:34', 1, 0),
(1355, 'lbInvoiceItem', 461, 1, '2015-10-26 11:16:34', 1, '2015-10-26 11:16:43', 1, 0),
(1356, 'lbInvoiceTotal', 198, 1, '2015-10-26 11:16:35', 1, '2015-10-26 11:16:44', 1, 0),
(1357, 'lbInvoiceItem', 462, 1, '2015-10-26 11:16:43', 1, '2015-10-26 11:16:43', 1, 0),
(1358, 'lbInvoice', 216, 1, '2015-10-27 04:30:40', 1, '2015-10-27 04:30:40', 1, 0),
(1359, 'lbInvoiceItem', 463, 1, '2015-10-27 04:30:40', 1, '2015-10-27 04:31:32', 1, 0),
(1360, 'lbInvoiceItem', 464, 1, '2015-10-27 04:30:40', 1, '2015-10-27 04:31:47', 1, 0),
(1361, 'lbInvoiceTotal', 199, 1, '2015-10-27 04:30:40', 1, '2015-12-08 05:32:18', 1, 0),
(1362, 'lbInvoice', 217, 1, '2015-10-27 10:31:23', 1, '2015-10-27 10:31:23', 1, 0),
(1363, 'lbInvoiceItem', 465, 1, '2015-10-27 10:31:24', 1, '2015-10-27 10:32:07', 1, 0),
(1364, 'lbInvoiceItem', 466, 1, '2015-10-27 10:31:24', 1, '2015-10-27 10:32:32', 1, 0),
(1365, 'lbInvoiceTotal', 200, 1, '2015-10-27 10:31:24', 1, '2015-10-27 10:32:33', 1, 0),
(1366, 'lbInvoiceItem', 467, 1, '2015-10-27 10:32:32', 1, '2015-10-27 10:32:32', 1, 0),
(1367, 'lbEmployeePayment', 65, 1, '2015-10-28 04:35:04', 1, '2015-10-28 04:35:07', 1, 0),
(1373, 'lbEmployeeSalary', 32, 1, '2015-10-28 09:31:12', 1, '2015-10-28 09:31:12', 1, 0),
(1374, 'lbEmployeeSalary', 33, 1, '2015-10-28 09:31:13', 1, '2015-10-28 09:31:13', 1, 0),
(1375, 'lbEmployeeBenefits', 9, 1, '2015-10-28 09:31:15', 1, '2015-10-28 09:31:15', 1, 0),
(1377, 'lbEmployeeSalary', 34, 1, '2015-10-28 09:32:50', 1, '2015-10-28 09:32:50', 1, 0),
(1378, 'lbEmployeeSalary', 35, 1, '2015-10-28 09:32:50', 1, '2015-10-28 09:32:50', 1, 0),
(1379, 'lbEmployeeBenefits', 10, 1, '2015-10-28 09:32:50', 1, '2015-10-28 09:32:50', 1, 0),
(1381, 'lbEmployeeSalary', 36, 1, '2015-10-28 09:32:54', 1, '2015-10-28 09:32:54', 1, 0),
(1382, 'lbEmployeeSalary', 37, 1, '2015-10-28 09:32:54', 1, '2015-10-28 09:32:54', 1, 0),
(1383, 'lbEmployeeBenefits', 11, 1, '2015-10-28 09:32:54', 1, '2015-10-28 09:32:54', 1, 0),
(1385, 'lbEmployeeSalary', 38, 1, '2015-10-28 09:36:16', 1, '2015-10-28 09:48:18', 1, 0),
(1387, 'lbEmployeeBenefits', 12, 1, '2015-10-28 09:36:16', 1, '2015-10-28 09:45:49', 1, 0),
(1389, 'lbEmployeeSalary', 40, 1, '2015-10-28 09:56:19', 1, '2015-10-28 10:05:09', 1, 0),
(1390, 'lbEmployeeSalary', 41, 1, '2015-10-28 09:56:19', 1, '2015-10-28 10:05:09', 1, 0),
(1391, 'lbEmployeeBenefits', 13, 1, '2015-10-28 09:56:19', 1, '2015-10-28 09:57:20', 1, 0),
(1392, 'lbEmployee', 23, 1, '2015-10-28 10:20:45', 1, '2015-10-29 02:20:12', 1, 0),
(1393, 'lbEmployeeSalary', 42, 1, '2015-10-28 10:20:45', 1, '2015-10-29 02:20:12', 1, 0),
(1394, 'lbEmployeeSalary', 43, 1, '2015-10-28 10:20:46', 1, '2015-10-29 02:20:12', 1, 0),
(1395, 'lbEmployeeBenefits', 14, 1, '2015-10-28 10:20:46', 1, '2015-10-29 02:20:13', 1, 0),
(1396, 'lbEmployeeBenefits', 15, 1, '2015-10-28 10:24:11', 1, '2015-10-29 02:20:13', 1, 0),
(1408, 'lbEmployeeSalary', 54, 1, '2015-10-28 11:42:00', 1, '2015-10-29 02:20:13', 1, 0),
(1409, 'lbEmployeeSalary', 55, 1, '2015-10-28 11:44:01', 1, '2015-10-29 02:20:13', 1, 0),
(1410, 'lbEmployeeBenefits', 16, 1, '2015-10-29 02:20:13', 1, '2015-10-29 02:20:13', 1, 0),
(1411, 'lbEmployeePayment', 66, 1, '2015-10-29 02:46:27', 1, '2015-10-29 02:46:28', 1, 0),
(1412, 'lbEmployeePayment', 67, 1, '2015-10-29 02:46:28', 1, '2015-10-29 02:46:28', 1, 0),
(1413, 'lbEmployeePayment', 68, 1, '2015-10-29 02:48:10', 1, '2015-10-29 02:48:10', 1, 0),
(1414, 'lbEmployee', 24, 1, '2015-12-08 08:06:31', 1, '2015-12-08 08:06:32', 1, 0),
(1415, 'lbEmployeeSalary', 56, 1, '2015-12-08 08:06:31', 1, '2015-12-08 08:06:31', 1, 0);
INSERT INTO `lb_core_entities` (`lb_record_primary_key`, `lb_entity_type`, `lb_entity_primary_key`, `lb_created_by`, `lb_created_date`, `lb_last_updated_by`, `lb_last_update`, `lb_subscription_id`, `lb_locked_from_deletion`) VALUES
(1416, 'lbEmployeeSalary', 57, 1, '2015-12-08 08:06:31', 1, '2015-12-08 08:06:31', 1, 0),
(1417, 'lbEmployeeBenefits', 17, 1, '2015-12-08 08:06:32', 1, '2015-12-08 08:06:32', 1, 0),
(1418, 'lbEmployeeBenefits', 18, 1, '2015-12-08 08:06:32', 1, '2015-12-08 08:06:32', 1, 0),
(1419, 'lbPayment', 9, 1, '2015-12-08 08:21:48', 1, '2015-12-08 08:21:48', 1, 0),
(1420, 'lbPaymentItem', 9, 1, '2015-12-08 08:21:48', 1, '2015-12-08 08:21:48', 1, 0),
(1421, 'lbEmployeePayment', 69, 1, '2015-12-10 03:48:58', 1, '2015-12-10 03:48:58', 1, 0),
(1422, 'lbEmployeePayment', 70, 1, '2015-12-10 03:48:58', 1, '2015-12-10 03:48:58', 1, 0),
(1423, 'lbEmployeePayment', 71, 1, '2015-12-10 03:48:58', 1, '2015-12-10 03:48:58', 1, 0),
(1424, 'lbEmployeePayment', 72, 1, '2015-12-10 03:49:50', 1, '2015-12-10 03:49:50', 1, 0),
(1425, 'lbEmployeePayment', 73, 1, '2015-12-10 04:08:35', 1, '2015-12-10 04:08:35', 1, 0),
(1426, 'lbEmployeePayment', 74, 1, '2015-12-10 04:08:35', 1, '2015-12-10 04:08:35', 1, 0),
(1427, 'lbEmployeePayment', 75, 1, '2015-12-10 04:10:50', 1, '2015-12-10 04:10:50', 1, 0),
(1428, 'lbEmployeePayment', 76, 1, '2015-12-10 04:10:50', 1, '2015-12-10 04:10:50', 1, 0),
(1432, 'lbEmployeeSalary', 58, 1, '2015-12-10 08:04:27', 1, '2015-12-11 05:55:25', 1, 0),
(1433, 'lbEmployeeSalary', 59, 1, '2015-12-10 08:04:27', 1, '2015-12-11 05:55:25', 1, 0),
(1434, 'lbEmployeeBenefits', 19, 1, '2015-12-10 08:04:28', 1, '2015-12-10 08:04:28', 1, 0),
(1435, 'lbEmployeeBenefits', 20, 1, '2015-12-10 08:04:28', 1, '2015-12-10 08:04:28', 1, 0),
(1437, 'lbEmployeeBenefits', 21, 1, '2015-12-10 08:12:07', 1, '2015-12-10 08:12:07', 1, 0),
(1439, 'lbEmployeeBenefits', 22, 1, '2015-12-10 08:25:25', 1, '2015-12-10 08:25:25', 1, 0),
(1441, 'lbEmployeeBenefits', 23, 1, '2015-12-10 08:48:16', 1, '2015-12-10 08:48:16', 1, 0),
(1443, 'lbEmployeeBenefits', 24, 1, '2015-12-10 08:49:32', 1, '2015-12-10 08:49:32', 1, 0),
(1445, 'lbEmployeeBenefits', 25, 1, '2015-12-10 08:50:02', 1, '2015-12-10 08:50:02', 1, 0),
(1447, 'lbEmployeeBenefits', 26, 1, '2015-12-10 08:52:52', 1, '2015-12-10 08:52:52', 1, 0),
(1449, 'lbEmployeeBenefits', 27, 1, '2015-12-10 08:53:11', 1, '2015-12-10 08:53:11', 1, 0),
(1451, 'lbEmployeeBenefits', 28, 1, '2015-12-10 08:53:30', 1, '2015-12-10 08:53:30', 1, 0),
(1453, 'lbEmployeeBenefits', 29, 1, '2015-12-10 08:56:03', 1, '2015-12-10 08:56:23', 1, 0),
(1455, 'lbEmployeeBenefits', 30, 1, '2015-12-10 09:03:20', 1, '2015-12-10 09:03:20', 1, 0),
(1457, 'lbEmployeeBenefits', 31, 1, '2015-12-10 09:06:48', 1, '2015-12-10 09:06:48', 1, 0),
(1459, 'lbEmployeeBenefits', 32, 1, '2015-12-10 09:07:43', 1, '2015-12-10 09:07:43', 1, 0),
(1461, 'lbEmployeeBenefits', 33, 1, '2015-12-10 09:07:59', 1, '2015-12-10 09:07:59', 1, 0),
(1463, 'lbEmployeeBenefits', 34, 1, '2015-12-10 09:08:21', 1, '2015-12-10 09:08:21', 1, 0),
(1465, 'lbEmployeeBenefits', 35, 1, '2015-12-10 09:08:33', 1, '2015-12-10 09:08:33', 1, 0),
(1467, 'lbEmployeeBenefits', 36, 1, '2015-12-10 09:09:06', 1, '2015-12-10 09:09:06', 1, 0),
(1469, 'lbEmployeeBenefits', 37, 1, '2015-12-10 09:09:50', 1, '2015-12-10 09:09:50', 1, 0),
(1471, 'lbEmployeeBenefits', 38, 1, '2015-12-10 09:10:22', 1, '2015-12-10 09:18:21', 1, 0),
(1473, 'lbEmployeeBenefits', 39, 1, '2015-12-10 09:48:15', 1, '2015-12-10 09:48:15', 1, 0),
(1474, 'lbExpensesCustomer', 147, 1, '2015-12-10 09:53:26', 1, '2015-12-10 09:53:26', 1, 0),
(1475, 'lbExpensesCustomer', 148, 1, '2015-12-10 09:53:26', 1, '2015-12-10 09:53:26', 1, 0),
(1477, 'lbEmployeeBenefits', 40, 1, '2015-12-10 10:12:29', 1, '2015-12-10 10:12:29', 1, 0),
(1479, 'lbEmployeeBenefits', 41, 1, '2015-12-10 10:16:17', 1, '2015-12-10 10:16:17', 1, 0),
(1481, 'lbEmployeeBenefits', 42, 1, '2015-12-10 10:20:12', 1, '2015-12-10 10:20:12', 1, 0),
(1483, 'lbEmployeeBenefits', 43, 1, '2015-12-10 10:28:32', 1, '2015-12-10 10:28:32', 1, 0),
(1485, 'lbEmployeeBenefits', 44, 1, '2015-12-10 10:50:10', 1, '2015-12-10 10:50:10', 1, 0),
(1487, 'lbEmployeeBenefits', 45, 1, '2015-12-10 10:58:53', 1, '2015-12-10 10:58:53', 1, 0),
(1489, 'lbEmployeeBenefits', 46, 1, '2015-12-10 11:01:09', 1, '2015-12-10 11:01:09', 1, 0),
(1491, 'lbEmployeeBenefits', 47, 1, '2015-12-11 02:45:16', 1, '2015-12-11 02:48:19', 1, 0),
(1493, 'lbEmployeeBenefits', 48, 1, '2015-12-11 03:03:42', 1, '2015-12-11 03:03:42', 1, 0),
(1495, 'lbEmployeeBenefits', 49, 1, '2015-12-11 03:07:02', 1, '2015-12-11 03:07:02', 1, 0),
(1497, 'lbEmployeeBenefits', 50, 1, '2015-12-11 03:09:09', 1, '2015-12-11 03:09:09', 1, 0),
(1499, 'lbEmployeeBenefits', 51, 1, '2015-12-11 03:36:12', 1, '2015-12-11 03:36:12', 1, 0),
(1501, 'lbEmployeeBenefits', 52, 1, '2015-12-11 03:40:09', 1, '2015-12-11 03:40:09', 1, 0),
(1503, 'lbEmployeeBenefits', 53, 1, '2015-12-11 03:50:40', 1, '2015-12-11 03:50:40', 1, 0),
(1505, 'lbEmployeeBenefits', 54, 1, '2015-12-11 03:52:12', 1, '2015-12-11 03:52:40', 1, 0),
(1507, 'lbEmployeeBenefits', 55, 1, '2015-12-11 04:13:20', 1, '2015-12-11 04:13:49', 1, 0),
(1509, 'lbEmployeeBenefits', 56, 1, '2015-12-11 04:31:29', 1, '2015-12-11 04:31:46', 1, 0),
(1510, 'lbEmployee', 62, 1, '2015-12-11 05:54:09', 1, '2015-12-11 05:55:25', 1, 0),
(1511, 'lbEmployeeSalary', 58, 1, '2015-12-11 05:54:10', 1, '2015-12-11 05:54:10', 1, 0),
(1512, 'lbEmployeeSalary', 59, 1, '2015-12-11 05:54:10', 1, '2015-12-11 05:54:10', 1, 0),
(1513, 'lbEmployeeBenefits', 57, 1, '2015-12-11 05:54:10', 1, '2015-12-11 05:55:25', 1, 0),
(1514, 'lbEmployeeBenefits', 58, 1, '2015-12-11 05:54:10', 1, '2015-12-11 05:55:25', 1, 0),
(1515, 'lbEmployeeSalary', 60, 1, '2015-12-11 05:55:25', 1, '2015-12-11 05:55:25', 1, 0),
(1516, 'lbEmployeeBenefits', 59, 1, '2015-12-11 07:29:36', 1, '2015-12-11 07:35:42', 1, 0),
(1517, 'lbEmployeePayment', 77, 1, '2015-12-11 07:44:18', 1, '2015-12-11 07:44:18', 1, 0),
(1518, 'lbEmployeePayment', 78, 1, '2015-12-11 07:44:18', 1, '2015-12-11 07:44:19', 1, 0),
(1519, 'lbEmployeePayment', 79, 1, '2015-12-11 09:36:51', 1, '2015-12-11 09:36:52', 1, 0),
(1520, 'lbEmployeePayment', 80, 1, '2015-12-11 09:36:52', 1, '2015-12-11 09:36:52', 1, 0),
(1521, 'lbEmployeePayment', 81, 1, '2015-12-11 09:36:52', 1, '2015-12-11 09:36:53', 1, 0),
(1522, 'lbEmployeePayment', 82, 1, '2015-12-11 09:40:48', 1, '2015-12-11 09:40:48', 1, 0),
(1523, 'lbEmployeePayment', 83, 1, '2015-12-11 09:40:48', 1, '2015-12-11 09:40:49', 1, 0),
(1524, 'lbEmployeePayment', 84, 1, '2015-12-11 09:40:49', 1, '2015-12-11 09:40:49', 1, 0),
(1525, 'lbEmployeePayment', 85, 1, '2015-12-11 09:40:49', 1, '2015-12-11 09:40:50', 1, 0),
(1526, 'lbEmployeePayment', 86, 1, '2015-12-11 09:40:50', 1, '2015-12-11 09:40:51', 1, 0),
(1527, 'lbEmployeePayment', 87, 1, '2015-12-11 09:40:51', 1, '2015-12-11 09:40:52', 1, 0),
(1528, 'lbEmployeePayment', 88, 1, '2015-12-11 09:40:52', 1, '2015-12-11 09:40:52', 1, 0),
(1529, 'lbEmployeePayment', 89, 1, '2015-12-11 09:40:52', 1, '2015-12-11 09:40:52', 1, 0),
(1530, 'lbEmployeePayment', 90, 1, '2015-12-11 09:40:53', 1, '2015-12-11 09:40:53', 1, 0),
(1531, 'lbEmployeePayment', 91, 1, '2015-12-11 09:40:53', 1, '2015-12-11 09:40:53', 1, 0),
(1532, 'lbEmployeePayment', 92, 1, '2015-12-11 09:45:18', 1, '2015-12-11 09:45:18', 1, 0),
(1533, 'lbEmployeePayment', 93, 1, '2015-12-11 09:45:18', 1, '2015-12-11 09:45:18', 1, 0),
(1534, 'lbEmployeePayment', 94, 1, '2015-12-11 09:45:19', 1, '2015-12-11 09:45:19', 1, 0),
(1535, 'lbEmployeePayment', 95, 1, '2015-12-11 09:45:19', 1, '2015-12-11 09:45:19', 1, 0),
(1536, 'lbEmployeePayment', 96, 1, '2015-12-11 09:46:19', 1, '2015-12-11 09:46:19', 1, 0),
(1537, 'lbEmployeePayment', 97, 1, '2015-12-11 09:46:19', 1, '2015-12-11 09:46:19', 1, 0),
(1538, 'lbEmployeePayment', 98, 1, '2015-12-11 09:46:19', 1, '2015-12-11 09:46:20', 1, 0),
(1539, 'lbEmployeePayment', 99, 1, '2015-12-11 09:57:17', 1, '2015-12-11 09:57:17', 1, 0),
(1540, 'lbEmployeePayment', 100, 1, '2015-12-11 09:57:18', 1, '2015-12-11 09:57:18', 1, 0),
(1541, 'lbEmployeePayment', 101, 1, '2015-12-11 09:57:18', 1, '2015-12-11 09:57:18', 1, 0),
(1542, 'lbEmployeePayment', 102, 1, '2015-12-11 10:46:58', 1, '2015-12-11 10:46:58', 1, 0),
(1543, 'lbEmployeePayment', 103, 1, '2015-12-11 10:46:58', 1, '2015-12-11 10:46:58', 1, 0),
(1544, 'lbEmployeePayment', 104, 1, '2015-12-11 10:46:59', 1, '2015-12-11 10:46:59', 1, 0),
(1545, 'lbEmployeePayment', 105, 1, '2015-12-11 10:54:39', 1, '2015-12-11 10:54:40', 1, 0),
(1546, 'lbEmployeePayment', 106, 1, '2015-12-11 10:54:40', 1, '2015-12-11 10:54:40', 1, 0),
(1547, 'lbEmployeePayment', 107, 1, '2015-12-11 10:54:40', 1, '2015-12-11 10:54:40', 1, 0),
(1548, 'lbEmployeePayment', 108, 1, '2015-12-11 10:56:43', 1, '2015-12-11 10:56:44', 1, 0),
(1549, 'lbEmployeePayment', 109, 1, '2015-12-11 10:56:44', 1, '2015-12-11 10:56:44', 1, 0),
(1550, 'lbEmployeePayment', 110, 1, '2015-12-11 10:56:45', 1, '2015-12-11 10:56:45', 1, 0),
(1551, 'lbEmployeePayment', 111, 1, '2015-12-12 03:01:25', 1, '2015-12-12 03:01:26', 1, 0),
(1552, 'lbEmployeePayment', 112, 1, '2015-12-12 03:01:45', 1, '2015-12-12 03:01:46', 1, 0),
(1553, 'lbEmployeePayment', 113, 1, '2015-12-12 03:01:48', 1, '2015-12-12 03:01:49', 1, 0),
(1554, 'lbEmployeePayment', 114, 1, '2015-12-12 03:02:09', 1, '2015-12-12 03:02:10', 1, 0),
(1555, 'lbEmployeePayment', 115, 1, '2015-12-12 03:03:41', 1, '2015-12-12 03:03:41', 1, 0),
(1556, 'lbEmployeePayment', 116, 1, '2015-12-12 03:03:41', 1, '2015-12-12 03:03:41', 1, 0),
(1557, 'lbEmployeePayment', 117, 1, '2015-12-12 03:03:42', 1, '2015-12-12 03:03:42', 1, 0),
(1558, 'lbInvoice', 218, 1, '2015-12-12 04:32:03', 1, '2015-12-12 04:32:03', 1, 0),
(1559, 'lbInvoiceItem', 468, 1, '2015-12-12 04:32:04', 1, '2015-12-12 04:32:04', 1, 0),
(1560, 'lbInvoiceItem', 469, 1, '2015-12-12 04:32:04', 1, '2015-12-12 04:32:04', 1, 0),
(1561, 'lbInvoiceTotal', 201, 1, '2015-12-12 04:32:05', 1, '2015-12-12 04:32:05', 1, 0),
(1562, 'lbQuotation', 24, 1, '2015-12-12 04:32:22', 1, '2015-12-12 04:32:23', 1, 0),
(1563, 'lbQuotationItem', 24, 1, '2015-12-12 04:32:23', 1, '2015-12-12 04:32:23', 1, 0),
(1564, 'lbQuotationTax', 23, 1, '2015-12-12 04:32:23', 1, '2015-12-12 04:32:23', 1, 0),
(1565, 'lbQuotationTotal', 23, 1, '2015-12-12 04:32:23', 1, '2015-12-12 04:32:23', 1, 0),
(1566, 'lbEmployeePayment', 118, 1, '2015-12-12 05:05:55', 1, '2015-12-12 05:05:55', 1, 0),
(1567, 'lbEmployeePayment', 119, 1, '2015-12-12 05:07:19', 1, '2015-12-12 05:07:20', 1, 0),
(1568, 'lbEmployeePayment', 120, 1, '2015-12-12 05:16:29', 1, '2015-12-12 05:16:29', 1, 0),
(1569, 'lbEmployeePayment', 121, 1, '2015-12-12 07:49:46', 1, '2015-12-12 07:49:47', 1, 0),
(1570, 'lbEmployeePayment', 122, 1, '2015-12-12 07:49:47', 1, '2015-12-12 07:49:47', 1, 0),
(1571, 'lbEmployeePayment', 123, 1, '2015-12-12 08:05:33', 1, '2015-12-12 08:05:33', 1, 0),
(1572, 'lbEmployeePayment', 124, 1, '2015-12-12 08:14:38', 1, '2015-12-12 08:14:39', 1, 0),
(1573, 'lbEmployeePayment', 125, 1, '2015-12-12 08:14:59', 1, '2015-12-12 08:14:59', 1, 0),
(1574, 'lbEmployeePayment', 126, 1, '2015-12-12 08:14:59', 1, '2015-12-12 08:15:00', 1, 0),
(1575, 'lbEmployeePayment', 127, 1, '2015-12-12 08:16:42', 1, '2015-12-12 08:16:42', 1, 0),
(1576, 'lbEmployeePayment', 128, 1, '2015-12-12 08:16:42', 1, '2015-12-12 08:16:42', 1, 0),
(1577, 'lbEmployeePayment', 129, 1, '2015-12-12 08:16:43', 1, '2015-12-12 08:16:43', 1, 0),
(1578, 'lbEmployeePayment', 130, 1, '2015-12-12 10:04:13', 1, '2015-12-12 10:04:14', 1, 0),
(1579, 'lbEmployeePayment', 131, 1, '2015-12-12 10:04:14', 1, '2015-12-12 10:04:14', 1, 0),
(1580, 'lbEmployeePayment', 132, 1, '2015-12-12 10:04:14', 1, '2015-12-12 10:04:14', 1, 0),
(1581, 'lbEmployeePayment', 133, 1, '2015-12-12 10:07:35', 1, '2015-12-12 10:07:35', 1, 0),
(1582, 'lbEmployeePayment', 134, 1, '2015-12-15 04:12:53', 1, '2015-12-15 04:12:54', 1, 0),
(1583, 'lbEmployeePayment', 135, 1, '2015-12-15 04:12:54', 1, '2015-12-15 04:12:54', 1, 0),
(1584, 'lbEmployeePayment', 136, 1, '2015-12-15 04:12:54', 1, '2015-12-15 04:12:54', 1, 0),
(1585, 'lbEmployeePayment', 137, 1, '2015-12-15 04:16:40', 1, '2015-12-15 04:16:40', 1, 0),
(1586, 'lbEmployeePayment', 138, 1, '2015-12-15 04:16:40', 1, '2015-12-15 04:16:40', 1, 0),
(1587, 'lbEmployeePayment', 139, 1, '2015-12-15 04:16:41', 1, '2015-12-15 04:16:41', 1, 0),
(1588, 'lbEmployeePayment', 140, 1, '2015-12-15 04:29:22', 1, '2015-12-15 04:29:22', 1, 0),
(1589, 'lbEmployeePayment', 141, 1, '2015-12-15 04:29:22', 1, '2015-12-15 04:29:22', 1, 0),
(1590, 'lbEmployeePayment', 142, 1, '2015-12-15 04:29:22', 1, '2015-12-15 04:29:23', 1, 0),
(1591, 'lbEmployeePayment', 143, 1, '2015-12-15 04:36:05', 1, '2015-12-15 04:36:05', 1, 0),
(1592, 'lbEmployeePayment', 144, 1, '2015-12-15 04:36:06', 1, '2015-12-15 04:36:06', 1, 0),
(1593, 'lbEmployeePayment', 145, 1, '2015-12-15 04:36:06', 1, '2015-12-15 04:36:06', 1, 0),
(1594, 'lbEmployeePayment', 146, 1, '2015-12-15 04:42:12', 1, '2015-12-15 04:42:12', 1, 0),
(1595, 'lbEmployeePayment', 147, 1, '2015-12-15 04:42:12', 1, '2015-12-15 04:42:12', 1, 0),
(1596, 'lbEmployeePayment', 148, 1, '2015-12-15 04:42:12', 1, '2015-12-15 04:42:13', 1, 0),
(1597, 'lbEmployeePayment', 149, 1, '2015-12-15 04:45:22', 1, '2015-12-15 04:45:23', 1, 0),
(1598, 'lbEmployeePayment', 150, 1, '2015-12-15 04:46:20', 1, '2015-12-15 04:46:21', 1, 0),
(1599, 'lbEmployeePayment', 151, 1, '2015-12-15 04:47:24', 1, '2015-12-15 04:47:24', 1, 0),
(1600, 'lbEmployeePayment', 152, 1, '2015-12-15 04:47:24', 1, '2015-12-15 04:47:25', 1, 0),
(1601, 'lbEmployeePayment', 153, 1, '2015-12-15 04:47:25', 1, '2015-12-15 04:47:25', 1, 0),
(1602, 'lbEmployeePayment', 154, 1, '2015-12-15 04:54:46', 1, '2015-12-15 04:54:46', 1, 0),
(1603, 'lbEmployeePayment', 155, 1, '2015-12-15 04:54:47', 1, '2015-12-15 04:54:47', 1, 0),
(1604, 'lbEmployeePayment', 156, 1, '2015-12-15 05:17:26', 1, '2015-12-15 05:17:26', 1, 0),
(1605, 'lbEmployeePayment', 157, 1, '2015-12-15 05:17:26', 1, '2015-12-15 05:17:27', 1, 0),
(1606, 'lbEmployeePayment', 158, 1, '2015-12-15 05:42:17', 1, '2015-12-15 05:42:17', 1, 0),
(1607, 'lbEmployeePayment', 159, 1, '2015-12-15 05:42:17', 1, '2015-12-15 05:42:17', 1, 0),
(1608, 'lbEmployeePayment', 160, 1, '2015-12-15 05:42:17', 1, '2015-12-15 05:42:17', 1, 0),
(1609, 'lbEmployeePayment', 161, 1, '2015-12-15 05:42:17', 1, '2015-12-15 05:42:17', 1, 0),
(1610, 'lbEmployeePayment', 162, 1, '2015-12-15 05:42:18', 1, '2015-12-15 05:42:18', 1, 0),
(1611, 'lbEmployeePayment', 163, 1, '2015-12-15 05:42:18', 1, '2015-12-15 05:42:18', 1, 0),
(1612, 'lbEmployeePayment', 164, 1, '2015-12-15 05:42:18', 1, '2015-12-15 05:42:19', 1, 0),
(1613, 'lbEmployeePayment', 165, 1, '2015-12-15 05:48:10', 1, '2015-12-15 05:48:10', 1, 0),
(1614, 'lbEmployeePayment', 166, 1, '2015-12-15 05:48:10', 1, '2015-12-15 05:48:11', 1, 0),
(1615, 'lbEmployeePayment', 167, 1, '2015-12-15 05:48:11', 1, '2015-12-15 05:48:11', 1, 0),
(1616, 'lbEmployeePayment', 168, 1, '2015-12-15 05:48:11', 1, '2015-12-15 05:48:11', 1, 0),
(1617, 'lbEmployeePayment', 169, 1, '2015-12-15 05:48:11', 1, '2015-12-15 05:48:12', 1, 0),
(1618, 'lbEmployeePayment', 170, 1, '2015-12-15 05:48:12', 1, '2015-12-15 05:48:12', 1, 0),
(1619, 'lbEmployeePayment', 171, 1, '2015-12-15 05:48:13', 1, '2015-12-15 05:48:13', 1, 0),
(1620, 'lbVendor', 3, 1, '2015-12-15 06:03:36', 1, '2015-12-15 06:03:36', 1, 0),
(1621, 'lbEmployeePayment', 172, 1, '2015-12-15 08:18:39', 1, '2015-12-15 08:18:39', 1, 0),
(1622, 'lbEmployeePayment', 173, 1, '2015-12-15 08:18:40', 1, '2015-12-15 08:18:40', 1, 0),
(1623, 'lbEmployeePayment', 174, 1, '2015-12-15 08:18:40', 1, '2015-12-15 08:18:40', 1, 0),
(1624, 'lbEmployeePayment', 175, 1, '2015-12-15 08:18:40', 1, '2015-12-15 08:18:41', 1, 0),
(1625, 'lbEmployeePayment', 176, 1, '2015-12-15 08:18:41', 1, '2015-12-15 08:18:41', 1, 0),
(1626, 'lbEmployeePayment', 177, 1, '2015-12-15 08:18:41', 1, '2015-12-15 08:18:42', 1, 0),
(1627, 'lbEmployeePayment', 178, 1, '2015-12-15 08:18:42', 1, '2015-12-15 08:18:42', 1, 0),
(1628, 'lbEmployeePayment', 179, 1, '2015-12-15 08:18:42', 1, '2015-12-15 08:18:42', 1, 0),
(1629, 'lbEmployeePayment', 180, 1, '2015-12-15 08:18:43', 1, '2015-12-15 08:18:43', 1, 0),
(1630, 'lbEmployeePayment', 181, 1, '2015-12-15 08:21:04', 1, '2015-12-15 08:21:04', 1, 0),
(1631, 'lbEmployeePayment', 182, 1, '2015-12-15 08:21:04', 1, '2015-12-15 08:21:04', 1, 0),
(1632, 'lbEmployeePayment', 183, 1, '2015-12-15 08:21:04', 1, '2015-12-15 08:21:04', 1, 0),
(1633, 'lbEmployeePayment', 184, 1, '2015-12-15 08:21:05', 1, '2015-12-15 08:21:05', 1, 0),
(1634, 'lbEmployeePayment', 185, 1, '2015-12-15 08:21:05', 1, '2015-12-15 08:21:05', 1, 0),
(1635, 'lbEmployeePayment', 186, 1, '2015-12-15 08:21:05', 1, '2015-12-15 08:21:05', 1, 0),
(1636, 'lbEmployeePayment', 187, 1, '2015-12-15 08:21:06', 1, '2015-12-15 08:21:06', 1, 0),
(1637, 'lbEmployeePayment', 188, 1, '2015-12-15 08:22:53', 1, '2015-12-15 08:22:53', 1, 0),
(1638, 'lbEmployeePayment', 189, 1, '2015-12-15 08:22:53', 1, '2015-12-15 08:22:53', 1, 0),
(1639, 'lbEmployeePayment', 190, 1, '2015-12-15 09:08:41', 1, '2015-12-15 09:08:41', 1, 0),
(1640, 'lbEmployeePayment', 191, 1, '2015-12-15 09:08:41', 1, '2015-12-15 09:08:41', 1, 0),
(1641, 'lbEmployeePayment', 192, 1, '2015-12-15 09:16:40', 1, '2015-12-15 09:16:41', 1, 0),
(1642, 'lbEmployeePayment', 193, 1, '2015-12-15 09:18:33', 1, '2015-12-15 09:18:33', 1, 0),
(1643, 'lbEmployeePayment', 194, 1, '2015-12-15 09:19:56', 1, '2015-12-15 09:19:56', 1, 0),
(1644, 'lbEmployeePayment', 195, 1, '2015-12-15 09:29:32', 1, '2015-12-15 09:29:32', 1, 0),
(1645, 'lbEmployeePayment', 196, 1, '2015-12-15 09:29:32', 1, '2015-12-15 09:29:32', 1, 0),
(1646, 'lbEmployeePayment', 197, 1, '2015-12-15 09:30:15', 1, '2015-12-15 09:30:15', 1, 0),
(1647, 'lbEmployeePayment', 198, 1, '2015-12-15 09:53:42', 1, '2015-12-15 09:53:43', 1, 0),
(1648, 'lbEmployeePayment', 199, 1, '2015-12-15 09:53:43', 1, '2015-12-15 09:53:43', 1, 0),
(1649, 'lbEmployeePayment', 200, 1, '2015-12-15 09:53:43', 1, '2015-12-15 09:53:44', 1, 0),
(1650, 'lbEmployeePayment', 201, 1, '2015-12-15 09:54:25', 1, '2015-12-15 09:54:26', 1, 0),
(1651, 'lbEmployeePayment', 202, 1, '2015-12-15 09:54:44', 1, '2015-12-15 09:54:44', 1, 0),
(1652, 'lbEmployeePayment', 203, 1, '2015-12-15 09:54:44', 1, '2015-12-15 09:54:44', 1, 0),
(1653, 'lbEmployeePayment', 204, 1, '2015-12-15 09:54:44', 1, '2015-12-15 09:54:44', 1, 0),
(1654, 'lbEmployeePayment', 205, 1, '2015-12-15 09:56:58', 1, '2015-12-15 09:56:58', 1, 0),
(1655, 'lbEmployeePayment', 206, 1, '2015-12-15 09:56:58', 1, '2015-12-15 09:56:58', 1, 0),
(1656, 'lbEmployeePayment', 207, 1, '2015-12-15 09:58:14', 1, '2015-12-15 09:58:14', 1, 0),
(1657, 'lbEmployeePayment', 208, 1, '2015-12-15 09:58:14', 1, '2015-12-15 09:58:14', 1, 0),
(1658, 'lbEmployeePayment', 209, 1, '2015-12-15 10:01:51', 1, '2015-12-15 10:01:51', 1, 0),
(1659, 'lbEmployeePayment', 210, 1, '2015-12-15 10:01:51', 1, '2015-12-15 10:01:52', 1, 0),
(1660, 'lbEmployeePayment', 211, 1, '2015-12-15 10:01:52', 1, '2015-12-15 10:01:52', 1, 0),
(1661, 'lbEmployeePayment', 212, 1, '2015-12-15 10:01:52', 1, '2015-12-15 10:01:52', 1, 0),
(1662, 'lbEmployeePayment', 213, 1, '2015-12-15 10:01:53', 1, '2015-12-15 10:01:53', 1, 0),
(1663, 'lbEmployeePayment', 214, 1, '2015-12-15 10:01:53', 1, '2015-12-15 10:01:53', 1, 0),
(1664, 'lbEmployeePayment', 215, 1, '2015-12-15 10:05:49', 1, '2015-12-15 10:05:51', 1, 0),
(1665, 'lbEmployeePayment', 216, 1, '2015-12-15 10:05:52', 1, '2015-12-15 10:05:57', 1, 0),
(1666, 'lbEmployeePayment', 217, 1, '2015-12-15 10:06:02', 1, '2015-12-15 10:06:04', 1, 0),
(1667, 'lbEmployeePayment', 218, 1, '2015-12-15 10:06:27', 1, '2015-12-15 10:06:31', 1, 0),
(1668, 'lbEmployeePayment', 219, 1, '2015-12-15 10:06:31', 1, '2015-12-15 10:06:34', 1, 0),
(1669, 'lbEmployeePayment', 220, 1, '2015-12-15 10:07:45', 1, '2015-12-15 10:07:46', 1, 0),
(1670, 'lbEmployeePayment', 221, 1, '2015-12-15 10:07:46', 1, '2015-12-15 10:07:46', 1, 0),
(1671, 'lbEmployeePayment', 222, 1, '2015-12-15 10:07:46', 1, '2015-12-15 10:07:46', 1, 0),
(1672, 'lbEmployeePayment', 223, 1, '2015-12-15 10:10:02', 1, '2015-12-15 10:10:02', 1, 0),
(1673, 'lbEmployeePayment', 224, 1, '2015-12-15 10:10:03', 1, '2015-12-15 10:10:03', 1, 0),
(1674, 'lbEmployeePayment', 225, 1, '2015-12-15 10:27:42', 1, '2015-12-15 10:27:42', 1, 0),
(1675, 'lbEmployeePayment', 226, 1, '2015-12-15 10:27:43', 1, '2015-12-15 10:27:43', 1, 0),
(1676, 'lbEmployeePayment', 227, 1, '2015-12-15 10:28:35', 1, '2015-12-15 10:28:36', 1, 0),
(1677, 'lbEmployeePayment', 228, 1, '2015-12-15 10:28:36', 1, '2015-12-15 10:28:36', 1, 0),
(1678, 'lbEmployeePayment', 229, 1, '2015-12-15 10:28:36', 1, '2015-12-15 10:28:36', 1, 0),
(1679, 'lbEmployeePayment', 230, 1, '2015-12-15 10:28:36', 1, '2015-12-15 10:28:37', 1, 0),
(1680, 'lbEmployeePayment', 231, 1, '2015-12-15 11:23:37', 1, '2015-12-15 11:23:37', 1, 0),
(1681, 'lbEmployeePayment', 232, 1, '2015-12-15 11:23:37', 1, '2015-12-15 11:23:38', 1, 0),
(1682, 'lbEmployeePayment', 233, 1, '2015-12-15 11:32:18', 1, '2015-12-15 11:32:18', 1, 0),
(1683, 'lbEmployeePayment', 234, 1, '2015-12-15 11:32:19', 1, '2015-12-15 11:32:20', 1, 0),
(1684, 'lbEmployeePayment', 235, 1, '2015-12-15 11:33:17', 1, '2015-12-15 11:33:17', 1, 0),
(1685, 'lbEmployeePayment', 236, 1, '2015-12-15 11:33:17', 1, '2015-12-15 11:33:17', 1, 0),
(1686, 'lbExpensesCustomer', 149, 1, '2015-12-15 11:38:58', 1, '2015-12-15 11:38:58', 1, 0),
(1687, 'lbExpensesCustomer', 150, 1, '2015-12-15 11:38:59', 1, '2015-12-15 11:38:59', 1, 0),
(1688, 'lbEmployeePayment', 237, 1, '2015-12-15 11:39:53', 1, '2015-12-15 11:39:54', 1, 0),
(1689, 'lbEmployeePayment', 238, 1, '2015-12-15 11:39:54', 1, '2015-12-15 11:39:54', 1, 0),
(1690, 'lbEmployeePayment', 239, 1, '2015-12-17 03:38:58', 1, '2015-12-17 03:38:58', 1, 0),
(1691, 'lbEmployeePayment', 240, 1, '2015-12-17 03:38:58', 1, '2015-12-17 03:38:58', 1, 0),
(1692, 'lbEmployeePayment', 241, 1, '2015-12-17 04:18:37', 1, '2015-12-17 04:18:37', 1, 0),
(1693, 'lbEmployeePayment', 242, 1, '2015-12-17 04:18:37', 1, '2015-12-17 04:18:37', 1, 0),
(1694, 'lbEmployeePayment', 243, 1, '2015-12-17 04:18:38', 1, '2015-12-17 04:18:38', 1, 0),
(1695, 'lbEmployeePayment', 244, 1, '2015-12-17 04:18:38', 1, '2015-12-17 04:18:38', 1, 0),
(1696, 'lbEmployeePayment', 245, 1, '2015-12-17 04:19:32', 1, '2015-12-17 04:19:32', 1, 0),
(1697, 'lbEmployeePayment', 246, 1, '2015-12-17 04:19:32', 1, '2015-12-17 04:19:32', 1, 0),
(1698, 'lbEmployeePayment', 247, 1, '2015-12-17 04:21:01', 1, '2015-12-17 04:21:01', 1, 0),
(1699, 'lbEmployeePayment', 248, 1, '2015-12-17 04:21:01', 1, '2015-12-17 04:21:02', 1, 0),
(1700, 'lbEmployeePayment', 249, 1, '2015-12-17 04:21:26', 1, '2015-12-17 04:21:26', 1, 0),
(1701, 'lbEmployeePayment', 250, 1, '2015-12-17 04:27:45', 1, '2015-12-17 04:27:46', 1, 0),
(1702, 'lbEmployeePayment', 251, 1, '2015-12-17 04:36:31', 1, '2015-12-17 04:36:31', 1, 0),
(1703, 'lbEmployeePayment', 252, 1, '2015-12-17 04:36:31', 1, '2015-12-17 04:36:31', 1, 0),
(1704, 'lbEmployeePayment', 253, 1, '2015-12-17 04:36:32', 1, '2015-12-17 04:36:32', 1, 0),
(1705, 'lbEmployeePayment', 254, 1, '2015-12-17 04:36:32', 1, '2015-12-17 04:36:32', 1, 0),
(1706, 'lbEmployeePayment', 255, 1, '2015-12-17 04:37:08', 1, '2015-12-17 04:37:08', 1, 0),
(1707, 'lbEmployeePayment', 256, 1, '2015-12-17 04:37:09', 1, '2015-12-17 04:37:09', 1, 0),
(1708, 'lbEmployeePayment', 257, 1, '2015-12-17 04:37:10', 1, '2015-12-17 04:37:10', 1, 0),
(1709, 'lbEmployeePayment', 258, 1, '2015-12-17 04:37:10', 1, '2015-12-17 04:37:10', 1, 0),
(1710, 'lbEmployeePayment', 259, 1, '2015-12-17 04:37:38', 1, '2015-12-17 04:37:39', 1, 0),
(1711, 'lbEmployeePayment', 260, 1, '2015-12-17 04:37:39', 1, '2015-12-17 04:37:39', 1, 0),
(1712, 'lbEmployeePayment', 261, 1, '2015-12-17 04:37:39', 1, '2015-12-17 04:37:39', 1, 0),
(1713, 'lbEmployeePayment', 262, 1, '2015-12-17 04:43:15', 1, '2015-12-17 04:43:16', 1, 0),
(1714, 'lbEmployeePayment', 263, 1, '2015-12-17 05:02:04', 1, '2015-12-17 05:02:04', 1, 0),
(1715, 'lbEmployeePayment', 264, 1, '2015-12-17 05:02:05', 1, '2015-12-17 05:02:05', 1, 0),
(1716, 'lbEmployeePayment', 265, 1, '2015-12-17 05:02:05', 1, '2015-12-17 05:02:05', 1, 0),
(1717, 'lbEmployeePayment', 266, 1, '2015-12-17 05:05:47', 1, '2015-12-17 05:05:47', 1, 0),
(1718, 'lbEmployeePayment', 267, 1, '2015-12-17 05:05:48', 1, '2015-12-17 05:05:51', 1, 0),
(1719, 'lbEmployeePayment', 268, 1, '2015-12-17 05:05:54', 1, '2015-12-17 05:05:55', 1, 0),
(1720, 'lbEmployeePayment', 269, 1, '2015-12-17 05:05:55', 1, '2015-12-17 05:05:55', 1, 0),
(1721, 'lbEmployeePayment', 270, 1, '2015-12-17 05:10:32', 1, '2015-12-17 05:10:33', 1, 0),
(1722, 'lbEmployeePayment', 271, 1, '2015-12-17 05:10:33', 1, '2015-12-17 05:10:33', 1, 0),
(1723, 'lbEmployeePayment', 272, 1, '2015-12-17 05:10:34', 1, '2015-12-17 05:10:34', 1, 0),
(1724, 'lbEmployeePayment', 273, 1, '2015-12-17 05:11:16', 1, '2015-12-17 05:11:16', 1, 0),
(1725, 'lbEmployeePayment', 274, 1, '2015-12-17 05:12:12', 1, '2015-12-17 05:12:13', 1, 0),
(1726, 'lbEmployeePayment', 275, 1, '2015-12-17 05:12:13', 1, '2015-12-17 05:12:13', 1, 0),
(1727, 'lbEmployeePayment', 276, 1, '2015-12-17 05:12:13', 1, '2015-12-17 05:12:13', 1, 0),
(1728, 'lbEmployeePayment', 277, 1, '2015-12-17 05:12:59', 1, '2015-12-17 05:12:59', 1, 0),
(1729, 'lbEmployeePayment', 278, 1, '2015-12-17 05:12:59', 1, '2015-12-17 05:13:00', 1, 0),
(1730, 'lbEmployeePayment', 279, 1, '2015-12-17 05:13:00', 1, '2015-12-17 05:13:00', 1, 0),
(1731, 'lbEmployeePayment', 280, 1, '2015-12-17 05:14:48', 1, '2015-12-17 05:14:48', 1, 0),
(1732, 'lbEmployeePayment', 281, 1, '2015-12-17 05:14:48', 1, '2015-12-17 05:14:48', 1, 0),
(1733, 'lbEmployeePayment', 282, 1, '2015-12-17 05:14:48', 1, '2015-12-17 05:14:48', 1, 0),
(1734, 'lbEmployeePayment', 283, 1, '2015-12-17 05:19:04', 1, '2015-12-17 05:19:04', 1, 0),
(1735, 'lbEmployeePayment', 284, 1, '2015-12-17 05:19:05', 1, '2015-12-17 05:19:05', 1, 0),
(1736, 'lbEmployeePayment', 285, 1, '2015-12-17 05:19:05', 1, '2015-12-17 05:19:05', 1, 0),
(1737, 'lbEmployeePayment', 286, 1, '2015-12-17 05:19:06', 1, '2015-12-17 05:19:07', 1, 0),
(1738, 'lbEmployeePayment', 287, 1, '2015-12-17 05:20:50', 1, '2015-12-17 05:20:50', 1, 0),
(1739, 'lbEmployeePayment', 288, 1, '2015-12-17 05:20:50', 1, '2015-12-17 05:20:51', 1, 0),
(1740, 'lbEmployeePayment', 289, 1, '2015-12-17 05:37:57', 1, '2015-12-17 05:37:57', 1, 0),
(1741, 'lbEmployeePayment', 290, 1, '2015-12-17 05:37:58', 1, '2015-12-17 05:37:58', 1, 0),
(1742, 'lbEmployeePayment', 291, 1, '2015-12-17 05:37:58', 1, '2015-12-17 05:37:58', 1, 0),
(1743, 'lbEmployeePayment', 292, 1, '2015-12-17 05:52:12', 1, '2015-12-17 05:52:12', 1, 0),
(1744, 'lbEmployeePayment', 293, 1, '2015-12-17 05:52:12', 1, '2015-12-17 05:52:13', 1, 0),
(1745, 'lbEmployeePayment', 294, 1, '2015-12-17 05:52:13', 1, '2015-12-17 05:52:13', 1, 0),
(1746, 'lbEmployeePayment', 295, 1, '2015-12-17 07:22:06', 1, '2015-12-17 07:22:06', 1, 0),
(1747, 'lbEmployeePayment', 296, 1, '2015-12-17 07:22:06', 1, '2015-12-17 07:22:06', 1, 0),
(1748, 'lbEmployeePayment', 297, 1, '2015-12-17 07:22:07', 1, '2015-12-17 07:22:07', 1, 0),
(1749, 'lbEmployeePayment', 298, 1, '2015-12-17 07:22:07', 1, '2015-12-17 07:22:07', 1, 0),
(1750, 'lbEmployeePayment', 299, 1, '2015-12-17 07:29:48', 1, '2015-12-17 07:29:48', 1, 0),
(1751, 'lbEmployeePayment', 300, 1, '2015-12-17 07:30:56', 1, '2015-12-17 07:30:56', 1, 0),
(1752, 'lbEmployeePayment', 301, 1, '2015-12-17 07:30:56', 1, '2015-12-17 07:30:57', 1, 0),
(1753, 'lbEmployeePayment', 302, 1, '2015-12-17 07:39:16', 1, '2015-12-17 07:39:16', 1, 0),
(1754, 'lbEmployeePayment', 303, 1, '2015-12-17 07:39:16', 1, '2015-12-17 07:39:17', 1, 0),
(1755, 'lbEmployeePayment', 304, 1, '2015-12-17 07:39:17', 1, '2015-12-17 07:39:17', 1, 0),
(1756, 'lbEmployeePayment', 305, 1, '2015-12-17 07:39:17', 1, '2015-12-17 07:39:17', 1, 0),
(1757, 'lbEmployeePayment', 306, 1, '2015-12-17 07:39:17', 1, '2015-12-17 07:39:18', 1, 0),
(1758, 'lbEmployeePayment', 307, 1, '2015-12-17 07:39:18', 1, '2015-12-17 07:39:18', 1, 0),
(1759, 'lbEmployeePayment', 308, 1, '2015-12-17 07:41:00', 1, '2015-12-17 07:41:00', 1, 0),
(1760, 'lbEmployeePayment', 309, 1, '2015-12-17 07:41:00', 1, '2015-12-17 07:41:00', 1, 0),
(1761, 'lbEmployeePayment', 310, 1, '2015-12-17 07:41:01', 1, '2015-12-17 07:41:01', 1, 0),
(1762, 'lbEmployeePayment', 311, 1, '2015-12-17 08:11:09', 1, '2015-12-17 08:11:09', 1, 0),
(1763, 'lbEmployeePayment', 312, 1, '2015-12-17 08:11:09', 1, '2015-12-17 08:11:09', 1, 0),
(1764, 'lbEmployeePayment', 313, 1, '2015-12-17 08:11:09', 1, '2015-12-17 08:11:09', 1, 0),
(1765, 'lbEmployeePayment', 314, 1, '2015-12-17 08:12:25', 1, '2015-12-17 08:12:25', 1, 0),
(1766, 'lbEmployeePayment', 315, 1, '2015-12-17 08:12:25', 1, '2015-12-17 08:12:25', 1, 0),
(1767, 'lbEmployeePayment', 316, 1, '2015-12-17 08:12:25', 1, '2015-12-17 08:12:25', 1, 0),
(1768, 'lbEmployeePayment', 317, 1, '2015-12-17 08:12:26', 1, '2015-12-17 08:12:26', 1, 0),
(1769, 'lbEmployeePayment', 318, 1, '2015-12-17 08:12:26', 1, '2015-12-17 08:12:26', 1, 0),
(1770, 'lbEmployeePayment', 319, 1, '2015-12-17 08:12:27', 1, '2015-12-17 08:12:27', 1, 0),
(1771, 'lbEmployeePayment', 320, 1, '2015-12-17 08:13:36', 1, '2015-12-17 08:13:36', 1, 0),
(1772, 'lbEmployeePayment', 321, 1, '2015-12-17 08:13:36', 1, '2015-12-17 08:13:36', 1, 0),
(1773, 'lbEmployeePayment', 322, 1, '2015-12-17 08:13:37', 1, '2015-12-17 08:13:37', 1, 0),
(1774, 'lbEmployeePayment', 323, 1, '2015-12-17 08:13:37', 1, '2015-12-17 08:13:37', 1, 0),
(1775, 'lbEmployeePayment', 324, 1, '2015-12-17 08:13:37', 1, '2015-12-17 08:13:37', 1, 0),
(1776, 'lbEmployeePayment', 325, 1, '2015-12-17 08:13:37', 1, '2015-12-17 08:13:37', 1, 0),
(1777, 'lbEmployeePayment', 326, 1, '2015-12-17 08:16:25', 1, '2015-12-17 08:16:25', 1, 0),
(1778, 'lbEmployeePayment', 327, 1, '2015-12-17 08:16:25', 1, '2015-12-17 08:16:26', 1, 0),
(1779, 'lbEmployeePayment', 328, 1, '2015-12-17 08:16:26', 1, '2015-12-17 08:16:26', 1, 0),
(1780, 'lbEmployeePayment', 329, 1, '2015-12-17 08:16:26', 1, '2015-12-17 08:16:26', 1, 0),
(1781, 'lbEmployeePayment', 330, 1, '2015-12-17 08:16:26', 1, '2015-12-17 08:16:26', 1, 0),
(1782, 'lbEmployeePayment', 331, 1, '2015-12-17 08:16:26', 1, '2015-12-17 08:16:27', 1, 0),
(1783, 'lbEmployeePayment', 332, 1, '2015-12-17 08:16:27', 1, '2015-12-17 08:16:27', 1, 0),
(1784, 'lbEmployeePayment', 333, 1, '2015-12-17 08:16:27', 1, '2015-12-17 08:16:28', 1, 0),
(1785, 'lbEmployeePayment', 334, 1, '2015-12-17 08:16:28', 1, '2015-12-17 08:16:28', 1, 0),
(1786, 'lbEmployeePayment', 335, 1, '2015-12-17 08:16:28', 1, '2015-12-17 08:16:28', 1, 0),
(1787, 'lbEmployeePayment', 336, 1, '2015-12-17 08:19:49', 1, '2015-12-17 08:19:49', 1, 0),
(1788, 'lbEmployeePayment', 337, 1, '2015-12-17 08:19:49', 1, '2015-12-17 08:19:50', 1, 0),
(1789, 'lbEmployeePayment', 338, 1, '2015-12-17 08:22:08', 1, '2015-12-17 08:22:08', 1, 0),
(1790, 'lbEmployeePayment', 339, 1, '2015-12-17 08:22:09', 1, '2015-12-17 08:22:09', 1, 0),
(1791, 'lbEmployeePayment', 340, 1, '2015-12-17 08:22:09', 1, '2015-12-17 08:22:09', 1, 0),
(1792, 'lbEmployeePayment', 341, 1, '2015-12-17 08:22:10', 1, '2015-12-17 08:22:10', 1, 0),
(1793, 'lbEmployeePayment', 342, 1, '2015-12-17 08:22:10', 1, '2015-12-17 08:22:10', 1, 0),
(1794, 'lbEmployeePayment', 343, 1, '2015-12-17 08:22:11', 1, '2015-12-17 08:22:12', 1, 0),
(1795, 'lbEmployeePayment', 344, 1, '2015-12-17 08:29:45', 1, '2015-12-17 08:29:45', 1, 0),
(1796, 'lbEmployeePayment', 345, 1, '2015-12-17 08:29:45', 1, '2015-12-17 08:29:46', 1, 0),
(1797, 'lbEmployeePayment', 346, 1, '2015-12-17 08:29:46', 1, '2015-12-17 08:29:46', 1, 0),
(1798, 'lbEmployeePayment', 347, 1, '2015-12-17 08:41:58', 1, '2015-12-17 08:41:58', 1, 0),
(1799, 'lbEmployeePayment', 348, 1, '2015-12-17 08:41:59', 1, '2015-12-17 08:42:00', 1, 0),
(1800, 'lbEmployeePayment', 349, 1, '2015-12-17 08:43:42', 1, '2015-12-17 08:43:42', 1, 0),
(1801, 'lbEmployeePayment', 350, 1, '2015-12-17 08:43:42', 1, '2015-12-17 08:43:43', 1, 0),
(1802, 'lbEmployeePayment', 351, 1, '2015-12-17 08:43:43', 1, '2015-12-17 08:43:44', 1, 0),
(1803, 'lbEmployeePayment', 352, 1, '2015-12-17 08:43:44', 1, '2015-12-17 08:43:44', 1, 0),
(1804, 'lbEmployeePayment', 353, 1, '2015-12-17 08:44:28', 1, '2015-12-17 08:44:28', 1, 0),
(1805, 'lbEmployeePayment', 354, 1, '2015-12-17 08:44:28', 1, '2015-12-17 08:44:28', 1, 0),
(1806, 'lbEmployeePayment', 355, 1, '2015-12-17 08:45:14', 1, '2015-12-17 08:45:14', 1, 0),
(1807, 'lbEmployeePayment', 356, 1, '2015-12-17 08:45:14', 1, '2015-12-17 08:45:15', 1, 0),
(1808, 'lbEmployeePayment', 357, 1, '2015-12-17 08:47:02', 1, '2015-12-17 08:47:03', 1, 0),
(1809, 'lbEmployeePayment', 358, 1, '2015-12-17 08:47:03', 1, '2015-12-17 08:47:03', 1, 0),
(1810, 'lbEmployeePayment', 359, 1, '2015-12-17 08:47:03', 1, '2015-12-17 08:47:03', 1, 0),
(1811, 'lbEmployeePayment', 360, 1, '2015-12-17 08:49:08', 1, '2015-12-17 08:49:08', 1, 0),
(1812, 'lbEmployeePayment', 361, 1, '2015-12-17 08:49:08', 1, '2015-12-17 08:49:08', 1, 0),
(1813, 'lbEmployeePayment', 362, 1, '2015-12-17 08:49:08', 1, '2015-12-17 08:49:09', 1, 0),
(1814, 'lbEmployeePayment', 363, 1, '2015-12-17 08:50:14', 1, '2015-12-17 08:50:14', 1, 0),
(1815, 'lbEmployeePayment', 364, 1, '2015-12-17 08:50:14', 1, '2015-12-17 08:50:14', 1, 0),
(1816, 'lbEmployeePayment', 365, 1, '2015-12-17 08:50:54', 1, '2015-12-17 08:50:54', 1, 0),
(1817, 'lbEmployeePayment', 366, 1, '2015-12-17 08:50:54', 1, '2015-12-17 08:50:54', 1, 0),
(1818, 'lbEmployeePayment', 367, 1, '2015-12-17 08:50:54', 1, '2015-12-17 08:50:55', 1, 0),
(1819, 'lbEmployeePayment', 368, 1, '2015-12-17 08:50:55', 1, '2015-12-17 08:50:55', 1, 0),
(1820, 'lbEmployeePayment', 369, 1, '2015-12-17 08:52:39', 1, '2015-12-17 08:52:40', 1, 0),
(1821, 'lbEmployeePayment', 370, 1, '2015-12-17 08:52:40', 1, '2015-12-17 08:52:40', 1, 0),
(1822, 'lbEmployeePayment', 371, 1, '2015-12-17 08:53:53', 1, '2015-12-17 08:53:53', 1, 0),
(1823, 'lbEmployeePayment', 372, 1, '2015-12-17 08:53:53', 1, '2015-12-17 08:53:53', 1, 0),
(1824, 'lbEmployeePayment', 373, 1, '2015-12-17 08:53:54', 1, '2015-12-17 08:53:54', 1, 0),
(1825, 'lbEmployeePayment', 374, 1, '2015-12-17 08:53:54', 1, '2015-12-17 08:53:54', 1, 0),
(1826, 'lbEmployeePayment', 375, 1, '2015-12-17 09:28:06', 1, '2015-12-17 09:28:06', 1, 0),
(1827, 'lbEmployeePayment', 376, 1, '2015-12-17 09:28:06', 1, '2015-12-17 09:28:06', 1, 0),
(1828, 'lbEmployeePayment', 377, 1, '2015-12-17 09:28:07', 1, '2015-12-17 09:28:07', 1, 0),
(1829, 'lbEmployeePayment', 378, 1, '2015-12-17 09:28:07', 1, '2015-12-17 09:28:07', 1, 0),
(1830, 'lbEmployeePayment', 379, 1, '2015-12-17 09:28:07', 1, '2015-12-17 09:28:07', 1, 0),
(1831, 'lbEmployeePayment', 380, 1, '2015-12-17 09:28:08', 1, '2015-12-17 09:28:08', 1, 0),
(1832, 'lbEmployeePayment', 381, 1, '2015-12-17 09:28:08', 1, '2015-12-17 09:28:08', 1, 0),
(1833, 'lbEmployeePayment', 382, 1, '2015-12-17 09:28:08', 1, '2015-12-17 09:28:08', 1, 0),
(1834, 'lbEmployeePayment', 383, 1, '2015-12-17 09:28:08', 1, '2015-12-17 09:28:09', 1, 0),
(1835, 'lbEmployeePayment', 384, 1, '2015-12-17 09:28:09', 1, '2015-12-17 09:28:09', 1, 0),
(1836, 'lbEmployeePayment', 385, 1, '2015-12-17 09:55:17', 1, '2015-12-17 09:55:17', 1, 0),
(1837, 'lbEmployeePayment', 386, 1, '2015-12-17 09:55:18', 1, '2015-12-17 09:55:18', 1, 0),
(1838, 'lbEmployeePayment', 387, 1, '2015-12-17 09:55:18', 1, '2015-12-17 09:55:18', 1, 0),
(1839, 'lbEmployeePayment', 388, 1, '2015-12-17 09:55:18', 1, '2015-12-17 09:55:18', 1, 0),
(1840, 'lbEmployeePayment', 389, 1, '2015-12-17 09:55:18', 1, '2015-12-17 09:55:19', 1, 0),
(1841, 'lbEmployeePayment', 390, 1, '2015-12-17 09:55:19', 1, '2015-12-17 09:55:19', 1, 0),
(1842, 'lbEmployeePayment', 391, 1, '2015-12-17 09:55:19', 1, '2015-12-17 09:55:19', 1, 0),
(1843, 'lbEmployeePayment', 392, 1, '2015-12-17 09:55:19', 1, '2015-12-17 09:55:20', 1, 0),
(1844, 'lbEmployeePayment', 393, 1, '2015-12-17 09:55:20', 1, '2015-12-17 09:55:20', 1, 0),
(1845, 'lbEmployeePayment', 394, 1, '2015-12-17 09:55:20', 1, '2015-12-17 09:55:20', 1, 0),
(1846, 'lbEmployeePayment', 395, 1, '2015-12-17 10:09:17', 1, '2015-12-17 10:09:17', 1, 0),
(1847, 'lbEmployeePayment', 396, 1, '2015-12-17 10:09:17', 1, '2015-12-17 10:09:18', 1, 0),
(1848, 'lbEmployeePayment', 397, 1, '2015-12-17 10:09:18', 1, '2015-12-17 10:09:18', 1, 0),
(1849, 'lbEmployeePayment', 398, 1, '2015-12-17 10:09:18', 1, '2015-12-17 10:09:18', 1, 0),
(1850, 'lbEmployeePayment', 399, 1, '2015-12-17 10:09:18', 1, '2015-12-17 10:09:18', 1, 0),
(1851, 'lbEmployeePayment', 400, 1, '2015-12-17 10:09:18', 1, '2015-12-17 10:09:18', 1, 0),
(1852, 'lbEmployeePayment', 401, 1, '2015-12-17 10:09:19', 1, '2015-12-17 10:09:19', 1, 0),
(1853, 'lbEmployeePayment', 402, 1, '2015-12-17 10:09:19', 1, '2015-12-17 10:09:19', 1, 0),
(1854, 'lbEmployeePayment', 403, 1, '2015-12-17 10:09:19', 1, '2015-12-17 10:09:19', 1, 0),
(1855, 'lbEmployeePayment', 404, 1, '2015-12-17 10:09:19', 1, '2015-12-17 10:09:19', 1, 0),
(1856, 'lbEmployeePayment', 405, 1, '2015-12-17 10:12:10', 1, '2015-12-17 10:12:10', 1, 0),
(1857, 'lbEmployeePayment', 406, 1, '2015-12-17 10:12:10', 1, '2015-12-17 10:12:10', 1, 0),
(1858, 'lbEmployeePayment', 407, 1, '2015-12-17 10:12:10', 1, '2015-12-17 10:12:10', 1, 0),
(1859, 'lbEmployeePayment', 408, 1, '2015-12-17 10:12:10', 1, '2015-12-17 10:12:11', 1, 0),
(1860, 'lbEmployeePayment', 409, 1, '2015-12-17 10:38:23', 1, '2015-12-17 10:38:23', 1, 0),
(1861, 'lbEmployeePayment', 410, 1, '2015-12-17 10:38:23', 1, '2015-12-17 10:38:23', 1, 0),
(1862, 'lbEmployeePayment', 411, 1, '2015-12-18 03:08:57', 1, '2015-12-18 03:08:57', 1, 0),
(1863, 'lbEmployeePayment', 412, 1, '2015-12-18 03:08:57', 1, '2015-12-18 03:08:57', 1, 0),
(1864, 'lbEmployeePayment', 413, 1, '2015-12-18 03:08:58', 1, '2015-12-18 03:08:58', 1, 0),
(1865, 'lbEmployeePayment', 414, 1, '2015-12-18 03:18:21', 1, '2015-12-18 03:18:22', 1, 0),
(1866, 'lbEmployeePayment', 415, 1, '2015-12-18 03:18:22', 1, '2015-12-18 03:18:22', 1, 0),
(1867, 'lbEmployeePayment', 416, 1, '2015-12-18 03:22:43', 1, '2015-12-18 03:22:44', 1, 0),
(1868, 'lbEmployeePayment', 417, 1, '2015-12-18 03:22:44', 1, '2015-12-18 03:22:44', 1, 0),
(1869, 'lbEmployeePayment', 418, 1, '2015-12-18 03:32:30', 1, '2015-12-18 03:32:30', 1, 0),
(1870, 'lbEmployeePayment', 419, 1, '2015-12-18 03:32:30', 1, '2015-12-18 03:32:30', 1, 0),
(1871, 'lbEmployeePayment', 420, 1, '2015-12-18 03:32:30', 1, '2015-12-18 03:32:30', 1, 0),
(1872, 'lbEmployeePayment', 421, 1, '2015-12-18 03:33:10', 1, '2015-12-18 03:33:10', 1, 0),
(1873, 'lbEmployeePayment', 422, 1, '2015-12-18 03:33:11', 1, '2015-12-18 03:33:11', 1, 0),
(1874, 'lbEmployeePayment', 423, 1, '2015-12-18 04:20:59', 1, '2015-12-18 04:20:59', 1, 0),
(1875, 'lbEmployeePayment', 424, 1, '2015-12-18 04:20:59', 1, '2015-12-18 04:20:59', 1, 0),
(1876, 'lbEmployeePayment', 425, 1, '2015-12-18 04:23:48', 1, '2015-12-18 04:23:48', 1, 0),
(1877, 'lbEmployeePayment', 426, 1, '2015-12-18 04:23:48', 1, '2015-12-18 04:23:49', 1, 0),
(1878, 'lbEmployeePayment', 427, 1, '2015-12-18 08:38:31', 1, '2015-12-18 08:38:31', 1, 0),
(1879, 'lbEmployeePayment', 428, 1, '2015-12-18 08:38:31', 1, '2015-12-18 08:38:31', 1, 0),
(1880, 'lbEmployeePayment', 429, 1, '2015-12-18 08:38:32', 1, '2015-12-18 08:38:32', 1, 0),
(1881, 'lbEmployeePayment', 430, 1, '2015-12-18 08:38:32', 1, '2015-12-18 08:38:32', 1, 0),
(1882, 'lbEmployeePayment', 431, 1, '2015-12-18 09:27:54', 1, '2015-12-18 09:27:55', 1, 0),
(1883, 'lbEmployeePayment', 432, 1, '2015-12-18 09:34:21', 1, '2015-12-18 09:34:22', 1, 0),
(1884, 'lbPayment', 10, 1, '2015-12-21 05:37:45', 1, '2015-12-21 05:37:45', 1, 0),
(1885, 'lbPaymentItem', 10, 1, '2015-12-21 05:37:45', 1, '2015-12-21 05:37:45', 1, 0),
(1886, 'lbInvoice', 133, 1, '2016-01-12 11:02:59', 1, '2016-01-12 11:02:59', 1, 0),
(1887, 'lbInvoiceItem', 470, 1, '2016-01-12 11:02:59', 1, '2016-01-12 11:02:59', 1, 0),
(1888, 'lbInvoiceItem', 471, 1, '2016-01-12 11:03:03', 1, '2016-01-21 08:18:27', 1, 0),
(1889, 'lbInvoiceTotal', 202, 1, '2016-01-12 11:03:03', 1, '2016-01-12 11:03:03', 1, 0),
(1890, 'lbInvoice', 134, 1, '2016-01-12 11:51:05', 1, '2016-01-12 11:51:05', 1, 0),
(1891, 'lbInvoiceItem', 472, 1, '2016-01-12 11:51:06', 1, '2016-01-12 11:51:06', 1, 0),
(1892, 'lbInvoiceItem', 473, 1, '2016-01-12 11:51:07', 1, '2016-01-12 11:51:07', 1, 0),
(1893, 'lbInvoiceTotal', 203, 1, '2016-01-12 11:51:07', 1, '2016-01-12 11:51:07', 1, 0),
(1894, 'lbQuotation', 25, 1, '2016-01-12 11:51:24', 1, '2016-01-12 11:51:25', 1, 0),
(1895, 'lbQuotationItem', 25, 1, '2016-01-12 11:51:24', 1, '2016-01-12 11:51:24', 1, 0),
(1896, 'lbQuotationTax', 24, 1, '2016-01-12 11:51:25', 1, '2016-01-12 11:51:25', 1, 0),
(1897, 'lbQuotationTotal', 24, 1, '2016-01-12 11:51:25', 1, '2016-01-12 11:51:25', 1, 0),
(1898, 'lbInvoice', 135, 1, '2016-01-12 11:51:53', 1, '2016-01-12 11:51:53', 1, 0),
(1899, 'lbInvoiceItem', 474, 1, '2016-01-12 11:51:53', 1, '2016-01-12 11:51:53', 1, 0),
(1900, 'lbInvoiceItem', 475, 1, '2016-01-12 11:51:54', 1, '2016-01-12 11:51:54', 1, 0),
(1901, 'lbInvoiceTotal', 204, 1, '2016-01-12 11:51:55', 1, '2016-01-12 11:51:55', 1, 0),
(1902, 'lbInvoice', 136, 1, '2016-01-12 11:56:04', 1, '2016-01-12 11:56:04', 1, 0),
(1903, 'lbInvoiceItem', 476, 1, '2016-01-12 11:56:04', 1, '2016-01-12 11:56:04', 1, 0),
(1904, 'lbInvoiceItem', 477, 1, '2016-01-12 11:56:06', 1, '2016-01-12 11:56:06', 1, 0),
(1905, 'lbInvoiceTotal', 205, 1, '2016-01-12 11:56:06', 1, '2016-01-12 11:56:06', 1, 0),
(1906, 'lbInvoice', 137, 1, '2016-01-14 02:22:33', 1, '2016-01-14 02:22:33', 1, 0),
(1909, 'lbInvoiceTotal', 206, 1, '2016-01-14 02:22:42', 1, '2016-01-14 02:22:42', 1, 0),
(1910, 'lbInvoice', 138, 1, '2016-01-14 02:23:26', 1, '2016-01-14 02:23:26', 1, 0),
(1911, 'lbInvoiceItem', 480, 1, '2016-01-14 02:23:27', 1, '2016-01-14 02:23:27', 1, 0),
(1912, 'lbInvoiceItem', 481, 1, '2016-01-14 02:23:28', 1, '2016-01-14 02:23:28', 1, 0),
(1913, 'lbInvoiceTotal', 207, 1, '2016-01-14 02:23:29', 1, '2016-01-14 02:23:29', 1, 0),
(1914, 'lbInvoice', 139, 1, '2016-01-14 02:25:10', 1, '2016-01-14 02:25:10', 1, 0),
(1915, 'lbInvoiceItem', 482, 1, '2016-01-14 02:25:10', 1, '2016-01-14 02:25:10', 1, 0),
(1916, 'lbInvoiceItem', 483, 1, '2016-01-14 02:25:11', 1, '2016-01-14 02:25:11', 1, 0),
(1917, 'lbInvoiceTotal', 208, 1, '2016-01-14 02:25:11', 1, '2016-01-14 02:25:11', 1, 0),
(1918, 'lbInvoice', 140, 1, '2016-01-14 02:31:56', 1, '2016-01-14 02:31:56', 1, 0),
(1919, 'lbInvoiceItem', 484, 1, '2016-01-14 02:31:57', 1, '2016-01-14 02:31:57', 1, 0),
(1920, 'lbInvoiceItem', 485, 1, '2016-01-14 02:31:58', 1, '2016-01-14 02:31:58', 1, 0),
(1921, 'lbInvoiceTotal', 209, 1, '2016-01-14 02:31:59', 1, '2016-01-14 02:31:59', 1, 0),
(1922, 'lbQuotation', 26, 1, '2016-01-14 02:47:38', 1, '2016-01-14 02:47:40', 1, 0),
(1923, 'lbQuotationItem', 26, 1, '2016-01-14 02:47:39', 1, '2016-01-14 02:47:39', 1, 0),
(1924, 'lbQuotationTax', 25, 1, '2016-01-14 02:47:40', 1, '2016-01-14 02:47:40', 1, 0),
(1925, 'lbQuotationTotal', 25, 1, '2016-01-14 02:47:40', 1, '2016-01-14 02:47:40', 1, 0),
(1926, 'lbInvoice', 141, 1, '2016-01-14 02:53:46', 1, '2016-01-14 02:53:46', 1, 0),
(1927, 'lbInvoiceItem', 486, 1, '2016-01-14 02:53:46', 1, '2016-01-14 02:53:46', 1, 0),
(1928, 'lbInvoiceItem', 487, 1, '2016-01-14 02:53:47', 1, '2016-01-14 02:53:47', 1, 0),
(1929, 'lbInvoiceTotal', 210, 1, '2016-01-14 02:53:48', 1, '2016-01-14 02:53:48', 1, 0),
(1930, 'lbQuotation', 27, 1, '2016-01-14 02:55:57', 1, '2016-01-14 02:55:58', 1, 0),
(1931, 'lbQuotationItem', 27, 1, '2016-01-14 02:55:58', 1, '2016-01-14 02:55:58', 1, 0),
(1932, 'lbQuotationTax', 26, 1, '2016-01-14 02:55:58', 1, '2016-01-14 02:55:58', 1, 0),
(1933, 'lbQuotationTotal', 26, 1, '2016-01-14 02:55:58', 1, '2016-01-14 02:55:58', 1, 0),
(1934, 'lbInvoice', 142, 1, '2016-01-14 03:00:48', 1, '2016-01-14 03:00:48', 1, 0),
(1935, 'lbInvoiceItem', 488, 1, '2016-01-14 03:00:54', 1, '2016-01-14 03:00:54', 1, 0),
(1936, 'lbInvoice', 143, 1, '2016-01-14 03:01:19', 1, '2016-01-14 03:01:19', 1, 0),
(1937, 'lbQuotation', 28, 1, '2016-01-14 03:01:30', 1, '2016-01-14 03:01:30', 1, 0),
(1938, 'lbQuotationItem', 28, 1, '2016-01-14 03:01:32', 1, '2016-01-14 03:01:32', 1, 0),
(1939, 'lbInvoice', 144, 1, '2016-01-14 03:02:26', 1, '2016-01-14 03:02:26', 1, 0),
(1940, 'lbInvoiceItem', 491, 1, '2016-01-14 03:02:26', 1, '2016-01-14 03:02:26', 1, 0),
(1941, 'lbInvoiceItem', 492, 1, '2016-01-14 03:02:27', 1, '2016-01-14 03:02:27', 1, 0),
(1942, 'lbInvoiceTotal', 211, 1, '2016-01-14 03:02:29', 1, '2016-01-14 03:02:29', 1, 0),
(1943, 'lbQuotation', 29, 1, '2016-01-14 03:02:39', 1, '2016-01-14 03:02:40', 1, 0),
(1944, 'lbQuotationItem', 29, 1, '2016-01-14 03:02:39', 1, '2016-01-14 03:02:39', 1, 0),
(1945, 'lbQuotationTax', 28, 1, '2016-01-14 03:02:40', 1, '2016-01-14 03:02:40', 1, 0),
(1946, 'lbQuotationTotal', 27, 1, '2016-01-14 03:02:40', 1, '2016-01-14 03:02:40', 1, 0),
(1947, 'lbQuotation', 30, 1, '2016-01-14 03:18:37', 1, '2016-01-14 03:18:43', 1, 0),
(1948, 'lbQuotationItem', 30, 1, '2016-01-14 03:18:39', 1, '2016-01-14 03:18:39', 1, 0),
(1949, 'lbQuotationTax', 29, 1, '2016-01-14 03:18:41', 1, '2016-01-14 03:18:41', 1, 0),
(1950, 'lbQuotationTotal', 28, 1, '2016-01-14 03:18:42', 1, '2016-01-14 03:18:42', 1, 0),
(1951, 'lbQuotation', 31, 1, '2016-01-14 03:19:51', 1, '2016-01-14 03:20:03', 1, 0),
(1952, 'lbQuotationItem', 31, 1, '2016-01-14 03:19:54', 1, '2016-01-14 03:19:54', 1, 0),
(1953, 'lbQuotationTax', 30, 1, '2016-01-14 03:19:56', 1, '2016-01-14 03:19:56', 1, 0),
(1954, 'lbQuotationTotal', 29, 1, '2016-01-14 03:19:57', 1, '2016-01-14 03:19:57', 1, 0),
(1955, 'lbInvoice', 145, 1, '2016-01-14 03:20:39', 1, '2016-01-14 03:20:39', 1, 0),
(1956, 'lbInvoiceItem', 493, 1, '2016-01-14 03:20:45', 1, '2016-01-14 03:20:45', 1, 0),
(1957, 'lbInvoiceItem', 494, 1, '2016-01-14 03:20:53', 1, '2016-01-14 03:20:53', 1, 0),
(1958, 'lbInvoiceTotal', 212, 1, '2016-01-14 03:20:54', 1, '2016-01-14 03:20:54', 1, 0),
(1959, 'lbInvoice', 146, 1, '2016-01-14 03:24:03', 1, '2016-01-14 03:24:03', 1, 0),
(1960, 'lbInvoiceItem', 495, 1, '2016-01-14 03:24:03', 1, '2016-01-14 03:24:03', 1, 0),
(1961, 'lbInvoiceItem', 496, 1, '2016-01-14 03:24:04', 1, '2016-01-14 03:24:04', 1, 0),
(1962, 'lbInvoiceTotal', 213, 1, '2016-01-14 03:24:04', 1, '2016-01-14 03:24:04', 1, 0),
(1963, 'lbInvoice', 147, 1, '2016-01-14 03:30:51', 1, '2016-01-14 03:30:51', 1, 0),
(1964, 'lbInvoiceItem', 497, 1, '2016-01-14 03:30:51', 1, '2016-01-14 03:30:51', 1, 0),
(1965, 'lbInvoiceItem', 498, 1, '2016-01-14 03:30:53', 1, '2016-01-14 03:30:53', 1, 0),
(1966, 'lbInvoiceTotal', 214, 1, '2016-01-14 03:30:54', 1, '2016-01-14 03:30:54', 1, 0),
(1967, 'lbInvoice', 148, 1, '2016-01-14 03:56:24', 1, '2016-01-14 03:56:24', 1, 0),
(1968, 'lbInvoiceItem', 499, 1, '2016-01-14 03:56:25', 1, '2016-01-14 03:56:25', 1, 0),
(1969, 'lbInvoiceItem', 500, 1, '2016-01-14 03:56:25', 1, '2016-01-14 03:56:25', 1, 0),
(1970, 'lbInvoiceTotal', 215, 1, '2016-01-14 03:56:26', 1, '2016-01-14 03:56:26', 1, 0),
(1971, 'lbInvoice', 149, 1, '2016-01-14 05:01:54', 1, '2016-01-14 05:01:54', 1, 0),
(1972, 'lbInvoiceItem', 501, 1, '2016-01-14 05:01:54', 1, '2016-01-14 05:01:54', 1, 0),
(1973, 'lbInvoiceItem', 502, 1, '2016-01-14 05:01:55', 1, '2016-01-14 05:01:55', 1, 0),
(1974, 'lbInvoiceTotal', 216, 1, '2016-01-14 05:01:56', 1, '2016-01-14 05:01:56', 1, 0),
(1975, 'lbInvoice', 150, 1, '2016-01-14 05:14:29', 1, '2016-01-14 05:14:29', 1, 0),
(1976, 'lbInvoiceItem', 503, 1, '2016-01-14 05:14:29', 1, '2016-01-14 05:14:29', 1, 0),
(1977, 'lbInvoiceItem', 504, 1, '2016-01-14 05:14:29', 1, '2016-01-14 05:14:29', 1, 0),
(1978, 'lbInvoiceTotal', 217, 1, '2016-01-14 05:14:30', 1, '2016-01-14 05:14:30', 1, 0),
(1979, 'lbInvoice', 151, 1, '2016-01-14 05:33:09', 1, '2016-01-14 05:33:09', 1, 0),
(1980, 'lbInvoiceItem', 505, 1, '2016-01-14 05:33:09', 1, '2016-01-14 05:33:09', 1, 0),
(1981, 'lbInvoiceItem', 506, 1, '2016-01-14 05:33:11', 1, '2016-01-14 05:33:11', 1, 0),
(1982, 'lbInvoiceTotal', 218, 1, '2016-01-14 05:33:11', 1, '2016-01-14 05:33:11', 1, 0),
(1983, 'lbVendor', 4, 1, '2016-01-14 05:34:35', 1, '2016-01-14 05:34:35', 1, 0),
(1984, 'lbVendor', 5, 1, '2016-01-14 05:38:23', 1, '2016-01-14 05:38:23', 1, 0),
(1985, 'lbVendor', 6, 1, '2016-01-14 05:41:39', 1, '2016-01-14 05:41:39', 1, 0),
(1986, 'lbInvoice', 152, 1, '2016-01-14 05:45:41', 1, '2016-01-14 05:45:41', 1, 0),
(1987, 'lbInvoiceItem', 507, 1, '2016-01-14 05:45:41', 1, '2016-01-14 05:45:41', 1, 0),
(1988, 'lbInvoiceItem', 508, 1, '2016-01-14 05:45:42', 1, '2016-01-14 05:45:42', 1, 0),
(1989, 'lbInvoiceTotal', 219, 1, '2016-01-14 05:45:43', 1, '2016-01-14 05:45:43', 1, 0),
(1990, 'lbVendor', 7, 1, '2016-01-14 05:57:31', 1, '2016-01-14 05:57:31', 1, 0),
(1991, 'lbInvoice', 153, 1, '2016-01-14 09:24:21', 1, '2016-01-14 09:24:21', 1, 0),
(1992, 'lbInvoiceItem', 509, 1, '2016-01-14 09:24:22', 1, '2016-01-14 09:24:22', 1, 0),
(1993, 'lbInvoiceItem', 510, 1, '2016-01-14 09:24:23', 1, '2016-01-14 09:24:23', 1, 0),
(1994, 'lbInvoiceTotal', 220, 1, '2016-01-14 09:24:23', 1, '2016-01-14 09:24:23', 1, 0),
(1995, 'lbInvoice', 154, 1, '2016-01-14 09:27:42', 1, '2016-01-14 09:27:42', 1, 0),
(1996, 'lbInvoiceItem', 511, 1, '2016-01-14 09:27:42', 1, '2016-01-14 09:27:42', 1, 0),
(1997, 'lbInvoiceItem', 512, 1, '2016-01-14 09:27:43', 1, '2016-01-14 09:27:43', 1, 0),
(1998, 'lbInvoiceTotal', 221, 1, '2016-01-14 09:27:44', 1, '2016-01-14 09:27:44', 1, 0),
(1999, 'lbVendor', 8, 1, '2016-01-14 09:44:13', 1, '2016-01-14 09:44:13', 1, 0),
(2000, 'lbInvoice', 155, 1, '2016-01-14 09:52:55', 1, '2016-01-14 09:52:55', 1, 0),
(2001, 'lbInvoiceItem', 513, 1, '2016-01-14 09:52:55', 1, '2016-01-14 09:52:55', 1, 0),
(2002, 'lbInvoiceItem', 514, 1, '2016-01-14 09:52:56', 1, '2016-01-14 09:52:56', 1, 0),
(2003, 'lbInvoiceTotal', 222, 1, '2016-01-14 09:52:56', 1, '2016-01-14 09:52:56', 1, 0),
(2004, 'lbInvoice', 156, 1, '2016-01-14 10:53:17', 1, '2016-01-14 10:53:17', 1, 0),
(2005, 'lbInvoiceItem', 515, 1, '2016-01-14 10:53:18', 1, '2016-01-14 10:53:18', 1, 0),
(2006, 'lbInvoiceItem', 516, 1, '2016-01-14 10:53:19', 1, '2016-01-14 10:53:19', 1, 0),
(2007, 'lbInvoiceTotal', 223, 1, '2016-01-14 10:53:19', 1, '2016-01-14 10:53:19', 1, 0),
(2008, 'lbInvoice', 157, 1, '2016-01-18 03:37:48', 1, '2016-01-18 03:37:48', 1, 0),
(2011, 'lbInvoiceTotal', 224, 1, '2016-01-18 03:37:49', 1, '2016-01-21 09:33:10', 1, 0),
(2012, 'lbPayment', 11, 1, '2016-01-18 04:40:01', 1, '2016-01-18 04:40:01', 1, 0),
(2013, 'lbPaymentItem', 11, 1, '2016-01-18 04:40:01', 1, '2016-01-18 04:40:01', 1, 0),
(2014, 'lbInvoice', 158, 1, '2016-01-18 08:01:38', 1, '2016-01-18 08:01:38', 1, 0),
(2017, 'lbInvoiceTotal', 225, 1, '2016-01-18 08:01:40', 1, '2016-01-21 10:23:18', 1, 0),
(2018, 'lbVendor', 9, 1, '2016-01-18 08:14:32', 1, '2016-01-18 08:14:32', 1, 0),
(2019, 'lbInvoice', 159, 1, '2016-01-18 10:42:40', 1, '2016-01-18 10:42:40', 1, 0),
(2022, 'lbInvoiceTotal', 226, 1, '2016-01-18 10:42:42', 1, '2016-01-23 07:54:49', 1, 0),
(2023, 'lbInvoice', 160, 1, '2016-01-18 11:33:24', 1, '2016-01-18 11:33:24', 1, 0);
INSERT INTO `lb_core_entities` (`lb_record_primary_key`, `lb_entity_type`, `lb_entity_primary_key`, `lb_created_by`, `lb_created_date`, `lb_last_updated_by`, `lb_last_update`, `lb_subscription_id`, `lb_locked_from_deletion`) VALUES
(2026, 'lbInvoiceTotal', 227, 1, '2016-01-18 11:33:26', 1, '2016-01-23 08:14:42', 1, 0),
(2027, 'lbQuotation', 32, 1, '2016-01-18 11:38:16', 1, '2016-01-18 11:38:16', 1, 0),
(2028, 'lbQuotationItem', 32, 1, '2016-01-18 11:38:16', 1, '2016-01-18 11:38:16', 1, 0),
(2029, 'lbQuotationTax', 31, 1, '2016-01-18 11:38:16', 1, '2016-01-18 11:38:16', 1, 0),
(2030, 'lbQuotationTotal', 30, 1, '2016-01-18 11:38:16', 1, '2016-01-18 11:38:16', 1, 0),
(2031, 'lbInvoice', 157, 1, '2016-01-21 09:30:42', 1, '2016-01-21 09:30:42', 1, 0),
(2032, 'lbInvoiceItem', 517, 1, '2016-01-21 09:30:42', 1, '2016-01-21 09:30:42', 1, 0),
(2033, 'lbInvoiceItem', 518, 1, '2016-01-21 09:30:42', 1, '2016-01-21 09:30:42', 1, 0),
(2034, 'lbInvoiceTotal', 228, 1, '2016-01-21 09:30:43', 1, '2016-01-21 09:30:43', 1, 0),
(2035, 'lbInvoice', 158, 1, '2016-01-21 10:23:16', 1, '2016-01-21 10:23:16', 1, 0),
(2036, 'lbInvoiceItem', 519, 1, '2016-01-21 10:23:17', 1, '2016-01-21 10:23:17', 1, 0),
(2037, 'lbInvoiceItem', 520, 1, '2016-01-21 10:23:17', 1, '2016-01-21 10:23:17', 1, 0),
(2038, 'lbInvoiceTotal', 229, 1, '2016-01-21 10:23:18', 1, '2016-01-21 10:23:18', 1, 0),
(2039, 'lbVendor', 10, 1, '2016-01-21 12:04:22', 1, '2016-01-21 12:04:22', 1, 0),
(2040, 'lbInvoice', 159, 1, '2016-01-23 07:53:51', 1, '2016-01-23 07:53:51', 1, 0),
(2041, 'lbInvoiceItem', 521, 1, '2016-01-23 07:53:51', 1, '2016-01-23 07:53:51', 1, 0),
(2042, 'lbInvoiceItem', 522, 1, '2016-01-23 07:53:52', 1, '2016-01-23 07:53:52', 1, 0),
(2043, 'lbInvoiceTotal', 230, 1, '2016-01-23 07:53:53', 1, '2016-01-23 07:53:53', 1, 0),
(2044, 'lbInvoice', 160, 1, '2016-01-23 08:14:39', 1, '2016-01-23 08:14:39', 1, 0),
(2045, 'lbInvoiceItem', 523, 1, '2016-01-23 08:14:39', 1, '2016-01-23 08:14:39', 1, 0),
(2046, 'lbInvoiceItem', 524, 1, '2016-01-23 08:14:41', 1, '2016-01-23 08:14:41', 1, 0),
(2047, 'lbInvoiceTotal', 231, 1, '2016-01-23 08:14:41', 1, '2016-01-23 08:14:41', 1, 0),
(2048, 'lbInvoice', 161, 1, '2016-01-23 09:45:53', 1, '2016-01-23 09:45:53', 1, 0),
(2049, 'lbInvoiceItem', 525, 1, '2016-01-23 09:45:53', 1, '2016-01-23 09:45:53', 1, 0),
(2050, 'lbInvoiceItem', 526, 1, '2016-01-23 09:45:54', 1, '2016-01-23 09:45:54', 1, 0),
(2051, 'lbInvoiceTotal', 232, 1, '2016-01-23 09:45:55', 1, '2016-01-23 09:45:55', 1, 0),
(2052, 'lbQuotation', 33, 1, '2016-01-23 09:46:19', 1, '2016-01-23 09:46:19', 1, 0),
(2053, 'lbQuotationItem', 33, 1, '2016-01-23 09:46:19', 1, '2016-01-23 09:46:19', 1, 0),
(2054, 'lbQuotationTax', 32, 1, '2016-01-23 09:46:19', 1, '2016-01-23 09:46:19', 1, 0),
(2055, 'lbQuotationTotal', 31, 1, '2016-01-23 09:46:19', 1, '2016-01-23 09:46:19', 1, 0),
(2056, 'lbInvoice', 162, 1, '2016-01-28 05:04:02', 1, '2016-01-28 05:04:02', 1, 0),
(2057, 'lbInvoiceItem', 527, 1, '2016-01-28 05:04:03', 1, '2016-01-28 10:12:51', 1, 0),
(2058, 'lbInvoiceItem', 528, 1, '2016-01-28 05:04:05', 1, '2016-01-28 10:13:08', 1, 0),
(2059, 'lbInvoiceTotal', 233, 1, '2016-01-28 05:04:05', 1, '2016-01-28 05:04:05', 1, 0),
(2060, 'lbInvoice', 163, 1, '2016-01-28 05:22:50', 1, '2016-01-28 05:22:50', 1, 0),
(2061, 'lbInvoiceItem', 529, 1, '2016-01-28 05:22:50', 1, '2016-01-28 05:23:47', 1, 0),
(2062, 'lbInvoiceItem', 530, 1, '2016-01-28 05:22:52', 1, '2016-01-28 05:23:54', 1, 0),
(2063, 'lbInvoiceTotal', 234, 1, '2016-01-28 05:22:52', 1, '2016-01-28 05:22:52', 1, 0),
(2065, 'lbInvoice', 164, 1, '2016-01-28 10:22:31', 1, '2016-01-28 10:22:31', 1, 0),
(2066, 'lbInvoiceItem', 532, 1, '2016-01-28 10:22:31', 1, '2016-01-28 10:22:31', 1, 0),
(2067, 'lbInvoiceItem', 533, 1, '2016-01-28 10:22:32', 1, '2016-01-28 10:22:32', 1, 0),
(2068, 'lbInvoiceTotal', 235, 1, '2016-01-28 10:22:33', 1, '2016-01-28 10:22:33', 1, 0),
(2069, 'lbInvoice', 165, 1, '2016-01-28 10:26:02', 1, '2016-01-28 10:26:02', 1, 0),
(2070, 'lbInvoiceItem', 534, 1, '2016-01-28 10:26:03', 1, '2016-01-28 10:26:03', 1, 0),
(2071, 'lbInvoiceItem', 535, 1, '2016-01-28 10:26:04', 1, '2016-01-28 10:26:04', 1, 0),
(2072, 'lbInvoiceTotal', 236, 1, '2016-01-28 10:26:04', 1, '2016-01-28 10:26:04', 1, 0),
(2073, 'lbInvoice', 166, 1, '2016-01-28 10:26:27', 1, '2016-01-28 10:26:27', 1, 0),
(2074, 'lbInvoiceItem', 536, 1, '2016-01-28 10:26:27', 1, '2016-01-28 10:26:27', 1, 0),
(2075, 'lbInvoiceItem', 537, 1, '2016-01-28 10:26:28', 1, '2016-01-28 10:26:28', 1, 0),
(2076, 'lbInvoiceTotal', 237, 1, '2016-01-28 10:26:29', 1, '2016-01-28 10:26:29', 1, 0),
(2077, 'lbInvoice', 167, 1, '2016-01-28 10:29:12', 1, '2016-01-28 10:29:12', 1, 0),
(2078, 'lbInvoiceItem', 538, 1, '2016-01-28 10:29:14', 1, '2016-01-28 10:29:14', 1, 0),
(2079, 'lbInvoiceItem', 539, 1, '2016-01-28 10:29:15', 1, '2016-01-28 10:29:15', 1, 0),
(2080, 'lbInvoiceTotal', 238, 1, '2016-01-28 10:29:16', 1, '2016-01-28 10:29:16', 1, 0),
(2081, 'lbInvoice', 168, 1, '2016-01-28 10:36:58', 1, '2016-01-28 10:36:58', 1, 0),
(2082, 'lbInvoiceItem', 540, 1, '2016-01-28 10:36:59', 1, '2016-01-28 10:36:59', 1, 0),
(2083, 'lbInvoiceItem', 541, 1, '2016-01-28 10:37:00', 1, '2016-01-28 10:37:00', 1, 0),
(2084, 'lbInvoiceTotal', 239, 1, '2016-01-28 10:37:01', 1, '2016-01-28 10:37:01', 1, 0),
(2085, 'lbInvoice', 169, 1, '2016-01-28 10:37:31', 1, '2016-01-28 10:37:31', 1, 0),
(2086, 'lbInvoiceItem', 542, 1, '2016-01-28 10:37:31', 1, '2016-01-28 10:37:31', 1, 0),
(2087, 'lbInvoiceItem', 543, 1, '2016-01-28 10:37:32', 1, '2016-01-28 10:37:32', 1, 0),
(2088, 'lbInvoiceTotal', 240, 1, '2016-01-28 10:37:32', 1, '2016-01-28 10:37:32', 1, 0),
(2089, 'lbQuotation', 34, 1, '2016-01-29 04:05:39', 1, '2016-01-29 04:05:40', 1, 0),
(2090, 'lbQuotationItem', 34, 1, '2016-01-29 04:05:40', 1, '2016-01-29 04:05:40', 1, 0),
(2091, 'lbQuotationTax', 33, 1, '2016-01-29 04:05:40', 1, '2016-01-29 04:05:40', 1, 0),
(2092, 'lbQuotationTotal', 32, 1, '2016-01-29 04:05:40', 1, '2016-01-29 04:05:40', 1, 0),
(2093, 'lbInvoiceItem', 544, 1, '2016-01-30 07:57:20', 1, '2016-01-30 07:57:22', 1, 0),
(2094, 'lbQuotation', 35, 1, '2016-01-30 11:24:57', 1, '2016-01-30 11:24:58', 1, 0),
(2095, 'lbQuotationItem', 35, 1, '2016-01-30 11:24:57', 1, '2016-01-30 11:24:57', 1, 0),
(2096, 'lbQuotationTax', 34, 1, '2016-01-30 11:24:58', 1, '2016-01-30 11:24:58', 1, 0),
(2097, 'lbQuotationTotal', 33, 1, '2016-01-30 11:24:58', 1, '2016-01-30 11:24:58', 1, 0),
(2098, 'lbInvoice', 170, 1, '2016-01-30 11:25:26', 1, '2016-01-30 11:25:26', 1, 0),
(2099, 'lbInvoiceItem', 545, 1, '2016-01-30 11:25:26', 1, '2016-01-30 11:25:26', 1, 0),
(2100, 'lbInvoiceItem', 546, 1, '2016-01-30 11:25:27', 1, '2016-01-30 11:25:27', 1, 0),
(2101, 'lbInvoiceTotal', 241, 1, '2016-01-30 11:25:27', 1, '2016-01-30 11:25:27', 1, 0),
(2102, 'lbInvoice', 171, 1, '2016-02-01 05:10:14', 1, '2016-02-01 05:10:14', 1, 0),
(2105, 'lbInvoiceTotal', 242, 1, '2016-02-01 05:10:15', 1, '2016-02-01 05:10:15', 1, 0),
(2106, 'lbQuotation', 36, 1, '2016-02-01 05:10:55', 1, '2016-02-01 05:10:56', 1, 0),
(2107, 'lbQuotationItem', 36, 1, '2016-02-01 05:10:56', 1, '2016-02-01 05:10:56', 1, 0),
(2108, 'lbQuotationTax', 35, 1, '2016-02-01 05:10:56', 1, '2016-02-01 05:10:56', 1, 0),
(2109, 'lbQuotationTotal', 34, 1, '2016-02-01 05:10:56', 1, '2016-02-01 05:10:56', 1, 0),
(2110, 'lbInvoice', 172, 1, '2016-02-01 05:25:59', 1, '2016-02-01 05:25:59', 1, 0),
(2112, 'lbInvoiceItem', 550, 1, '2016-02-01 05:26:00', 1, '2016-02-01 10:32:10', 1, 0),
(2113, 'lbInvoiceTotal', 243, 1, '2016-02-01 05:26:00', 1, '2016-02-01 05:26:00', 1, 0),
(2114, 'lbCustomerAddress', 4, 1, '2016-02-01 05:39:48', 1, '2016-02-01 05:39:48', 1, 0),
(2115, 'lbPayment', 12, 1, '2016-02-01 05:40:22', 1, '2016-02-01 05:40:37', 1, 0),
(2116, 'lbPaymentItem', 12, 1, '2016-02-01 05:40:22', 1, '2016-02-01 05:40:43', 1, 0),
(2117, 'lbPayment', 13, 1, '2016-02-01 10:31:53', 1, '2016-02-01 10:31:53', 1, 0),
(2118, 'lbPaymentItem', 13, 1, '2016-02-01 10:31:53', 1, '2016-02-01 10:31:53', 1, 0),
(2119, 'lbPayment', 14, 1, '2016-02-01 10:46:39', 1, '2016-02-01 10:46:39', 1, 0),
(2120, 'lbPaymentItem', 14, 1, '2016-02-01 10:46:39', 1, '2016-02-01 10:46:39', 1, 0),
(2121, 'lbPayment', 15, 1, '2016-02-01 10:46:43', 1, '2016-02-01 10:46:43', 1, 0),
(2122, 'lbPaymentItem', 15, 1, '2016-02-01 10:46:43', 1, '2016-02-01 10:46:43', 1, 0),
(2123, 'lbInvoice', 173, 1, '2016-02-02 02:24:23', 1, '2016-02-02 02:24:23', 1, 0),
(2124, 'lbInvoiceItem', 551, 1, '2016-02-02 02:24:24', 1, '2016-02-02 02:24:24', 1, 0),
(2125, 'lbInvoiceItem', 552, 1, '2016-02-02 02:24:25', 1, '2016-02-02 02:24:25', 1, 0),
(2126, 'lbInvoiceTotal', 244, 1, '2016-02-02 02:24:25', 1, '2016-02-02 02:24:25', 1, 0),
(2127, 'lbInvoice', 174, 1, '2016-02-02 02:24:40', 1, '2016-02-02 02:24:40', 1, 0),
(2128, 'lbInvoiceItem', 553, 1, '2016-02-02 02:24:41', 1, '2016-02-02 02:24:41', 1, 0),
(2129, 'lbInvoiceItem', 554, 1, '2016-02-02 02:24:42', 1, '2016-02-02 02:24:42', 1, 0),
(2130, 'lbInvoiceTotal', 245, 1, '2016-02-02 02:24:42', 1, '2016-02-02 02:24:42', 1, 0),
(2131, 'lbQuotation', 37, 1, '2016-02-02 02:33:20', 1, '2016-02-02 02:33:21', 1, 0),
(2132, 'lbQuotationItem', 37, 1, '2016-02-02 02:33:20', 1, '2016-02-02 02:33:20', 1, 0),
(2133, 'lbQuotationTax', 36, 1, '2016-02-02 02:33:20', 1, '2016-02-02 02:33:20', 1, 0),
(2134, 'lbQuotationTotal', 35, 1, '2016-02-02 02:33:21', 1, '2016-02-02 02:33:21', 1, 0),
(2136, 'lbGenera', 3, 1, '2016-02-02 05:07:51', 1, '2016-02-02 05:07:51', 1, 0),
(2137, 'lbGenera', 4, 1, '2016-02-02 05:12:11', 1, '2016-02-02 05:12:11', 1, 0),
(2138, 'lbGenera', 5, 1, '2016-02-02 05:17:23', 1, '2016-02-02 05:17:23', 1, 0),
(2139, 'lbGenera', 6, 1, '2016-02-02 05:21:59', 1, '2016-02-02 05:21:59', 1, 0),
(2140, 'lbGenera', 7, 1, '2016-02-02 05:34:42', 1, '2016-02-02 05:34:42', 1, 0),
(2141, 'lbGenera', 8, 1, '2016-02-02 05:36:53', 1, '2016-02-02 05:36:53', 1, 0),
(2142, 'lbGenera', 9, 1, '2016-02-02 05:37:30', 1, '2016-02-02 05:37:30', 1, 0),
(2143, 'lbCustomerContact', 1, 1, '2016-02-02 05:38:12', 1, '2016-02-02 05:38:12', 1, 0),
(2144, 'lbGenera', 10, 1, '2016-02-02 05:45:45', 1, '2016-02-02 05:45:45', 1, 0),
(2145, 'lbGenera', 11, 1, '2016-02-02 05:47:13', 1, '2016-02-02 05:47:13', 1, 0),
(2146, 'lbGenera', 12, 1, '2016-02-02 05:48:03', 1, '2016-02-02 05:48:03', 1, 0),
(2147, 'lbGenera', 13, 1, '2016-02-02 06:00:38', 1, '2016-02-02 06:00:38', 1, 0),
(2148, 'lbQuotation', 38, 1, '2016-02-02 06:00:58', 1, '2016-02-02 08:57:25', 1, 0),
(2149, 'lbQuotationItem', 38, 1, '2016-02-02 06:00:58', 1, '2016-02-02 06:00:58', 1, 0),
(2150, 'lbQuotationTax', 37, 1, '2016-02-02 06:00:58', 1, '2016-02-02 06:00:58', 1, 0),
(2151, 'lbQuotationTotal', 36, 1, '2016-02-02 06:00:58', 1, '2016-02-02 06:00:58', 1, 0),
(2152, 'lbGenera', 14, 1, '2016-02-02 07:46:41', 1, '2016-02-02 07:46:41', 1, 0),
(2153, 'lbGenera', 15, 1, '2016-02-02 07:47:22', 1, '2016-02-02 07:47:22', 1, 0),
(2154, 'lbGenera', 16, 1, '2016-02-02 07:47:50', 1, '2016-02-02 07:47:50', 1, 0),
(2155, 'lbGenera', 17, 1, '2016-02-02 07:51:11', 1, '2016-02-02 07:51:11', 1, 0),
(2156, 'lbGenera', 18, 1, '2016-02-02 07:54:26', 1, '2016-02-02 07:54:26', 1, 0),
(2157, 'lbGenera', 19, 1, '2016-02-02 07:57:17', 1, '2016-02-02 07:57:17', 1, 0),
(2158, 'lbGenera', 20, 1, '2016-02-02 08:01:43', 1, '2016-02-02 08:01:43', 1, 0),
(2159, 'lbGenera', 21, 1, '2016-02-02 08:02:17', 1, '2016-02-02 08:02:17', 1, 0),
(2160, 'lbGenera', 22, 1, '2016-02-02 08:04:16', 1, '2016-02-02 08:04:16', 1, 0),
(2161, 'lbGenera', 23, 1, '2016-02-02 08:07:50', 1, '2016-02-02 08:07:50', 1, 0),
(2162, 'lbGenera', 24, 1, '2016-02-02 08:14:26', 1, '2016-02-02 08:14:26', 1, 0),
(2163, 'lbGenera', 25, 1, '2016-02-02 08:33:32', 1, '2016-02-02 08:33:32', 1, 0),
(2164, 'lbGenera', 26, 1, '2016-02-02 08:34:04', 1, '2016-02-02 08:34:04', 1, 0),
(2165, 'lbGenera', 27, 1, '2016-02-02 08:38:02', 1, '2016-02-02 08:38:02', 1, 0),
(2166, 'lbGenera', 28, 1, '2016-02-02 08:39:00', 1, '2016-02-02 08:39:00', 1, 0),
(2167, 'lbGenera', 29, 1, '2016-02-02 08:43:48', 1, '2016-02-02 08:43:48', 1, 0),
(2168, 'lbGenera', 30, 1, '2016-02-02 08:45:53', 1, '2016-02-02 08:45:53', 1, 0),
(2169, 'lbGenera', 31, 1, '2016-02-02 08:47:42', 1, '2016-02-02 08:47:42', 1, 0),
(2170, 'lbGenera', 32, 1, '2016-02-02 08:55:48', 1, '2016-02-02 08:55:48', 1, 0),
(2171, 'lbGenera', 33, 1, '2016-02-02 08:57:25', 1, '2016-02-02 08:57:25', 1, 0),
(2172, 'lbQuotationItem', 39, 1, '2016-02-03 04:37:01', 1, '2016-02-03 04:37:02', 1, 0),
(2173, 'lbInvoice', 175, 1, '2016-02-04 07:39:12', 1, '2016-02-04 07:39:12', 1, 0),
(2174, 'lbInvoiceItem', 555, 1, '2016-02-04 07:39:12', 1, '2016-02-19 08:54:00', 1, 0),
(2175, 'lbInvoiceItem', 556, 1, '2016-02-04 07:39:13', 1, '2016-02-19 08:54:09', 1, 0),
(2176, 'lbInvoiceTotal', 246, 1, '2016-02-04 07:39:13', 1, '2016-02-04 07:39:13', 1, 0),
(2177, 'lbInvoiceItem', 557, 1, '2016-02-19 08:53:56', 1, '2016-02-19 08:54:02', 1, 0),
(2178, 'lbInvoice', 176, 1, '2016-02-20 02:43:36', 1, '2016-02-20 02:43:36', 1, 0),
(2179, 'lbInvoiceItem', 558, 1, '2016-02-20 02:43:36', 1, '2016-02-20 02:43:36', 1, 0),
(2180, 'lbInvoiceItem', 559, 1, '2016-02-20 02:43:38', 1, '2016-02-20 02:43:38', 1, 0),
(2181, 'lbInvoiceTotal', 247, 1, '2016-02-20 02:43:38', 1, '2016-02-20 02:43:38', 1, 0),
(2182, 'lbInvoice', 177, 1, '2016-02-20 02:43:43', 1, '2016-02-20 02:43:43', 1, 0),
(2183, 'lbInvoiceItem', 560, 1, '2016-02-20 02:43:43', 1, '2016-02-20 02:43:43', 1, 0),
(2184, 'lbInvoiceItem', 561, 1, '2016-02-20 02:43:44', 1, '2016-02-20 02:44:23', 1, 0),
(2185, 'lbInvoiceTotal', 248, 1, '2016-02-20 02:43:45', 1, '2016-02-20 02:43:45', 1, 0),
(2186, 'lbInvoiceItem', 562, 1, '2016-02-20 02:57:37', 1, '2016-02-20 02:57:45', 1, 0),
(2187, 'lbInvoice', 1, 1, '2017-05-03 09:16:47', 1, '2017-05-03 09:16:47', 1, 0),
(2188, 'lbInvoiceItem', 1, 1, '2017-05-03 09:16:47', 1, '2017-05-03 09:16:47', 1, 0),
(2189, 'lbInvoiceItem', 2, 1, '2017-05-03 09:16:47', 1, '2017-05-03 09:16:47', 1, 0),
(2190, 'lbInvoiceTotal', 1, 1, '2017-05-03 09:16:47', 1, '2017-05-03 09:16:47', 1, 0);

-- --------------------------------------------------------

--
-- Table structure for table `lb_customers`
--

DROP TABLE IF EXISTS `lb_customers`;
CREATE TABLE `lb_customers` (
`lb_record_primary_key` int(11) NOT NULL,
  `lb_customer_name` varchar(255) COLLATE utf8_unicode_ci NOT NULL,
  `lb_customer_registration` varchar(100) COLLATE utf8_unicode_ci DEFAULT NULL,
  `lb_customer_tax_id` varchar(100) COLLATE utf8_unicode_ci DEFAULT NULL,
  `lb_customer_website_url` varchar(255) COLLATE utf8_unicode_ci DEFAULT NULL,
  `lb_customer_is_own_company` tinyint(1) NOT NULL COMMENT 'only allow ONE per subscription'
) ENGINE=InnoDB DEFAULT CHARSET=utf8 COLLATE=utf8_unicode_ci AUTO_INCREMENT=1 ;

-- --------------------------------------------------------

--
-- Table structure for table `lb_customer_addresses`
--

DROP TABLE IF EXISTS `lb_customer_addresses`;
CREATE TABLE `lb_customer_addresses` (
`lb_record_primary_key` int(11) NOT NULL,
  `lb_customer_id` int(11) NOT NULL,
  `lb_customer_address_line_1` varchar(255) COLLATE utf8_unicode_ci NOT NULL,
  `lb_customer_address_line_2` varchar(255) COLLATE utf8_unicode_ci DEFAULT NULL,
  `lb_customer_address_city` varchar(100) COLLATE utf8_unicode_ci DEFAULT NULL,
  `lb_customer_address_state` varchar(100) COLLATE utf8_unicode_ci DEFAULT NULL,
  `lb_customer_address_country` varchar(100) COLLATE utf8_unicode_ci DEFAULT NULL,
  `lb_customer_address_postal_code` varchar(20) COLLATE utf8_unicode_ci DEFAULT NULL,
  `lb_customer_address_website_url` varchar(255) COLLATE utf8_unicode_ci DEFAULT NULL,
  `lb_customer_address_phone_1` varchar(50) COLLATE utf8_unicode_ci DEFAULT NULL,
  `lb_customer_address_phone_2` varchar(50) COLLATE utf8_unicode_ci DEFAULT NULL,
  `lb_customer_address_fax` varchar(50) COLLATE utf8_unicode_ci DEFAULT NULL,
  `lb_customer_address_email` varchar(100) COLLATE utf8_unicode_ci DEFAULT NULL,
  `lb_customer_address_note` varchar(255) COLLATE utf8_unicode_ci DEFAULT NULL,
  `lb_customer_address_is_active` tinyint(1) NOT NULL,
  `lb_customer_address_is_billing` tinyint(1) NOT NULL
) ENGINE=InnoDB DEFAULT CHARSET=utf8 COLLATE=utf8_unicode_ci AUTO_INCREMENT=1 ;

-- --------------------------------------------------------

--
-- Table structure for table `lb_customer_address_contacts`
--

DROP TABLE IF EXISTS `lb_customer_address_contacts`;
CREATE TABLE `lb_customer_address_contacts` (
`lb_record_primary_key` int(11) NOT NULL,
  `lb_customer_address_id` int(11) NOT NULL,
  `lb_customer_contact_id` int(11) NOT NULL
) ENGINE=InnoDB DEFAULT CHARSET=utf8 COLLATE=utf8_unicode_ci AUTO_INCREMENT=1 ;

-- --------------------------------------------------------

--
-- Table structure for table `lb_customer_contacts`
--

DROP TABLE IF EXISTS `lb_customer_contacts`;
CREATE TABLE `lb_customer_contacts` (
`lb_record_primary_key` int(11) NOT NULL,
  `lb_customer_id` int(11) DEFAULT NULL,
  `lb_customer_contact_first_name` varchar(50) COLLATE utf8_unicode_ci NOT NULL,
  `lb_customer_contact_last_name` varchar(50) COLLATE utf8_unicode_ci NOT NULL,
  `lb_customer_contact_office_phone` varchar(50) COLLATE utf8_unicode_ci DEFAULT NULL,
  `lb_customer_contact_office_fax` varchar(50) COLLATE utf8_unicode_ci DEFAULT NULL,
  `lb_customer_contact_mobile` varchar(50) COLLATE utf8_unicode_ci DEFAULT NULL,
  `lb_customer_contact_email_1` varchar(100) COLLATE utf8_unicode_ci DEFAULT NULL,
  `lb_customer_contact_email_2` varchar(100) COLLATE utf8_unicode_ci DEFAULT NULL,
  `lb_customer_contact_note` varchar(255) COLLATE utf8_unicode_ci DEFAULT NULL,
  `lb_customer_contact_is_active` tinyint(1) NOT NULL
) ENGINE=InnoDB DEFAULT CHARSET=utf8 COLLATE=utf8_unicode_ci AUTO_INCREMENT=1 ;

-- --------------------------------------------------------

--
-- Table structure for table `lb_default_note`
--

DROP TABLE IF EXISTS `lb_default_note`;
CREATE TABLE `lb_default_note` (
`lb_record_primary_key` int(11) NOT NULL,
  `lb_default_note_quotation` longtext NOT NULL,
  `lb_default_note_invoice` longtext NOT NULL
) ENGINE=InnoDB  DEFAULT CHARSET=latin1 AUTO_INCREMENT=2 ;

--
-- Dumping data for table `lb_default_note`
--

INSERT INTO `lb_default_note` (`lb_record_primary_key`, `lb_default_note_quotation`, `lb_default_note_invoice`) VALUES
(1, '', '');

-- --------------------------------------------------------

--
-- Table structure for table `lb_define_permission`
--

DROP TABLE IF EXISTS `lb_define_permission`;
CREATE TABLE `lb_define_permission` (
`define_permission_id` int(11) NOT NULL,
  `module_id` int(11) NOT NULL,
  `define_permission_name` varchar(100) NOT NULL,
  `define_description` varchar(255) NOT NULL,
  `define_permission_hidden` int(1) NOT NULL
) ENGINE=InnoDB DEFAULT CHARSET=latin1 AUTO_INCREMENT=1 ;

-- --------------------------------------------------------

--
-- Table structure for table `lb_documents`
--

DROP TABLE IF EXISTS `lb_documents`;
CREATE TABLE `lb_documents` (
`lb_record_primary_key` int(11) NOT NULL,
  `lb_document_parent_type` varchar(255) NOT NULL,
  `lb_document_parent_id` int(11) NOT NULL,
  `lb_account_id` int(11) NOT NULL,
  `lb_document_url` varchar(255) NOT NULL,
  `lb_document_name` varchar(255) NOT NULL,
  `lb_document_uploaded_datetime` datetime NOT NULL,
  `lb_document_encoded_name` varchar(255) NOT NULL
) ENGINE=MyISAM DEFAULT CHARSET=utf8 AUTO_INCREMENT=1 ;

-- --------------------------------------------------------

--
-- Table structure for table `lb_employee`
--

DROP TABLE IF EXISTS `lb_employee`;
CREATE TABLE `lb_employee` (
`lb_record_primary_key` int(11) NOT NULL,
  `lowest_salary` decimal(10,2) NOT NULL,
  `employee_name` varchar(255) CHARACTER SET utf8 COLLATE utf8_unicode_ci NOT NULL,
  `employee_address` text CHARACTER SET utf8 COLLATE utf8_unicode_ci NOT NULL,
  `employee_birthday` date NOT NULL,
  `employee_phone_1` int(11) NOT NULL,
  `employee_phone_2` int(11) NOT NULL,
  `employee_email_1` varchar(255) NOT NULL,
  `employee_email_2` varchar(255) NOT NULL,
  `employee_code` varchar(255) NOT NULL,
  `employee_tax` varchar(255) NOT NULL,
  `employee_bank` text NOT NULL,
  `employee_note` text NOT NULL,
  `employee_salary` decimal(10,2) NOT NULL
) ENGINE=InnoDB  DEFAULT CHARSET=latin1 AUTO_INCREMENT=67 ;

--
-- Dumping data for table `lb_employee`
--

INSERT INTO `lb_employee` (`lb_record_primary_key`, `lowest_salary`, `employee_name`, `employee_address`, `employee_birthday`, `employee_phone_1`, `employee_phone_2`, `employee_email_1`, `employee_email_2`, `employee_code`, `employee_tax`, `employee_bank`, `employee_note`, `employee_salary`) VALUES
(11, 0.00, 'Hoang thi nhu', 'nghi xuan-nghi loc-nghe an', '2010-02-02', 112546789, 1234, 'nhuht@linxhq1.com', 'nhuht@linxhq2.com', '', '1', '-uorw\r\n-234', 'test', 0.00),
(12, 0.00, 'Hoang thi nhu2', 'nghi xuan-nghi loc-nghe an', '2010-02-02', 12345, 1234, 'nhuht@linxhq1.com', 'nhuht@linxhq2.com', '', '1', '-uorw\r\n-234', 'test note', 2976.00),
(13, 0.00, 'Nguyen Van Thng', 'om', '2015-10-07', 12443, 123455555, '453434', 'thongnv@linxhq.com', '?ewe?ewe', '123', '?ewe', '?ewe?ewe', 0.00),
(23, 0.00, 'qqqq', 'eeeeeeee', '2015-10-28', 222222222, 0, 'abc@gmail.com', '', '', '', '', '', 0.00),
(24, 0.00, 'Pham Nhung', 'Hoang hoa tham, tay ho', '1992-02-28', 12454685, 0, 'abc@gmail.com', '', '', '', '', '', 0.00),
(62, 0.00, 'Trn Minh Trang', 'Hai B Trng', '2015-12-11', 112546789, 0, 'abc@gmail.com', '', '', '', 'bank', 'note', 0.00),
(63, 0.00, 'dsadsa', 'xvxc', '0000-00-00', 0, 0, '', '', '', '', '', '', 0.00),
(64, 0.00, 'sfdsfd', '', '0000-00-00', 0, 0, '', '', '', '', '', '', 0.00),
(65, 0.00, 'dsdxccx', '', '0000-00-00', 0, 0, '', '', '', '', '', '', 0.00),
(66, 0.00, 'vnbvmvb', '', '0000-00-00', 0, 0, '', '', '', '', '', '', 0.00);

-- --------------------------------------------------------

--
-- Table structure for table `lb_employee_benefits`
--

DROP TABLE IF EXISTS `lb_employee_benefits`;
CREATE TABLE `lb_employee_benefits` (
`lb_record_primary_key` int(11) NOT NULL,
  `employee_id` int(11) NOT NULL,
  `benefit_name` varchar(255) NOT NULL,
  `benefit_tax` decimal(10,2) NOT NULL,
  `benefit_amount` decimal(10,2) NOT NULL
) ENGINE=InnoDB  DEFAULT CHARSET=latin1 AUTO_INCREMENT=60 ;

--
-- Dumping data for table `lb_employee_benefits`
--

INSERT INTO `lb_employee_benefits` (`lb_record_primary_key`, `employee_id`, `benefit_name`, `benefit_tax`, `benefit_amount`) VALUES
(1, 1, 'test2123', 0.00, 12.00),
(2, 1, 'err', 0.00, 34.00),
(3, 11, '', 0.00, 100.00),
(4, 12, 'Bao hiem y te', 0.00, 100.00),
(5, 12, 'Bao hiem than the', 0.00, 124.00),
(6, 13, 'test qwe', 0.00, 12.00),
(7, 13, 'testxghdfg', 0.00, 30.00),
(8, 13, 'twewtfsdg', 0.00, 20.00),
(14, 23, '3', 0.00, 500.00),
(15, 23, '3', 0.00, 600.00),
(16, 23, '7', 0.00, 275.00),
(17, 24, '7', 0.00, 150000.00),
(18, 24, '8', 0.00, 500000.00),
(57, 62, '7', 0.00, 1500.00),
(58, 62, '8', 0.00, 1500.00),
(59, 11, '3', 0.00, 150.00);

-- --------------------------------------------------------

--
-- Table structure for table `lb_employee_payment`
--

DROP TABLE IF EXISTS `lb_employee_payment`;
CREATE TABLE `lb_employee_payment` (
`lb_record_primary_key` int(11) NOT NULL,
  `employee_id` int(11) NOT NULL,
  `payment_date` date NOT NULL,
  `payment_paid` decimal(10,2) NOT NULL,
  `payment_oustanding` decimal(10,2) NOT NULL,
  `payment_status` int(11) NOT NULL,
  `payment_note` varchar(255) NOT NULL,
  `payment_created_by` int(11) NOT NULL,
  `payment_for_month` date NOT NULL,
  `payment_month` int(11) NOT NULL,
  `payment_year` int(11) NOT NULL
) ENGINE=InnoDB  DEFAULT CHARSET=latin1 AUTO_INCREMENT=433 ;

--
-- Dumping data for table `lb_employee_payment`
--

INSERT INTO `lb_employee_payment` (`lb_record_primary_key`, `employee_id`, `payment_date`, `payment_paid`, `payment_oustanding`, `payment_status`, `payment_note`, `payment_created_by`, `payment_for_month`, `payment_month`, `payment_year`) VALUES
(22, 12, '2015-10-15', 200.00, 0.00, 2, '', 1, '0000-00-00', 10, 2015),
(23, 12, '2015-10-15', 200.00, 0.00, 2, '', 1, '0000-00-00', 10, 2015),
(28, 12, '2015-10-15', 400.00, 0.00, 2, '', 1, '0000-00-00', 10, 2015),
(34, 12, '2015-10-15', 112.00, 0.00, 2, '', 1, '0000-00-00', 6, 2011),
(35, 12, '2015-10-15', 112.00, 0.00, 2, '', 1, '0000-00-00', 6, 2011),
(36, 12, '2015-10-15', 176.00, 0.00, 2, 'test23123', 1, '0000-00-00', 10, 2015),
(37, 11, '2015-10-16', 200.00, 0.00, 2, 'test note', 1, '0000-00-00', 10, 2015),
(38, 13, '2015-10-16', 98.00, 0.00, 2, 'testgdfgdgrftdfdfgd', 1, '0000-00-00', 10, 2015),
(39, 13, '2015-10-16', 98.00, 0.00, 2, 'testgdfgdgrftdfdfgd', 1, '0000-00-00', 10, 2015),
(40, 13, '2015-10-16', 98.00, 0.00, 2, 'testgdfgdgrftdfdfgd', 1, '0000-00-00', 10, 2015),
(41, 13, '2015-10-16', 4.00, 0.00, 2, 'hhfg', 1, '0000-00-00', 6, 2014),
(42, 13, '2015-10-16', 4.00, 0.00, 2, 'hhfg', 1, '0000-00-00', 6, 2014),
(43, 13, '2015-10-16', 4.00, 0.00, 2, 'hhfg', 1, '0000-00-00', 6, 2014),
(44, 13, '2015-10-16', 4.00, 0.00, 2, 'sdsdsd', 1, '0000-00-00', 10, 2015),
(45, 13, '2015-10-16', 4.00, 0.00, 2, 'sdsdsd', 1, '0000-00-00', 10, 2015),
(46, 13, '2015-10-16', 4.00, 0.00, 2, 'sdsdsd', 1, '0000-00-00', 10, 2015),
(47, 11, '2015-10-16', 100.00, 0.00, 2, 're', 1, '0000-00-00', 1, 2014),
(48, 11, '2015-10-16', 100.00, 0.00, 2, 're', 1, '0000-00-00', 1, 2014),
(49, 11, '2015-10-16', 100.00, 0.00, 2, 're', 1, '0000-00-00', 1, 2014),
(50, 13, '2015-10-16', 3.00, 0.00, 2, '', 1, '0000-00-00', 10, 2015),
(51, 13, '2015-10-16', 3.00, 0.00, 2, '', 1, '0000-00-00', 10, 2015),
(52, 13, '2015-10-16', 3.00, 0.00, 2, '', 1, '0000-00-00', 10, 2015),
(53, 11, '2015-10-16', 100.00, 0.00, 2, '', 1, '0000-00-00', 10, 2015),
(54, 11, '2015-10-16', 800.00, 0.00, 2, '', 1, '0000-00-00', 2, 2010),
(55, 11, '2015-10-16', 800.00, 0.00, 2, '', 1, '0000-00-00', 10, 2015),
(56, 13, '2015-10-16', 83.00, 0.00, 2, '', 1, '0000-00-00', 7, 2014),
(57, 13, '2015-10-16', 3.00, 0.00, 2, '', 1, '0000-00-00', 10, 2015),
(58, 13, '2015-10-16', 12.00, 0.00, 2, '', 1, '0000-00-00', 6, 2010),
(59, 11, '2015-10-16', 120.00, 0.00, 2, '', 1, '0000-00-00', 3, 2011),
(60, 12, '2015-10-23', 500.00, 0.00, 2, '', 1, '0000-00-00', 10, 2015),
(61, 12, '2015-10-23', 500.00, 0.00, 2, '', 1, '0000-00-00', 10, 2015),
(62, 11, '2015-10-23', 300.00, 0.00, 2, '', 1, '0000-00-00', 10, 2015),
(63, 12, '2015-10-23', 0.00, 0.00, 2, '300', 1, '0000-00-00', 10, 2015),
(64, 12, '2015-10-23', 300.00, 0.00, 2, '', 1, '0000-00-00', 10, 2015),
(65, 12, '2015-10-28', 100.00, 0.00, 2, '', 1, '0000-00-00', 10, 2015),
(66, 13, '2015-10-29', 80.00, 0.00, 2, '', 1, '0000-00-00', 10, 2015),
(67, 13, '2015-10-29', 80.00, 0.00, 2, '', 1, '0000-00-00', 10, 2015),
(68, 23, '2015-10-29', 625.00, 0.00, 2, '', 1, '0000-00-00', 10, 2015),
(427, 11, '2015-12-18', 450.00, 0.00, 1, 'thanh toan lan 1', 1, '0000-00-00', 12, 2015),
(428, 12, '2015-12-18', 476.00, 0.00, 1, 'thanh toan lan 1', 1, '0000-00-00', 12, 2015),
(429, 13, '2015-12-18', 198.00, 0.00, 2, 'thanh toan lan 1', 1, '0000-00-00', 12, 2015),
(430, 23, '2015-12-18', 625.00, 0.00, 2, 'thanh toan lan 1', 1, '0000-00-00', 12, 2015),
(431, 62, '2015-12-18', 500.00, 0.00, 2, '', 1, '0000-00-00', 12, 2015),
(432, 24, '2015-12-18', 850000.00, 0.00, 2, 'thanh toan lan 1', 1, '0000-00-00', 12, 2015);

-- --------------------------------------------------------

--
-- Table structure for table `lb_employee_salary`
--

DROP TABLE IF EXISTS `lb_employee_salary`;
CREATE TABLE `lb_employee_salary` (
`lb_record_primary_key` int(11) NOT NULL,
  `employee_id` int(11) NOT NULL,
  `salary_name` varchar(255) NOT NULL,
  `salary_amount` decimal(10,2) NOT NULL
) ENGINE=InnoDB  DEFAULT CHARSET=latin1 AUTO_INCREMENT=61 ;

--
-- Dumping data for table `lb_employee_salary`
--

INSERT INTO `lb_employee_salary` (`lb_record_primary_key`, `employee_id`, `salary_name`, `salary_amount`) VALUES
(1, 4, 'nhyurrtn ', 1230.00),
(2, 4, 'sdadsa', 12323.00),
(3, 4, 'dfsfsd', 111.00),
(4, 4, 'test123', 11234.00),
(6, 5, 'erwerw', 344.00),
(10, 8, 'test123', 12.00),
(11, 8, 'test1243', 23.00),
(12, 8, 'test123', 12.00),
(13, 8, 'test1243', 23.00),
(15, 9, 'tertet', 23434.00),
(17, 9, 'tedst', 12.00),
(18, 9, 'test2', 23.00),
(19, 1, 'test1', 12.00),
(21, 1, 'test123', 1000.00),
(22, 11, 'Luong co ban', 1000.00),
(23, 11, 'Luong them', 2000.00),
(24, 11, 'Phu cap', 200.00),
(25, 12, 'Luong co ban', 1000.00),
(26, 12, 'Luong them', 2000.00),
(27, 12, 'Phu cap', 200.00),
(28, 13, 'test1', 10.00),
(29, 13, 'test2', 20.00),
(30, 13, 'test3', 30.00),
(31, 13, 'a thong ham', 1200.00),
(42, 23, '4', 10000.00),
(43, 23, '5', 2000.00),
(54, 23, '6', 500.00),
(55, 23, '5', 500.00),
(56, 24, '4', 5000000.00),
(57, 24, '5', 500000.00),
(58, 62, '4', 5000.00),
(59, 62, '5', 500.00),
(60, 62, '6', 500.00);

-- --------------------------------------------------------

--
-- Table structure for table `lb_expenses`
--

DROP TABLE IF EXISTS `lb_expenses`;
CREATE TABLE `lb_expenses` (
`lb_record_primary_key` int(11) NOT NULL,
  `lb_category_id` int(11) NOT NULL,
  `lb_expenses_no` varchar(50) NOT NULL,
  `lb_expenses_amount` decimal(10,2) NOT NULL,
  `lb_expenses_date` date NOT NULL,
  `lb_expenses_recurring_id` int(11) DEFAULT NULL,
  `lb_expenses_bank_account_id` int(11) DEFAULT NULL,
  `lb_expenses_note` varchar(500) DEFAULT NULL
) ENGINE=MyISAM  DEFAULT CHARSET=utf8 AUTO_INCREMENT=4 ;

--
-- Dumping data for table `lb_expenses`
--

INSERT INTO `lb_expenses` (`lb_record_primary_key`, `lb_category_id`, `lb_expenses_no`, `lb_expenses_amount`, `lb_expenses_date`, `lb_expenses_recurring_id`, `lb_expenses_bank_account_id`, `lb_expenses_note`) VALUES
(1, 1, 'E-20150000001', 100.00, '2015-09-05', NULL, NULL, 'test'),
(2, 1, 'E-20150000002', 500.00, '2015-09-21', NULL, NULL, ''),
(3, 1, 'E-20150000003', 500.00, '2015-09-21', NULL, NULL, '');

-- --------------------------------------------------------

--
-- Table structure for table `lb_expenses_customer`
--

DROP TABLE IF EXISTS `lb_expenses_customer`;
CREATE TABLE `lb_expenses_customer` (
`lb_record_primary_key` int(11) NOT NULL,
  `lb_expenses_id` int(11) NOT NULL,
  `lb_customer_id` int(11) NOT NULL
) ENGINE=MyISAM  DEFAULT CHARSET=utf8 AUTO_INCREMENT=151 ;

--
-- Dumping data for table `lb_expenses_customer`
--

INSERT INTO `lb_expenses_customer` (`lb_record_primary_key`, `lb_expenses_id`, `lb_customer_id`) VALUES
(107, 1, 11),
(106, 1, 8),
(105, 1, 97),
(104, 1, 38),
(140, 3, 37),
(134, 3, 8),
(133, 3, 88),
(127, 3, 102),
(132, 3, 83),
(108, 1, 98),
(109, 1, 11),
(110, 1, 13),
(111, 1, 15),
(103, 1, 36),
(129, 3, 39),
(67, 1, 95),
(123, 2, 66),
(122, 2, 58),
(121, 2, 6),
(120, 2, 88),
(119, 2, 83),
(97, 2, 8),
(96, 2, 26),
(131, 3, 103),
(141, 1, 104),
(93, 2, 95),
(92, 2, 93),
(91, 2, 89),
(142, 1, 10),
(143, 1, 11),
(144, 1, 12),
(112, 1, 16),
(145, 1, 13),
(146, 1, 15),
(147, 1, 6),
(148, 1, 24),
(149, 3, 6),
(150, 3, 8);

-- --------------------------------------------------------

--
-- Table structure for table `lb_expenses_invoice`
--

DROP TABLE IF EXISTS `lb_expenses_invoice`;
CREATE TABLE `lb_expenses_invoice` (
`lb_record_primary_key` int(11) NOT NULL,
  `lb_expenses_id` int(11) NOT NULL,
  `lb_invoice_id` int(11) NOT NULL
) ENGINE=MyISAM  DEFAULT CHARSET=utf8 AUTO_INCREMENT=92 ;

--
-- Dumping data for table `lb_expenses_invoice`
--

INSERT INTO `lb_expenses_invoice` (`lb_record_primary_key`, `lb_expenses_id`, `lb_invoice_id`) VALUES
(57, 3, 202),
(47, 3, 159),
(64, 3, 206),
(66, 3, 208),
(67, 3, 157),
(91, 1, 154),
(90, 1, 153),
(89, 1, 150),
(88, 1, 147),
(84, 1, 152),
(83, 1, 149),
(82, 1, 146),
(53, 1, 177),
(81, 1, 212),
(43, 2, 154),
(68, 3, 97),
(69, 3, 181),
(52, 1, 173),
(70, 3, 211),
(78, 2, 114),
(79, 2, 211),
(54, 1, 181),
(55, 2, 197),
(80, 2, 160);

-- --------------------------------------------------------

--
-- Table structure for table `lb_expenses_tax`
--

DROP TABLE IF EXISTS `lb_expenses_tax`;
CREATE TABLE `lb_expenses_tax` (
`lb_record_primary_key` int(11) NOT NULL,
  `lb_expenses_id` int(11) NOT NULL,
  `lb_tax_id` int(11) NOT NULL,
  `lb_expenses_tax_total` decimal(10,2) NOT NULL
) ENGINE=MyISAM DEFAULT CHARSET=utf8 AUTO_INCREMENT=1 ;

-- --------------------------------------------------------

--
-- Table structure for table `lb_genera`
--

DROP TABLE IF EXISTS `lb_genera`;
CREATE TABLE `lb_genera` (
`lb_record_primary_key` int(11) NOT NULL,
  `lb_genera_currency_symbol` varchar(100) NOT NULL,
  `lb_thousand_separator` varchar(50) NOT NULL,
  `lb_decimal_symbol` varchar(50) NOT NULL
) ENGINE=InnoDB  DEFAULT CHARSET=latin1 AUTO_INCREMENT=35 ;

--
-- Dumping data for table `lb_genera`
--

INSERT INTO `lb_genera` (`lb_record_primary_key`, `lb_genera_currency_symbol`, `lb_thousand_separator`, `lb_decimal_symbol`) VALUES
(1, '$', ',', '.'),
(19, 'USD', ',', '.'),
(20, 'euro', ',', '.'),
(21, 'vnd', ',', '.'),
(22, 'hguyhg', ',', '.'),
(23, 'dtasr', ',', '.'),
(24, 'yyyy', ',', '.'),
(25, 'ytuy', ',', '.'),
(26, 'errttr', ',', '.'),
(27, 'trrrr', ',', '.'),
(28, 't', ',', '.'),
(29, 'k', ',', '.'),
(30, 'r', 't', 'y'),
(31, 'w', ',', '.'),
(32, 'wr', ',', '.'),
(33, 'u', 'h', ','),
(34, '$', ',', '.');

-- --------------------------------------------------------

--
-- Table structure for table `lb_invoices`
--

DROP TABLE IF EXISTS `lb_invoices`;
CREATE TABLE `lb_invoices` (
`lb_record_primary_key` int(11) NOT NULL,
  `lb_invoice_group` char(60) COLLATE utf8_unicode_ci NOT NULL COMMENT 'INVOICE, QUOTATION',
  `lb_generated_from_quotation_id` int(11) DEFAULT NULL,
  `lb_invoice_no` varchar(50) COLLATE utf8_unicode_ci NOT NULL,
  `lb_invoice_date` date NOT NULL,
  `lb_invoice_due_date` date DEFAULT NULL,
  `lb_invoice_company_id` int(11) DEFAULT NULL COMMENT 'owner company',
  `lb_invoice_company_address_id` int(11) DEFAULT NULL,
  `lb_invoice_customer_id` int(11) DEFAULT NULL,
  `lb_invoice_customer_address_id` int(11) DEFAULT NULL,
  `lb_invoice_attention_contact_id` int(11) DEFAULT NULL,
  `lb_invoice_subject` varchar(255) COLLATE utf8_unicode_ci DEFAULT NULL,
  `lb_invoice_note` longtext COLLATE utf8_unicode_ci,
  `lb_invoice_status_code` char(60) COLLATE utf8_unicode_ci DEFAULT NULL,
  `lb_invoice_encode` varchar(300) COLLATE utf8_unicode_ci NOT NULL,
  `lb_quotation_id` int(11) NOT NULL,
  `lb_invoice_internal_note` longtext COLLATE utf8_unicode_ci NOT NULL,
  `lb_invoice_term_id` int(11) NOT NULL,
  `lb_invoice_currency` int(11) NOT NULL
) ENGINE=InnoDB  DEFAULT CHARSET=utf8 COLLATE=utf8_unicode_ci AUTO_INCREMENT=2 ;

--
-- Dumping data for table `lb_invoices`
--

INSERT INTO `lb_invoices` (`lb_record_primary_key`, `lb_invoice_group`, `lb_generated_from_quotation_id`, `lb_invoice_no`, `lb_invoice_date`, `lb_invoice_due_date`, `lb_invoice_company_id`, `lb_invoice_company_address_id`, `lb_invoice_customer_id`, `lb_invoice_customer_address_id`, `lb_invoice_attention_contact_id`, `lb_invoice_subject`, `lb_invoice_note`, `lb_invoice_status_code`, `lb_invoice_encode`, `lb_quotation_id`, `lb_invoice_internal_note`, `lb_invoice_term_id`, `lb_invoice_currency`) VALUES
(1, 'INVOICE', NULL, 'Draft', '2017-05-03', '2017-05-03', 91, NULL, NULL, NULL, NULL, NULL, '', 'I_DRAFT', 'OWM0RHNRbDg3RDI=', 0, '', 0, 0);

-- --------------------------------------------------------

--
-- Table structure for table `lb_invoice_items`
--

DROP TABLE IF EXISTS `lb_invoice_items`;
CREATE TABLE `lb_invoice_items` (
`lb_record_primary_key` int(11) NOT NULL,
  `lb_invoice_id` int(11) NOT NULL,
  `lb_invoice_item_type` char(60) COLLATE utf8_unicode_ci NOT NULL COMMENT 'LINE_ITEM, DISCOUNT, TAX',
  `lb_invoice_item_description` varchar(255) COLLATE utf8_unicode_ci DEFAULT NULL,
  `lb_invoice_item_quantity` decimal(10,2) NOT NULL DEFAULT '0.00',
  `lb_invoice_item_value` decimal(10,2) NOT NULL DEFAULT '0.00',
  `lb_invoice_item_total` decimal(10,2) NOT NULL DEFAULT '0.00'
) ENGINE=InnoDB  DEFAULT CHARSET=utf8 COLLATE=utf8_unicode_ci AUTO_INCREMENT=3 ;

--
-- Dumping data for table `lb_invoice_items`
--

INSERT INTO `lb_invoice_items` (`lb_record_primary_key`, `lb_invoice_id`, `lb_invoice_item_type`, `lb_invoice_item_description`, `lb_invoice_item_quantity`, `lb_invoice_item_value`, `lb_invoice_item_total`) VALUES
(1, 1, 'LINE', NULL, 1.00, 0.00, 0.00),
(2, 1, 'TAX', 'null', 1.00, 0.00, 0.00);

-- --------------------------------------------------------

--
-- Table structure for table `lb_invoice_item_templates`
--

DROP TABLE IF EXISTS `lb_invoice_item_templates`;
CREATE TABLE `lb_invoice_item_templates` (
`lb_record_primary_key` int(11) NOT NULL,
  `lb_item_title` varchar(255) DEFAULT NULL,
  `lb_item_description` longtext NOT NULL,
  `lb_item_unit_price` decimal(10,2) NOT NULL DEFAULT '0.00'
) ENGINE=InnoDB  DEFAULT CHARSET=latin1 AUTO_INCREMENT=2 ;

--
-- Dumping data for table `lb_invoice_item_templates`
--

INSERT INTO `lb_invoice_item_templates` (`lb_record_primary_key`, `lb_item_title`, `lb_item_description`, `lb_item_unit_price`) VALUES
(1, '', 'eee', 0.00);

-- --------------------------------------------------------

--
-- Table structure for table `lb_invoice_totals`
--

DROP TABLE IF EXISTS `lb_invoice_totals`;
CREATE TABLE `lb_invoice_totals` (
`lb_record_primary_key` int(11) NOT NULL,
  `lb_invoice_id` int(11) NOT NULL,
  `lb_invoice_revision_id` int(11) NOT NULL COMMENT '0 for latest',
  `lb_invoice_subtotal` decimal(10,2) NOT NULL DEFAULT '0.00',
  `lb_invoice_total_after_discounts` decimal(10,2) NOT NULL DEFAULT '0.00',
  `lb_invoice_total_after_taxes` decimal(10,2) NOT NULL DEFAULT '0.00',
  `lb_invoice_total_paid` decimal(10,2) NOT NULL DEFAULT '0.00',
  `lb_invoice_total_outstanding` decimal(10,2) NOT NULL DEFAULT '0.00'
) ENGINE=InnoDB  DEFAULT CHARSET=utf8 COLLATE=utf8_unicode_ci AUTO_INCREMENT=2 ;

--
-- Dumping data for table `lb_invoice_totals`
--

INSERT INTO `lb_invoice_totals` (`lb_record_primary_key`, `lb_invoice_id`, `lb_invoice_revision_id`, `lb_invoice_subtotal`, `lb_invoice_total_after_discounts`, `lb_invoice_total_after_taxes`, `lb_invoice_total_paid`, `lb_invoice_total_outstanding`) VALUES
(1, 1, 0, 0.00, 0.00, 0.00, 0.00, 0.00);

-- --------------------------------------------------------

--
-- Table structure for table `lb_language_user`
--

DROP TABLE IF EXISTS `lb_language_user`;
CREATE TABLE `lb_language_user` (
`lb_record_primary_key` int(11) NOT NULL,
  `lb_language_name` varchar(255) COLLATE utf8_unicode_ci NOT NULL,
  `lb_user_id` int(11) NOT NULL,
  `invite_id` int(11) NOT NULL
) ENGINE=InnoDB  DEFAULT CHARSET=utf8 COLLATE=utf8_unicode_ci AUTO_INCREMENT=9 ;

--
-- Dumping data for table `lb_language_user`
--

INSERT INTO `lb_language_user` (`lb_record_primary_key`, `lb_language_name`, `lb_user_id`, `invite_id`) VALUES
(1, 'en', 1, 0),
(2, 'en', 1, 0),
(3, 'en', 1, 0),
(4, 'en', 1, 0),
(5, 'en', 1, 0),
(6, 'en', 1, 0),
(7, 'en', 1, 0),
(8, 'en', 1, 0);

-- --------------------------------------------------------

--
-- Table structure for table `lb_modules`
--

DROP TABLE IF EXISTS `lb_modules`;
CREATE TABLE `lb_modules` (
`lb_record_primary_key` int(11) NOT NULL,
  `module_directory` varchar(100) NOT NULL,
  `module_name` varchar(100) NOT NULL,
  `module_text` varchar(100) NOT NULL,
  `modules_description` varchar(255) NOT NULL,
  `module_hidden` int(1) NOT NULL,
  `module_order` int(11) NOT NULL
) ENGINE=InnoDB  DEFAULT CHARSET=latin1 AUTO_INCREMENT=8 ;

--
-- Dumping data for table `lb_modules`
--

INSERT INTO `lb_modules` (`lb_record_primary_key`, `module_directory`, `module_name`, `module_text`, `modules_description`, `module_hidden`, `module_order`) VALUES
(1, 'lbContract', 'Contracts', 'CONTRACTS', '', 1, 1),
(2, 'lbCustomer', 'Customers', 'CUSTOMERS', '', 1, 2),
(3, 'lbExpenses', 'Expenses', 'EXPENSES', '', 1, 3),
(4, 'lbInvoice', 'Invoices', 'INVOCIES', '', 1, 4),
(5, 'lbPayment', 'Payments', 'PAYMENTS', '', 1, 5),
(6, 'lbQuotation', 'Quotations', 'QUOTATIONS', '', 1, 6),
(7, 'lbReport', 'Reports', 'REPORTS', '', 1, 7);

-- --------------------------------------------------------

--
-- Table structure for table `lb_next_ids`
--

DROP TABLE IF EXISTS `lb_next_ids`;
CREATE TABLE `lb_next_ids` (
`lb_record_primary_key` int(11) NOT NULL,
  `lb_next_invoice_number` int(11) NOT NULL,
  `lb_next_quotation_number` int(11) NOT NULL,
  `lb_next_payment_number` int(11) NOT NULL,
  `lb_next_contract_number` int(11) NOT NULL,
  `lb_next_expenses_number` int(11) NOT NULL,
  `lb_next_po_number` int(11) NOT NULL,
  `lb_next_supplier_invoice_number` int(11) NOT NULL,
  `	lb_next_supplier_payment_number` int(11) NOT NULL,
  `lb_next_supplier_payment_number` int(11) NOT NULL,
  `lb_next_pv_number` int(11) NOT NULL,
  `lb_payment_vendor_number` int(11) NOT NULL
) ENGINE=InnoDB  DEFAULT CHARSET=utf8 COLLATE=utf8_unicode_ci AUTO_INCREMENT=2 ;

--
-- Dumping data for table `lb_next_ids`
--

INSERT INTO `lb_next_ids` (`lb_record_primary_key`, `lb_next_invoice_number`, `lb_next_quotation_number`, `lb_next_payment_number`, `lb_next_contract_number`, `lb_next_expenses_number`, `lb_next_po_number`, `lb_next_supplier_invoice_number`, `	lb_next_supplier_payment_number`, `lb_next_supplier_payment_number`, `lb_next_pv_number`, `lb_payment_vendor_number`) VALUES
(1, 64, 2, 1, 1, 4, 1, 1, 0, 1, 35, 0);

-- --------------------------------------------------------

--
-- Table structure for table `lb_payment`
--

DROP TABLE IF EXISTS `lb_payment`;
CREATE TABLE `lb_payment` (
`lb_record_primary_key` int(11) unsigned NOT NULL,
  `lb_payment_customer_id` int(10) unsigned NOT NULL,
  `lb_payment_no` varchar(100) COLLATE utf8_unicode_ci DEFAULT NULL,
  `lb_payment_method` int(11) NOT NULL,
  `lb_payment_date` date NOT NULL,
  `lb_payment_notes` varchar(255) COLLATE utf8_unicode_ci DEFAULT NULL,
  `lb_payment_total` decimal(10,2) DEFAULT NULL
) ENGINE=InnoDB DEFAULT CHARSET=utf8 COLLATE=utf8_unicode_ci AUTO_INCREMENT=1 ;

-- --------------------------------------------------------

--
-- Table structure for table `lb_payments`
--

DROP TABLE IF EXISTS `lb_payments`;
CREATE TABLE `lb_payments` (
`id` int(11) NOT NULL,
  `txn_id` varchar(200) NOT NULL,
  `user_id` int(11) NOT NULL,
  `paypal_id` varchar(250) NOT NULL,
  `created_at` varchar(250) NOT NULL
) ENGINE=MyISAM DEFAULT CHARSET=utf8 AUTO_INCREMENT=1 ;

-- --------------------------------------------------------

--
-- Table structure for table `lb_payment_item`
--

DROP TABLE IF EXISTS `lb_payment_item`;
CREATE TABLE `lb_payment_item` (
`lb_record_primary_key` int(11) unsigned NOT NULL,
  `lb_payment_id` int(11) unsigned NOT NULL,
  `lb_invoice_id` int(11) unsigned NOT NULL,
  `lb_payment_item_note` varchar(255) COLLATE utf8_unicode_ci DEFAULT NULL,
  `lb_payment_item_amount` decimal(10,2) DEFAULT NULL
) ENGINE=InnoDB DEFAULT CHARSET=utf8 COLLATE=utf8_unicode_ci AUTO_INCREMENT=1 ;

-- --------------------------------------------------------

--
-- Table structure for table `lb_payment_vendor`
--

DROP TABLE IF EXISTS `lb_payment_vendor`;
CREATE TABLE `lb_payment_vendor` (
`lb_record_primary_key` int(11) NOT NULL,
  `lb_payment_vendor_customer_id` int(11) NOT NULL,
  `lb_payment_vendor_no` varchar(100) NOT NULL,
  `lb_payment_vendor_method` int(11) NOT NULL,
  `lb_payment_vendor_date` date NOT NULL,
  `lb_payment_vendor_notes` varchar(255) NOT NULL,
  `lb_payment_vendor_total` decimal(10,2) NOT NULL
) ENGINE=InnoDB DEFAULT CHARSET=latin1 AUTO_INCREMENT=1 ;

-- --------------------------------------------------------

--
-- Table structure for table `lb_payment_vendor_invoice`
--

DROP TABLE IF EXISTS `lb_payment_vendor_invoice`;
CREATE TABLE `lb_payment_vendor_invoice` (
`lb_record_primary_key` int(11) NOT NULL,
  `lb_payment_id` int(11) NOT NULL,
  `lb_vendor_invoice_id` int(11) NOT NULL,
  `lb_payment_item_note` varchar(100) NOT NULL,
  `lb_payment_item_amount` decimal(10,2) NOT NULL
) ENGINE=InnoDB DEFAULT CHARSET=latin1 AUTO_INCREMENT=1 ;

-- --------------------------------------------------------

--
-- Table structure for table `lb_payment_voucher`
--

DROP TABLE IF EXISTS `lb_payment_voucher`;
CREATE TABLE `lb_payment_voucher` (
`lb_record_primary_key` int(11) NOT NULL,
  `lb_pv_company_id` int(11) NOT NULL,
  `lb_pv_company_address_id` int(11) NOT NULL,
  `lb_payment_voucher_no` varchar(100) NOT NULL,
  `lb_pv_title` varchar(255) NOT NULL,
  `lb_pv_description` varchar(255) NOT NULL,
  `lb_pv_create_by` int(11) NOT NULL,
  `lb_pv_date` date NOT NULL
) ENGINE=InnoDB  DEFAULT CHARSET=latin1 AUTO_INCREMENT=3 ;

--
-- Dumping data for table `lb_payment_voucher`
--

INSERT INTO `lb_payment_voucher` (`lb_record_primary_key`, `lb_pv_company_id`, `lb_pv_company_address_id`, `lb_payment_voucher_no`, `lb_pv_title`, `lb_pv_description`, `lb_pv_create_by`, `lb_pv_date`) VALUES
(1, 0, 0, 'PV-20150000001', '', '', 1, '2015-09-09'),
(2, 91, 0, 'PV-20160000031', '', '', 1, '2016-01-21');

-- --------------------------------------------------------

--
-- Table structure for table `lb_pv_expenses`
--

DROP TABLE IF EXISTS `lb_pv_expenses`;
CREATE TABLE `lb_pv_expenses` (
`lb_record_primary_key` int(11) NOT NULL,
  `lb_payment_voucher_id` int(11) NOT NULL,
  `lb_expenses_id` int(11) NOT NULL
) ENGINE=InnoDB  DEFAULT CHARSET=latin1 AUTO_INCREMENT=4 ;

--
-- Dumping data for table `lb_pv_expenses`
--

INSERT INTO `lb_pv_expenses` (`lb_record_primary_key`, `lb_payment_voucher_id`, `lb_expenses_id`) VALUES
(1, 1, 1),
(2, 2, 1),
(3, 2, 2);

-- --------------------------------------------------------

--
-- Table structure for table `lb_quotation`
--

DROP TABLE IF EXISTS `lb_quotation`;
CREATE TABLE `lb_quotation` (
`lb_record_primary_key` int(11) NOT NULL,
  `lb_company_id` int(11) DEFAULT NULL,
  `lb_company_address_id` int(11) DEFAULT NULL,
  `lb_quotation_customer_id` int(11) DEFAULT NULL,
  `lb_quotation_customer_address_id` int(11) DEFAULT NULL,
  `lb_quotation_attention_id` int(11) DEFAULT NULL,
  `lb_quotation_no` varchar(50) DEFAULT NULL,
  `lb_quotation_date` date DEFAULT NULL,
  `lb_quotation_due_date` date DEFAULT NULL,
  `lb_quotation_subject` varchar(255) DEFAULT NULL,
  `lb_quotation_note` longtext,
  `lb_quotation_status` char(20) DEFAULT NULL,
  `lb_quotation_term` int(11) NOT NULL,
  `lb_quotation_currency` int(11) NOT NULL,
  `lb_quotation_encode` varchar(255) DEFAULT NULL,
  `lb_quotation_internal_note` longtext NOT NULL
) ENGINE=InnoDB DEFAULT CHARSET=latin1 AUTO_INCREMENT=1 ;

-- --------------------------------------------------------

--
-- Table structure for table `lb_quotation_discount`
--

DROP TABLE IF EXISTS `lb_quotation_discount`;
CREATE TABLE `lb_quotation_discount` (
`lb_record_primary_key` int(11) NOT NULL,
  `lb_quotation_id` int(11) NOT NULL,
  `lb_quotation_discount_description` varchar(255) NOT NULL,
  `lb_quotation_discount_value` decimal(10,2) NOT NULL,
  `lb_quotation_discount_total` decimal(10,2) NOT NULL
) ENGINE=InnoDB DEFAULT CHARSET=latin1 AUTO_INCREMENT=1 ;

-- --------------------------------------------------------

--
-- Table structure for table `lb_quotation_item`
--

DROP TABLE IF EXISTS `lb_quotation_item`;
CREATE TABLE `lb_quotation_item` (
`lb_record_primary_key` int(11) NOT NULL,
  `lb_quotation_id` int(11) NOT NULL,
  `lb_quotation_item_description` text NOT NULL,
  `lb_quotation_item_quantity` decimal(10,2) NOT NULL,
  `lb_quotation_item_price` decimal(10,2) NOT NULL,
  `lb_quotation_item_total` decimal(10,2) NOT NULL
) ENGINE=InnoDB DEFAULT CHARSET=latin1 AUTO_INCREMENT=1 ;

-- --------------------------------------------------------

--
-- Table structure for table `lb_quotation_tax`
--

DROP TABLE IF EXISTS `lb_quotation_tax`;
CREATE TABLE `lb_quotation_tax` (
`lb_record_primary_key` int(11) NOT NULL,
  `lb_quotation_id` int(11) NOT NULL,
  `lb_quotation_tax_id` int(11) NOT NULL,
  `lb_quotation_tax_value` decimal(10,2) NOT NULL,
  `lb_quotation_tax_total` decimal(10,2) NOT NULL
) ENGINE=InnoDB DEFAULT CHARSET=latin1 AUTO_INCREMENT=1 ;

-- --------------------------------------------------------

--
-- Table structure for table `lb_quotation_total`
--

DROP TABLE IF EXISTS `lb_quotation_total`;
CREATE TABLE `lb_quotation_total` (
`lb_record_primary_key` int(11) NOT NULL,
  `lb_quotation_id` int(11) NOT NULL,
  `lb_quotation_subtotal` decimal(10,2) NOT NULL,
  `lb_quotation_total_after_discount` decimal(10,2) NOT NULL,
  `lb_quotation_total_after_tax` decimal(10,2) NOT NULL,
  `lb_quotation_total_after_total` decimal(10,2) NOT NULL
) ENGINE=InnoDB DEFAULT CHARSET=latin1 AUTO_INCREMENT=1 ;

-- --------------------------------------------------------

--
-- Table structure for table `lb_roles`
--

DROP TABLE IF EXISTS `lb_roles`;
CREATE TABLE `lb_roles` (
`lb_record_primary_key` int(11) NOT NULL,
  `role_name` varchar(100) NOT NULL,
  `role_description` varchar(255) NOT NULL
) ENGINE=InnoDB DEFAULT CHARSET=latin1 AUTO_INCREMENT=1 ;

-- --------------------------------------------------------

--
-- Table structure for table `lb_roles_basic_permission`
--

DROP TABLE IF EXISTS `lb_roles_basic_permission`;
CREATE TABLE `lb_roles_basic_permission` (
`role_basic_permission_id` int(11) NOT NULL,
  `role_id` int(11) NOT NULL,
  `module_id` int(11) NOT NULL,
  `basic_permission_id` int(11) NOT NULL,
  `basic_permission_status` int(1) NOT NULL
) ENGINE=InnoDB DEFAULT CHARSET=latin1 AUTO_INCREMENT=1 ;

-- --------------------------------------------------------

--
-- Table structure for table `lb_roles_define_permission`
--

DROP TABLE IF EXISTS `lb_roles_define_permission`;
CREATE TABLE `lb_roles_define_permission` (
`role_define_permission_id` int(11) NOT NULL,
  `define_permission_id` int(11) NOT NULL,
  `role_id` int(11) NOT NULL,
  `define_permission_status` int(1) NOT NULL,
  `module_id` int(11) NOT NULL
) ENGINE=InnoDB DEFAULT CHARSET=latin1 AUTO_INCREMENT=1 ;

-- --------------------------------------------------------

--
-- Table structure for table `lb_subscription`
--

DROP TABLE IF EXISTS `lb_subscription`;
CREATE TABLE `lb_subscription` (
`subscription_id` int(11) NOT NULL,
  `subscription_name` varchar(255) NOT NULL,
  `subscription_cycle` int(11) NOT NULL,
  `subscription_value` varchar(255) NOT NULL
) ENGINE=MyISAM DEFAULT CHARSET=utf8 AUTO_INCREMENT=1 ;

-- --------------------------------------------------------

--
-- Table structure for table `lb_sys_accounts`
--

DROP TABLE IF EXISTS `lb_sys_accounts`;
CREATE TABLE `lb_sys_accounts` (
`account_id` int(11) NOT NULL,
  `account_email` char(255) NOT NULL,
  `account_password` char(255) NOT NULL,
  `account_created_date` datetime NOT NULL,
  `account_timezone` varchar(255) DEFAULT NULL,
  `account_language` varchar(255) DEFAULT NULL,
  `account_status` tinyint(1) NOT NULL
) ENGINE=InnoDB  DEFAULT CHARSET=utf8 AUTO_INCREMENT=9 ;

--
-- Dumping data for table `lb_sys_accounts`
--

INSERT INTO `lb_sys_accounts` (`account_id`, `account_email`, `account_password`, `account_created_date`, `account_timezone`, `account_language`, `account_status`) VALUES
(1, 'admin', '$2a$13$QYHbE/G.3O7TBZ4QStbj6.WNCXKnI9XHVfBF3glFC1ZIYGqNztzOq', '2015-09-04 20:42:28', NULL, NULL, 1);

-- --------------------------------------------------------

--
-- Table structure for table `lb_sys_account_invitations`
--

DROP TABLE IF EXISTS `lb_sys_account_invitations`;
CREATE TABLE `lb_sys_account_invitations` (
`account_invitation_id` int(11) NOT NULL,
  `account_invitation_master_id` int(11) NOT NULL,
  `account_invitation_to_email` char(255) NOT NULL,
  `account_invitation_date` datetime NOT NULL,
  `account_invitation_status` tinyint(4) NOT NULL,
  `account_invitation_rand_key` char(100) NOT NULL,
  `account_invitation_project` int(11) DEFAULT NULL,
  `account_invitation_subscription_id` int(11) DEFAULT NULL,
  `account_invitation_type` tinyint(1) NOT NULL COMMENT '0: team member, 1: customer'
) ENGINE=InnoDB DEFAULT CHARSET=utf8 AUTO_INCREMENT=1 ;

-- --------------------------------------------------------

--
-- Table structure for table `lb_sys_account_password_reset`
--

DROP TABLE IF EXISTS `lb_sys_account_password_reset`;
CREATE TABLE `lb_sys_account_password_reset` (
`account_password_reset_id` int(11) NOT NULL,
  `account_id` int(11) NOT NULL,
  `account_password_reset_rand_key` char(100) CHARACTER SET utf8 NOT NULL,
  `account_password_reset_rand_key_expiry` datetime NOT NULL
) ENGINE=InnoDB  DEFAULT CHARSET=utf8 COLLATE=utf8_unicode_ci AUTO_INCREMENT=4 ;

--
-- Dumping data for table `lb_sys_account_password_reset`
--

INSERT INTO `lb_sys_account_password_reset` (`account_password_reset_id`, `account_id`, `account_password_reset_rand_key`, `account_password_reset_rand_key_expiry`) VALUES
(1, 1, '7832af653bbbb49dfc056d4d75059a41', '2015-10-14 09:13:12'),
(2, 1, 'f2c9407f903014b251efdab20c798b47', '2015-10-14 09:13:41'),
(3, 1, '2cb83f336c67e50fd456004e9f5132f7', '2015-10-14 09:16:39');

-- --------------------------------------------------------

--
-- Table structure for table `lb_sys_account_profiles`
--

DROP TABLE IF EXISTS `lb_sys_account_profiles`;
CREATE TABLE `lb_sys_account_profiles` (
`account_profile_id` int(11) NOT NULL,
  `account_id` int(11) NOT NULL,
  `account_profile_surname` varchar(255) NOT NULL,
  `account_profile_given_name` varchar(255) NOT NULL,
  `account_profile_preferred_display_name` varchar(255) NOT NULL,
  `account_profile_company_name` varchar(255) DEFAULT NULL
) ENGINE=InnoDB  DEFAULT CHARSET=utf8 AUTO_INCREMENT=2 ;

--
-- Dumping data for table `lb_sys_account_profiles`
--

INSERT INTO `lb_sys_account_profiles` (`account_profile_id`, `account_id`, `account_profile_surname`, `account_profile_given_name`, `account_profile_preferred_display_name`, `account_profile_company_name`) VALUES
(1, 1, '', 'Admin', '', NULL);

-- --------------------------------------------------------

--
-- Table structure for table `lb_sys_account_subscriptions`
--

DROP TABLE IF EXISTS `lb_sys_account_subscriptions`;
CREATE TABLE `lb_sys_account_subscriptions` (
`account_subscription_id` int(11) NOT NULL,
  `account_id` int(11) NOT NULL,
  `subscription_name` varchar(255) NOT NULL,
  `account_subscription_package_id` tinyint(3) NOT NULL,
  `account_subscription_start_date` datetime NOT NULL,
  `account_subscription_end_date` datetime DEFAULT NULL,
  `account_subscription_status_id` tinyint(1) NOT NULL
) ENGINE=InnoDB  DEFAULT CHARSET=utf8 AUTO_INCREMENT=9 ;

--
-- Dumping data for table `lb_sys_account_subscriptions`
--

INSERT INTO `lb_sys_account_subscriptions` (`account_subscription_id`, `account_id`, `subscription_name`, `account_subscription_package_id`, `account_subscription_start_date`, `account_subscription_end_date`, `account_subscription_status_id`) VALUES
(1, 1, 'My Company', 0, '2015-09-04 20:42:28', NULL, 1);

-- --------------------------------------------------------

--
-- Table structure for table `lb_sys_account_team_members`
--

DROP TABLE IF EXISTS `lb_sys_account_team_members`;
CREATE TABLE `lb_sys_account_team_members` (
`account_team_member_id` int(11) NOT NULL,
  `member_account_id` int(11) NOT NULL,
  `account_subscription_id` int(11) NOT NULL,
  `master_account_id` int(11) NOT NULL,
  `is_customer` tinyint(1) DEFAULT NULL,
  `is_active` tinyint(1) NOT NULL COMMENT '-1 deactivated; 1 active'
) ENGINE=InnoDB DEFAULT CHARSET=utf8 AUTO_INCREMENT=1 ;

-- --------------------------------------------------------

--
-- Table structure for table `lb_sys_lists`
--

DROP TABLE IF EXISTS `lb_sys_lists`;
CREATE TABLE `lb_sys_lists` (
`system_list_item_id` int(11) NOT NULL,
  `system_list_name` varchar(255) NOT NULL,
  `system_list_code` char(100) NOT NULL,
  `system_list_item_code` char(50) NOT NULL,
  `system_list_item_name` varchar(255) NOT NULL,
  `system_list_parent_item_id` int(11) DEFAULT NULL,
  `system_list_item_order` int(4) DEFAULT NULL,
  `system_list_item_active` tinyint(1) DEFAULT NULL
) ENGINE=InnoDB DEFAULT CHARSET=utf8 AUTO_INCREMENT=1 ;

-- --------------------------------------------------------

--
-- Table structure for table `lb_sys_subscription_packages`
--

DROP TABLE IF EXISTS `lb_sys_subscription_packages`;
CREATE TABLE `lb_sys_subscription_packages` (
`subscription_package_id` int(11) NOT NULL,
  `subscription_package_name` varchar(255) NOT NULL,
  `subscription_package_status` tinyint(1) NOT NULL
) ENGINE=InnoDB DEFAULT CHARSET=utf8 AUTO_INCREMENT=1 ;

-- --------------------------------------------------------

--
-- Table structure for table `lb_sys_translate`
--

DROP TABLE IF EXISTS `lb_sys_translate`;
CREATE TABLE `lb_sys_translate` (
`lb_record_primary_key` int(11) NOT NULL,
  `lb_tranlate_en` varchar(255) CHARACTER SET utf8 COLLATE utf8_unicode_ci NOT NULL,
  `lb_translate_vn` varchar(255) CHARACTER SET utf8 COLLATE utf8_unicode_ci NOT NULL
) ENGINE=InnoDB  DEFAULT CHARSET=latin1 AUTO_INCREMENT=137 ;

--
-- Dumping data for table `lb_sys_translate`
--

INSERT INTO `lb_sys_translate` (`lb_record_primary_key`, `lb_tranlate_en`, `lb_translate_vn`) VALUES
(4, 'Home', 'Trang ch'),
(5, 'About', 'Gii thiu'),
(6, 'Contact', 'Lin h'),
(7, 'Login', 'ng nhp'),
(8, 'Logout', 'ng xut'),
(9, 'Customers', 'Khch hng'),
(10, 'Invoices', 'Ha n'),
(11, 'Contracts', 'Hp ng'),
(12, 'Payments', 'Thanh ton'),
(13, 'Expenses', 'Chi ph'),
(14, 'Configuration', 'Cu hnh'),
(16, 'My Account', 'Thng tin c nhn'),
(17, 'My Team', 'Thn tin nhm'),
(18, 'Name', 'Tn'),
(19, 'Tax Code', 'M s thu'),
(20, 'Own Company', 'a ch cng ty'),
(21, 'New Customer', 'Thm khch hng'),
(22, 'Fields with * are required', 'Cc trng c du * l bc buc'),
(23, 'Address', 'a ch'),
(24, 'Optional', 'Khng bc buc'),
(25, 'Contact Person', 'Ngi lin h'),
(26, 'Customer', 'Khch hng'),
(27, 'Address Line', 'a ch'),
(29, 'City', 'Thnh ph'),
(30, 'Country', 'Nc'),
(31, 'Postal Code', 'M bu chnh'),
(32, 'State/Province', 'Bang/khu vc'),
(33, 'Phone', 'S in thoi'),
(34, 'Note', 'Ghi ch'),
(35, 'Is Active', 'ang hot ng'),
(36, 'Billing Address', 'a ch thanh ton'),
(37, 'Translate', 'Ngn ng'),
(38, 'List', 'Danh sch'),
(39, 'Invoice Number', 'S ha n'),
(40, 'Default Note', 'Ghi ch mt nh'),
(41, 'Tax', 'Thu'),
(42, 'New Address', 'Thm a ch'),
(43, 'New Contact', 'Thm lin h'),
(44, 'New Invoice', 'Thm ha n'),
(45, 'Addresses', 'a ch'),
(46, 'Contacts', 'Lin h'),
(47, 'Paid', ' thanh ton'),
(48, 'Due', 'Cn n'),
(49, 'Amount', 'Tng tin'),
(50, 'Invoice No', 'M ha n'),
(51, 'Date', 'Thi gian'),
(52, 'New', 'Thm'),
(53, 'Back', 'Quay li'),
(54, 'Detail information', 'Thng tin chi tit'),
(55, 'Delete', 'Xa'),
(56, 'First Name', 'Tn'),
(57, 'Last Name', 'H'),
(58, 'Office Phone', 'in thoi vn phng'),
(61, 'Mobile', 'in thoi di ng'),
(62, 'All Time Revenue', 'Tng doanh thu'),
(63, 'Year To Date Revenue', 'Doanh thu trong nm'),
(64, 'Cash Collected', 'Tng tin  thu'),
(65, 'Outstanding', 'Tng tin cha thu'),
(66, 'Status', 'Trng thi'),
(67, 'Created By', 'Ngi to'),
(68, 'Due Date', 'Ngy ht hn'),
(69, 'New Payment', 'Thm thanh ton'),
(70, 'see more invoices', 'Xem thm cc ha n'),
(71, 'see more quotations', 'Xem thm cc bo gi'),
(72, 'New Quotation', 'Thm bo gi'),
(73, 'Outstanding Quotation', 'Bo gi cha thu'),
(75, 'Password', 'Mt khu'),
(76, 'Outstanding Invoice', 'Ha n cha thu'),
(77, 'Quotation No', 'M bo gi'),
(78, 'Payment Amount', 'S thin thanh ton'),
(79, 'Payment Date', 'Ngy thanh ton'),
(80, 'Payment Method', 'Phng thc thanh ton'),
(81, 'Receipt No', 'M bin lai'),
(82, 'Payment', 'Thanh ton'),
(83, 'Amount Due', 'S tin n'),
(84, 'Notes', 'Nghi ch'),
(85, 'View Payment', 'Xem thanh ton'),
(86, 'Customer name', 'Tn khch hng'),
(87, 'From', ' T ngy'),
(88, 'To', 'n'),
(89, 'No results found', 'Khng c kt qu no c tm thy'),
(90, 'Amount Paid', 'S tin  tr'),
(91, 'Method', 'Hnh thc'),
(92, 'Total Paid', 'Tng tin  tr'),
(93, 'Total Balance', 'Tng tin cn n'),
(94, 'Total Due', 'Tng tin cn n'),
(95, 'Total', 'Tng tin'),
(96, 'Category', 'Loi'),
(97, 'Expenses No', 'M Chi ph'),
(98, 'Recurring', 'nh k'),
(99, 'Bank Account', 'Ti khon ngn hng'),
(100, 'New Expenses', 'Thm chi ph'),
(101, 'Search', 'Tm kim'),
(102, 'Document', 'Ti liu'),
(104, 'Taxes', 'Thu'),
(105, 'Contract No', 'M hp ng'),
(106, 'Renew', 'Gia hn'),
(107, 'End Date', 'Ngy kt thc'),
(108, 'Start Date', 'Ngy bt u'),
(109, 'Contract Type', 'Loi hp ng'),
(110, 'see more contracts', 'Xem thm hp ng'),
(111, 'New Contract', 'Thm hp ng'),
(112, 'Outstanding Payments', 'Cha thanh ton ht'),
(113, 'Expiring Contracts', 'Hp ng ht hn'),
(114, 'Active Contracts', 'Hp ng hp l'),
(115, 'Renew Contract', 'Gia hn hp ng'),
(116, 'Cancel Contract', 'Hy hp ng'),
(117, 'End Contract', 'Kt thc hp ng'),
(118, 'Contract Notes', 'Ghi ch'),
(119, 'Contract Amount', 'S tin hp ng'),
(120, 'Detail', 'Chi tit'),
(121, 'Related Invoice', 'Ha n lin quan'),
(122, 'Due Date', 'Ngy ht hn'),
(123, 'Internal Note', 'Ghi ch ni b'),
(124, 'Note', 'Ghi ch'),
(125, 'Invoice Date', 'Ngy to'),
(126, 'Item', 'Sn phm'),
(127, 'Add item', 'Thm sn phm'),
(128, 'Quantity', 'S lng'),
(129, 'Unit Price', 'n gi'),
(130, 'Add discount', 'Thm gim gi'),
(131, 'Save', 'Lu'),
(132, 'Add tax', 'Thm thu'),
(133, 'Quotation Date', 'Ngy to'),
(134, 'Quotation', 'Bo gi'),
(135, 'Enter', 'Nhp'),
(136, 'Membship', 'Hi vin');

-- --------------------------------------------------------

--
-- Table structure for table `lb_taxes`
--

DROP TABLE IF EXISTS `lb_taxes`;
CREATE TABLE `lb_taxes` (
`lb_record_primary_key` int(11) NOT NULL,
  `lb_tax_name` varchar(60) COLLATE utf8_unicode_ci NOT NULL,
  `lb_tax_value` decimal(5,2) NOT NULL COMMENT 'percentage:7 for 7%',
  `lb_tax_is_default` tinyint(1) NOT NULL
) ENGINE=InnoDB  DEFAULT CHARSET=utf8 COLLATE=utf8_unicode_ci AUTO_INCREMENT=9 ;

--
-- Dumping data for table `lb_taxes`
--

INSERT INTO `lb_taxes` (`lb_record_primary_key`, `lb_tax_name`, `lb_tax_value`, `lb_tax_is_default`) VALUES
(1, 'GST', 7.00, 0),
(2, 'VAT', 10.00, 0),
(8, 'GST', 10.00, 0);

-- --------------------------------------------------------

--
-- Table structure for table `lb_user_credit_card`
--

DROP TABLE IF EXISTS `lb_user_credit_card`;
CREATE TABLE `lb_user_credit_card` (
`user_credit_card_id` int(11) NOT NULL,
  `user_id` int(11) NOT NULL,
  `credit_card_id` varchar(255) NOT NULL
) ENGINE=InnoDB DEFAULT CHARSET=latin1 AUTO_INCREMENT=1 ;

-- --------------------------------------------------------

--
-- Table structure for table `lb_user_list`
--

DROP TABLE IF EXISTS `lb_user_list`;
CREATE TABLE `lb_user_list` (
`system_list_item_id` int(11) NOT NULL,
  `system_list_name` varchar(255) CHARACTER SET utf8 NOT NULL,
  `system_list_code` varchar(100) CHARACTER SET utf8 NOT NULL,
  `system_list_item_code` varchar(50) CHARACTER SET utf8 NOT NULL,
  `system_list_item_name` varchar(255) CHARACTER SET utf8 NOT NULL,
  `system_list_parent_item_id` int(11) NOT NULL,
  `system_list_item_order` int(4) NOT NULL,
  `system_list_item_active` tinyint(1) NOT NULL,
  `system_list_item_day` int(11) NOT NULL,
  `system_list_item_month` int(11) NOT NULL
) ENGINE=InnoDB  DEFAULT CHARSET=latin1 AUTO_INCREMENT=17 ;

--
-- Dumping data for table `lb_user_list`
--

INSERT INTO `lb_user_list` (`system_list_item_id`, `system_list_name`, `system_list_code`, `system_list_item_code`, `system_list_item_name`, `system_list_parent_item_id`, `system_list_item_order`, `system_list_item_active`, `system_list_item_day`, `system_list_item_month`) VALUES
(1, '', 'expenses_category', '', '', 0, 0, 1, 0, 0),
(2, '', 'recurring', 'recurring_recuring1', 'recuring1', 0, 0, 1, 0, 0),
(3, '', 'benefit', 'benefit_test1', 'test1', 0, 0, 1, 0, 0),
(4, '', 'salary', 'salary_Luong co ban', 'Luong co ban', 0, 0, 1, 0, 0),
(5, '', 'salary', 'salary_thuong', 'thuong', 0, 0, 1, 0, 0),
(6, '', 'salary', 'salary_h tr n tra', 'h tr n tra', 0, 0, 1, 0, 0),
(7, '', 'benefit', 'benefit_Bao hiem', 'Bao hiem', 0, 0, 1, 0, 0),
(8, '', 'benefit', 'benefit_bao hiem nhan tho', 'bao hiem nhan tho', 0, 0, 1, 0, 0),
(11, '', 'financial_year', 'financial_year', 'Financial Year', 0, 0, 1, 1, 1),
(12, '', 'term', 'term_Immediate', 'Immediate', 0, 0, 1, 0, 0),
(13, '', 'term', 'term_7 days', '7 days', 0, 0, 1, 0, 0),
(14, '', 'term', 'term_14 days', '14 days', 0, 0, 1, 0, 0),
(15, '', 'term', 'term_30 days', '30 days', 0, 0, 1, 0, 0),
(16, '', 'financial year', '', '', 0, 0, 0, 22, 2);

-- --------------------------------------------------------

--
-- Table structure for table `lb_user_payment`
--

DROP TABLE IF EXISTS `lb_user_payment`;
CREATE TABLE `lb_user_payment` (
`user_payment_id` int(11) NOT NULL,
  `user_subscription_id` int(11) NOT NULL,
  `date_payment` int(11) NOT NULL
) ENGINE=MyISAM DEFAULT CHARSET=utf8 AUTO_INCREMENT=1 ;

-- --------------------------------------------------------

--
-- Table structure for table `lb_user_subscription`
--

DROP TABLE IF EXISTS `lb_user_subscription`;
CREATE TABLE `lb_user_subscription` (
`user_subscription_id` int(11) NOT NULL,
  `user_id` int(11) NOT NULL,
  `subscription_id` int(11) NOT NULL,
  `date_from` date NOT NULL
) ENGINE=MyISAM DEFAULT CHARSET=utf8 AUTO_INCREMENT=1 ;

-- --------------------------------------------------------

--
-- Table structure for table `lb_vendor`
--

DROP TABLE IF EXISTS `lb_vendor`;
CREATE TABLE `lb_vendor` (
`lb_record_primary_key` int(11) NOT NULL,
  `lb_vendor_company_id` int(11) NOT NULL,
  `lb_vendor_company_address_id` int(11) NOT NULL,
  `lb_vendor_supplier_id` int(11) NOT NULL,
  `lb_vendor_supplier_address` int(11) NOT NULL,
  `lb_vendor_supplier_attention_id` int(11) NOT NULL,
  `lb_vendor_no` varchar(100) NOT NULL,
  `lb_vendor_category` varchar(255) NOT NULL,
  `lb_vendor_date` date NOT NULL,
  `lb_vendor_due_date` date NOT NULL,
  `lb_vendor_notes` longtext NOT NULL,
  `lb_vendor_subject` longtext,
  `lb_vendor_status` varchar(50) NOT NULL,
  `lb_vendor_encode` varchar(255) NOT NULL
) ENGINE=InnoDB  DEFAULT CHARSET=latin1 AUTO_INCREMENT=11 ;

--
-- Dumping data for table `lb_vendor`
--

INSERT INTO `lb_vendor` (`lb_record_primary_key`, `lb_vendor_company_id`, `lb_vendor_company_address_id`, `lb_vendor_supplier_id`, `lb_vendor_supplier_address`, `lb_vendor_supplier_attention_id`, `lb_vendor_no`, `lb_vendor_category`, `lb_vendor_date`, `lb_vendor_due_date`, `lb_vendor_notes`, `lb_vendor_subject`, `lb_vendor_status`, `lb_vendor_encode`) VALUES
(1, 91, 0, 0, 0, 0, 'Draft', '', '2015-09-21', '2015-09-21', '', NULL, 'DRAFT', 'YndPRGVhcGhEQzFwbw=='),
(2, 91, 0, 0, 0, 0, 'Draft', '', '2015-09-22', '2015-09-22', '', NULL, 'DRAFT', 'Zjc0ZVh1ZzREWDFwbw=='),
(3, 91, 0, 0, 0, 0, 'Draft', '', '2015-12-15', '2015-12-15', '', NULL, 'DRAFT', 'YlptRm1OMWVTYTFwbw=='),
(4, 91, 0, 0, 0, 0, 'Draft', '', '2016-01-14', '2016-01-14', '', NULL, 'DRAFT', 'ZzREWENKd2s1TjFwbw=='),
(5, 91, 0, 0, 0, 0, 'Draft', '', '2016-01-14', '2016-01-14', '', NULL, 'DRAFT', 'SkF6M2Q5T2IweTFwbw=='),
(6, 91, 0, 0, 0, 0, 'Draft', '', '2016-01-14', '2016-01-14', '', NULL, 'DRAFT', 'dzdUck1SYVJIZTFwbw=='),
(7, 91, 0, 0, 0, 0, 'Draft', '', '2016-01-14', '2016-01-14', '', NULL, 'DRAFT', 'aktRTTVaN0s1SDFwbw=='),
(8, 91, 0, 0, 0, 0, 'Draft', '', '2016-01-14', '2016-01-14', '', NULL, 'DRAFT', 'WEhnUEkzZHM5OTFwbw=='),
(9, 91, 0, 0, 0, 0, 'Draft', '', '2016-01-18', '2016-01-18', '', NULL, 'DRAFT', 'Z05qdEJFVGdjSDFwbw=='),
(10, 91, 0, 0, 0, 0, 'Draft', '', '2016-01-21', '2016-01-21', '', NULL, 'DRAFT', 'alpza3c3U1F1RDFwbw==');

-- --------------------------------------------------------

--
-- Table structure for table `lb_vendor_discount`
--

DROP TABLE IF EXISTS `lb_vendor_discount`;
CREATE TABLE `lb_vendor_discount` (
`lb_record_primary_key` int(11) NOT NULL,
  `lb_vendor_type` varchar(100) NOT NULL,
  `lb_vendor_id` int(11) NOT NULL,
  `lb_vendor_description` varchar(255) NOT NULL,
  `lb_vendor_value` decimal(10,2) NOT NULL,
  `lb_vendor_invoice_id` int(11) NOT NULL
) ENGINE=InnoDB  DEFAULT CHARSET=latin1 AUTO_INCREMENT=13 ;

--
-- Dumping data for table `lb_vendor_discount`
--

INSERT INTO `lb_vendor_discount` (`lb_record_primary_key`, `lb_vendor_type`, `lb_vendor_id`, `lb_vendor_description`, `lb_vendor_value`, `lb_vendor_invoice_id`) VALUES
(1, 'DISCOUNT', 1, '', 0.00, 0),
(2, 'DISCOUNT', 2, '', 0.00, 0),
(3, 'INVOICE_DISCOUNT', 0, ' ', 0.00, 1),
(4, 'DISCOUNT', 3, '', 0.00, 0),
(5, 'DISCOUNT', 4, '', 0.00, 0),
(6, 'DISCOUNT', 5, '', 0.00, 0),
(7, 'DISCOUNT', 6, '', 0.00, 0),
(8, 'DISCOUNT', 7, '', 0.00, 0),
(9, 'DISCOUNT', 8, '', 0.00, 0),
(10, 'INVOICE_DISCOUNT', 0, ' ', 0.00, 1),
(11, 'DISCOUNT', 9, '', 0.00, 0),
(12, 'DISCOUNT', 10, '', 0.00, 0);

-- --------------------------------------------------------

--
-- Table structure for table `lb_vendor_invoice`
--

DROP TABLE IF EXISTS `lb_vendor_invoice`;
CREATE TABLE `lb_vendor_invoice` (
`lb_record_primary_key` int(11) NOT NULL,
  `lb_vd_invoice_company_id` int(11) NOT NULL,
  `lb_vd_invoice_company_address_id` int(11) NOT NULL,
  `lb_vd_invoice_supplier_id` int(11) NOT NULL,
  `lb_vd_invoice_supplier_address_id` int(11) NOT NULL,
  `lb_vd_invoice_supplier_attention_id` int(11) NOT NULL,
  `lb_vd_invoice_no` varchar(100) DEFAULT NULL,
  `lb_vd_invoice_category` int(11) NOT NULL,
  `lb_vd_invoice_date` date DEFAULT NULL,
  `lb_vd_invoice_due_date` date NOT NULL,
  `lb_vd_invoice_notes` longtext,
  `lb_vd_invoice_subject` longtext,
  `lb_vd_invoice_status` varchar(50) NOT NULL,
  `lb_vd_invoice_encode` varchar(255) NOT NULL,
  `lb_vendor_id` int(11) NOT NULL
) ENGINE=MyISAM  DEFAULT CHARSET=latin1 AUTO_INCREMENT=5 ;

--
-- Dumping data for table `lb_vendor_invoice`
--

INSERT INTO `lb_vendor_invoice` (`lb_record_primary_key`, `lb_vd_invoice_company_id`, `lb_vd_invoice_company_address_id`, `lb_vd_invoice_supplier_id`, `lb_vd_invoice_supplier_address_id`, `lb_vd_invoice_supplier_attention_id`, `lb_vd_invoice_no`, `lb_vd_invoice_category`, `lb_vd_invoice_date`, `lb_vd_invoice_due_date`, `lb_vd_invoice_notes`, `lb_vd_invoice_subject`, `lb_vd_invoice_status`, `lb_vd_invoice_encode`, `lb_vendor_id`) VALUES
(1, 91, 0, 88, 2, 0, 'Draft', 0, '2015-09-21', '2015-09-21', '', NULL, 'draft', 'djJydWRmc0oyYjFwbw==', 0),
(2, 91, 0, 93, 0, 0, 'Draft', 0, '2015-10-01', '2015-10-01', '', NULL, 'draft', 'eW91c1JvU1dyOTFwbw==', 0),
(3, 91, 0, 0, 0, 0, 'Draft', 0, '2016-01-18', '2016-01-18', '', NULL, 'draft', 'TW5xUHBPMFBIZjFwbw==', 0),
(4, 91, 0, 0, 0, 0, 'Draft', 0, '2016-01-21', '2016-01-21', '', NULL, 'draft', 'RUhTSlE1RHhJbTFwbw==', 0);

-- --------------------------------------------------------

--
-- Table structure for table `lb_vendor_item`
--

DROP TABLE IF EXISTS `lb_vendor_item`;
CREATE TABLE `lb_vendor_item` (
`lb_record_primary_key` int(11) NOT NULL,
  `lb_vendor_type` varchar(100) NOT NULL,
  `lb_vendor_id` int(11) NOT NULL,
  `lb_vendor_item_description` longtext NOT NULL,
  `lb_vendor_item_price` decimal(10,2) NOT NULL,
  `lb_vendor_item_quantity` decimal(10,2) NOT NULL,
  `lb_vendor_item_amount` decimal(10,2) NOT NULL,
  `lb_vendor_invoice_id` int(11) NOT NULL
) ENGINE=InnoDB  DEFAULT CHARSET=latin1 AUTO_INCREMENT=15 ;

--
-- Dumping data for table `lb_vendor_item`
--

INSERT INTO `lb_vendor_item` (`lb_record_primary_key`, `lb_vendor_type`, `lb_vendor_id`, `lb_vendor_item_description`, `lb_vendor_item_price`, `lb_vendor_item_quantity`, `lb_vendor_item_amount`, `lb_vendor_invoice_id`) VALUES
(1, 'LINE', 1, '', 0.00, 1.00, 0.00, 0),
(2, 'LINE_INVOICE', 0, 'test', 500.00, 1.00, 500.00, 1),
(3, 'LINE', 2, '', 0.00, 1.00, 0.00, 0),
(4, 'LINE_INVOICE', 0, 'hhh', 0.00, 51.00, 0.00, 2),
(5, 'LINE', 3, '', 0.00, 1.00, 0.00, 0),
(6, 'LINE', 4, '', 0.00, 1.00, 0.00, 0),
(7, 'LINE', 5, '', 0.00, 1.00, 0.00, 0),
(8, 'LINE', 6, '', 0.00, 1.00, 0.00, 0),
(9, 'LINE', 7, '', 0.00, 1.00, 0.00, 0),
(10, 'LINE', 8, '', 0.00, 1.00, 0.00, 0),
(11, 'LINE', 9, '', 0.00, 1.00, 0.00, 0),
(12, 'LINE_INVOICE', 0, '', 0.00, 1.00, 0.00, 3),
(13, 'LINE', 10, '', 0.00, 1.00, 0.00, 0),
(14, 'LINE_INVOICE', 0, '', 0.00, 1.00, 0.00, 4);

-- --------------------------------------------------------

--
-- Table structure for table `lb_vendor_tax`
--

DROP TABLE IF EXISTS `lb_vendor_tax`;
CREATE TABLE `lb_vendor_tax` (
`lb_record_primary_key` int(11) NOT NULL,
  `lb_vendor_id` int(11) NOT NULL,
  `lb_vendor_tax_id` int(11) NOT NULL,
  `lb_vendor_tax_value` decimal(10,2) NOT NULL,
  `lb_vendor_tax_total` decimal(10,2) NOT NULL,
  `lb_vendor_type` varchar(100) NOT NULL,
  `lb_tax_name` varchar(100) NOT NULL,
  `lb_vendor_invoice_id` int(11) NOT NULL
) ENGINE=InnoDB  DEFAULT CHARSET=latin1 AUTO_INCREMENT=12 ;

--
-- Dumping data for table `lb_vendor_tax`
--

INSERT INTO `lb_vendor_tax` (`lb_record_primary_key`, `lb_vendor_id`, `lb_vendor_tax_id`, `lb_vendor_tax_value`, `lb_vendor_tax_total`, `lb_vendor_type`, `lb_tax_name`, `lb_vendor_invoice_id`) VALUES
(1, 1, 0, 0.00, 0.00, 'TAX', '0', 0),
(2, 2, 0, 0.00, 0.00, 'TAX', '0', 0),
(3, 0, 1, 7.00, 35.00, 'INVOICE_TAX', 'GST', 1),
(4, 3, 0, 0.00, 0.00, 'TAX', '0', 0),
(5, 4, 0, 0.00, 0.00, 'TAX', '0', 0),
(6, 5, 0, 0.00, 0.00, 'TAX', '0', 0),
(7, 6, 0, 0.00, 0.00, 'TAX', '0', 0),
(8, 7, 0, 0.00, 0.00, 'TAX', '0', 0),
(9, 8, 0, 0.00, 0.00, 'TAX', '0', 0),
(10, 9, 0, 0.00, 0.00, 'TAX', '0', 0),
(11, 10, 0, 0.00, 0.00, 'TAX', '0', 0);

-- --------------------------------------------------------

--
-- Table structure for table `lb_vendor_total`
--

DROP TABLE IF EXISTS `lb_vendor_total`;
CREATE TABLE `lb_vendor_total` (
`lb_record_primary_key` int(11) NOT NULL,
  `lb_vendor_id` int(11) NOT NULL,
  `lb_vendor_type` varchar(100) NOT NULL,
  `lb_vendor_subtotal` decimal(10,2) NOT NULL,
  `lb_vendor_total_last_discount` decimal(10,2) NOT NULL,
  `lb_vendor_last_tax` decimal(10,2) NOT NULL,
  `lb_vendor_last_paid` decimal(10,2) NOT NULL,
  `lb_vendor_last_outstanding` decimal(10,2) NOT NULL,
  `lb_vendor_invoice_id` int(11) NOT NULL
) ENGINE=InnoDB  DEFAULT CHARSET=latin1 AUTO_INCREMENT=15 ;

--
-- Dumping data for table `lb_vendor_total`
--

INSERT INTO `lb_vendor_total` (`lb_record_primary_key`, `lb_vendor_id`, `lb_vendor_type`, `lb_vendor_subtotal`, `lb_vendor_total_last_discount`, `lb_vendor_last_tax`, `lb_vendor_last_paid`, `lb_vendor_last_outstanding`, `lb_vendor_invoice_id`) VALUES
(1, 1, 'VENDOR_TOTAL', 0.00, 0.00, 0.00, 0.00, 0.00, 0),
(2, 0, 'INVOICE_VD_TOTAL', 500.00, 500.00, 535.00, 0.00, 535.00, 1),
(3, 2, 'VENDOR_TOTAL', 0.00, 0.00, 0.00, 0.00, 0.00, 0),
(4, 0, 'INVOICE_VD_TOTAL', 0.00, 0.00, 0.00, 0.00, 0.00, 2),
(5, 3, 'VENDOR_TOTAL', 0.00, 0.00, 0.00, 0.00, 0.00, 0),
(6, 4, 'VENDOR_TOTAL', 0.00, 0.00, 0.00, 0.00, 0.00, 0),
(7, 5, 'VENDOR_TOTAL', 0.00, 0.00, 0.00, 0.00, 0.00, 0),
(8, 6, 'VENDOR_TOTAL', 0.00, 0.00, 0.00, 0.00, 0.00, 0),
(9, 7, 'VENDOR_TOTAL', 0.00, 0.00, 0.00, 0.00, 0.00, 0),
(10, 8, 'VENDOR_TOTAL', 0.00, 0.00, 0.00, 0.00, 0.00, 0),
(11, 9, 'VENDOR_TOTAL', 0.00, 0.00, 0.00, 0.00, 0.00, 0),
(12, 0, 'INVOICE_VD_TOTAL', 0.00, 0.00, 0.00, 0.00, 0.00, 3),
(13, 10, 'VENDOR_TOTAL', 0.00, 0.00, 0.00, 0.00, 0.00, 0),
(14, 0, 'INVOICE_VD_TOTAL', 0.00, 0.00, 0.00, 0.00, 0.00, 4);

-- --------------------------------------------------------

--
-- Table structure for table `process_checklist`
--

DROP TABLE IF EXISTS `process_checklist`;
CREATE TABLE `process_checklist` (
`pc_id` int(11) NOT NULL,
  `subcription_id` int(11) NOT NULL,
  `pc_name` varchar(100) NOT NULL,
  `pc_created_by` int(11) NOT NULL,
  `pc_created_date` date NOT NULL,
  `pc_last_update_by` int(11) NOT NULL,
  `pc_last_update` date NOT NULL
) ENGINE=InnoDB DEFAULT CHARSET=latin1 AUTO_INCREMENT=1 ;

-- --------------------------------------------------------

--
-- Table structure for table `process_checklist_default`
--

DROP TABLE IF EXISTS `process_checklist_default`;
CREATE TABLE `process_checklist_default` (
`pcdi_id` int(11) NOT NULL,
  `pc_id` int(11) NOT NULL,
  `pcdi_name` varchar(255) NOT NULL,
  `pcdi_order` int(2) NOT NULL
) ENGINE=InnoDB DEFAULT CHARSET=latin1 AUTO_INCREMENT=1 ;

-- --------------------------------------------------------

--
-- Table structure for table `process_checklist_item_rel`
--

DROP TABLE IF EXISTS `process_checklist_item_rel`;
CREATE TABLE `process_checklist_item_rel` (
`pcir_id` int(11) NOT NULL,
  `pc_id` int(11) NOT NULL,
  `pcir_name` varchar(255) NOT NULL,
  `pcir_order` int(11) NOT NULL,
  `pcir_entity_type` varchar(100) NOT NULL,
  `pcir_entity_id` int(11) NOT NULL,
  `pcir_status` int(1) NOT NULL,
  `pcir_status_update_by` int(11) NOT NULL,
  `pcir_status_date` date NOT NULL
) ENGINE=InnoDB DEFAULT CHARSET=latin1 AUTO_INCREMENT=1 ;

-- --------------------------------------------------------

--
-- Table structure for table `yiisession`
--

DROP TABLE IF EXISTS `yiisession`;
CREATE TABLE `yiisession` (
  `id` char(32) NOT NULL,
  `expire` int(11) DEFAULT NULL,
  `data` longblob
) ENGINE=InnoDB DEFAULT CHARSET=latin1;

--
-- Dumping data for table `yiisession`
--

INSERT INTO `yiisession` (`id`, `expire`, `data`) VALUES
('0c4jf8daca67hiuqrrjrd2b303', 1467767629, ''),
('0gqo5d0542qesiqij4n4ijbfd7', 1464311676, ''),
('0vmcfgbphpgu5ddorcl810m1b1', 1468126263, ''),
('1paq103gqr90p6oian0m95uov1', 1476321102, ''),
('1uoedro8h783dhu70v79iiuie2', 1475893916, ''),
('20ptm8msag7arbgubhd31kgq61', 1477876379, ''),
('28d2h1kabvtvk3ci0kb3jph2d1', 1465434943, ''),
('2tu9o54toi1i37etdijvj8j6d5', 1478335340, ''),
('31hgvrq8m9iruvgaek17qvhmj4', 1464570962, ''),
('3afk2vnl26452bjfoq32pg1ui5', 1464492337, ''),
('3pqnjs2m2i8revqccebm79jg83', 1475111811, ''),
('48klki1pn3h8stgnqta41qe5s7', 1463411646, ''),
('4lrdm039mikltrncrdbenj5nt4', 1471511204, ''),
('53l6uj7a7slg5l8r96a1l4cp56', 1477790012, ''),
('62dd2fonv75r8o27d0f03ede83', 1467335553, ''),
('6c7l4shcpfonm61q9m9vfd42v4', 1464743449, ''),
('6dfkqmjij2bsgrl0in1slmcb10', 1476238504, ''),
('6sqdig8q25o9jlh3469kic8to3', 1467940748, ''),
('78a79d0653eba70394e70dc22fba5282', 1515741120, ''),
('7cfto8n60lvu2p406iu63k5806', 1475025382, ''),
('7q80ocbc413afs1eforkrop3p5', 1466138924, ''),
('88i2aepb92us47b5ae18tr9po7', 1466819109, ''),
('8oar52qcalvsq419s449oqkp70', 1465520875, ''),
('97hrod0fc3ehf54ejh8vug6i72', 1472087775, ''),
('9cddjlfaqc6aif74pu1r8vb7u6', 1467249430, ''),
('9p08ad2h3d5361iebmco2fqum4', 1463879263, ''),
('a16m6mb22hii059p1hni5ttue2', 1463559265, ''),
('a1foln7gskijthresq57sc93v7', 1468459240, ''),
('aa0r0et31lagh0grcs5igh1jn2', 1468480302, ''),
('ab323cd908ibn2fl5ikpj18bt2', 1465003109, ''),
('af70r8qadnm2v0s696rrp64vl7', 1474512010, ''),
('b7v7plj5khdq1t6mr3f2su2r24', 1468026246, ''),
('bl2mhq0of16ru4rnsmvrci9km1', 1467422222, ''),
('bpkvrl861oinf7ukbe2bvkn2t7', 1478136059, ''),
('c002ndsoacajnvg21426butce6', 1467163009, ''),
('c2n5mivnibr2di8h5nhoeqokp7', 1465057235, ''),
('ce7gk4n9ntthf09no6bvimqjf5', 1465780352, ''),
('d25apk8e6q0nksva59anbp6nb6', 1467853944, ''),
('d2f22248386be3a8f9e2d8469369914b', 1515920580, ''),
('dbksrah6976rtoju0eunulj1b7', 1463545419, ''),
('dceu523mc95nkiogaul6ml0p16', 1467527775, ''),
('dg80qh9h7p4udjufnh2hsfnvh4', 1464139087, ''),
('dtd80fgurbhesv12djnbnpq434', 1465800612, ''),
('efhd7t03orrfgro73ovt8l4uo1', 1471493675, ''),
('f15qahp03po1eeir30rk753ie7', 1477444771, ''),
('f7k02f6c47fh8nupvgjtdh5sl6', 1471668892, ''),
('f9d86aj30h82mp9fejid0isq23', 1463707249, ''),
('fqqcg05tmmvva4bki17tac8gm4', 1476061830, ''),
('fr6a99failfdm9n69m8svuh125', 1467467901, ''),
('h2bnhrm388km639d6hp3hs2kh7', 1478084690, ''),
('hi6hqp390bocu978ssfh7n6rm7', 1463345709, ''),
('hm05bec9vd3debird331ucqng1', 1478163850, ''),
('ht3vjai0r98u82d45thja6h7b2', 1466645234, ''),
('hv677542iqq5ev7765kc5qkfm7', 1464225372, ''),
('ii7cvasqnk4v15gntec8qviss4', 1466991792, ''),
('ir6839765tjmmgadk5rjs8fm27', 1467508271, ''),
('ja6jncucn8dnjk6u82eh6ape62', 1475370722, ''),
('jk5lkt5ctha3q69obcpoh3kfv3', 1472606235, ''),
('l6k1h61lafjjdn845vmlv3lbq1', 1463794168, ''),
('lva658vn9vvr0nqtsdc0qmb5h6', 1465348598, ''),
('m95fui6t45lnofkrvbf6t22b72', 1471829092, ''),
('nd1p22ok1v41m5gpdgberu1352', 1475975905, ''),
('nodt6jjhtkre52bgmc2tqjbvj6', 1476607134, ''),
('nvb9qudcffpjrec1bu0gkik885', 1474767216, ''),
('p5ptosv9toup56j5gcdi7m4q80', 1463633041, ''),
('q84fkrm6t8hh90tl2tp0o2r0e0', 1471743454, ''),
('qqhcs81aqf4chmlkihdj3mdst1', 1474679726, ''),
('rdvnih6fv53shk6ho14u15abi5', 1475284765, ''),
('rrff63p55nnjvj7o4rfnch2ld2', 1477531394, ''),
('sv0to76ij7q7087l0birjlrnc3', 1464830226, ''),
('tcmtnpur6u4aql7ij651n76he6', 1472347559, ''),
('uf1nbqunl93b0ov0vti356rqq2', 1465723874, ''),
('uf56qq94ncb2asfc71e3k6mid7', 1464397919, ''),
('ugke03960v28o0m1uvu46quai5', 1472785255, ''),
('uh9gul1eiiq5gl5d4t98alvov5', 1471656138, ''),
('veqmbdnf0btkf6b4o29c8qrpi0', 1465650262, ''),
('vf9mlphec6iqpjr6gcv70up1l4', 1475459443, ''),
('vr9s1de4nbavhgqvhtdvet8011', 1476407207, ''),
('vs3jtvn6ot43753fuvfiaq1g85', 1472260611, '');

--
-- Indexes for dumped tables
--

--
-- Indexes for table `lb_account_basic_permission`
--
ALTER TABLE `lb_account_basic_permission`
 ADD PRIMARY KEY (`lb_record_primary_key`);

--
-- Indexes for table `lb_account_define_permission`
--
ALTER TABLE `lb_account_define_permission`
 ADD PRIMARY KEY (`lb_record_primary_key`);

--
-- Indexes for table `lb_account_roles`
--
ALTER TABLE `lb_account_roles`
 ADD PRIMARY KEY (`lb_record_primary_key`);

--
-- Indexes for table `lb_bank_account`
--
ALTER TABLE `lb_bank_account`
 ADD PRIMARY KEY (`lb_record_primary_key`);

--
-- Indexes for table `lb_basic_permission`
--
ALTER TABLE `lb_basic_permission`
 ADD PRIMARY KEY (`basic_permission_id`);

--
-- Indexes for table `lb_comment`
--
ALTER TABLE `lb_comment`
 ADD PRIMARY KEY (`lb_record_primary_key`);

--
-- Indexes for table `lb_contracts`
--
ALTER TABLE `lb_contracts`
 ADD PRIMARY KEY (`lb_record_primary_key`);

--
-- Indexes for table `lb_contract_document`
--
ALTER TABLE `lb_contract_document`
 ADD PRIMARY KEY (`lb_record_primary_key`);

--
-- Indexes for table `lb_contract_invoice`
--
ALTER TABLE `lb_contract_invoice`
 ADD PRIMARY KEY (`lb_record_primary_key`);

--
-- Indexes for table `lb_core_entities`
--
ALTER TABLE `lb_core_entities`
 ADD PRIMARY KEY (`lb_record_primary_key`);

--
-- Indexes for table `lb_customers`
--
ALTER TABLE `lb_customers`
 ADD PRIMARY KEY (`lb_record_primary_key`);

--
-- Indexes for table `lb_customer_addresses`
--
ALTER TABLE `lb_customer_addresses`
 ADD PRIMARY KEY (`lb_record_primary_key`);

--
-- Indexes for table `lb_customer_address_contacts`
--
ALTER TABLE `lb_customer_address_contacts`
 ADD PRIMARY KEY (`lb_record_primary_key`);

--
-- Indexes for table `lb_customer_contacts`
--
ALTER TABLE `lb_customer_contacts`
 ADD PRIMARY KEY (`lb_record_primary_key`);

--
-- Indexes for table `lb_default_note`
--
ALTER TABLE `lb_default_note`
 ADD PRIMARY KEY (`lb_record_primary_key`);

--
-- Indexes for table `lb_define_permission`
--
ALTER TABLE `lb_define_permission`
 ADD PRIMARY KEY (`define_permission_id`);

--
-- Indexes for table `lb_documents`
--
ALTER TABLE `lb_documents`
 ADD PRIMARY KEY (`lb_record_primary_key`);

--
-- Indexes for table `lb_employee`
--
ALTER TABLE `lb_employee`
 ADD PRIMARY KEY (`lb_record_primary_key`);

--
-- Indexes for table `lb_employee_benefits`
--
ALTER TABLE `lb_employee_benefits`
 ADD PRIMARY KEY (`lb_record_primary_key`);

--
-- Indexes for table `lb_employee_payment`
--
ALTER TABLE `lb_employee_payment`
 ADD PRIMARY KEY (`lb_record_primary_key`);

--
-- Indexes for table `lb_employee_salary`
--
ALTER TABLE `lb_employee_salary`
 ADD PRIMARY KEY (`lb_record_primary_key`);

--
-- Indexes for table `lb_expenses`
--
ALTER TABLE `lb_expenses`
 ADD PRIMARY KEY (`lb_record_primary_key`);

--
-- Indexes for table `lb_expenses_customer`
--
ALTER TABLE `lb_expenses_customer`
 ADD PRIMARY KEY (`lb_record_primary_key`);

--
-- Indexes for table `lb_expenses_invoice`
--
ALTER TABLE `lb_expenses_invoice`
 ADD PRIMARY KEY (`lb_record_primary_key`);

--
-- Indexes for table `lb_expenses_tax`
--
ALTER TABLE `lb_expenses_tax`
 ADD PRIMARY KEY (`lb_record_primary_key`);

--
-- Indexes for table `lb_genera`
--
ALTER TABLE `lb_genera`
 ADD PRIMARY KEY (`lb_record_primary_key`);

--
-- Indexes for table `lb_invoices`
--
ALTER TABLE `lb_invoices`
 ADD PRIMARY KEY (`lb_record_primary_key`);

--
-- Indexes for table `lb_invoice_items`
--
ALTER TABLE `lb_invoice_items`
 ADD PRIMARY KEY (`lb_record_primary_key`);

--
-- Indexes for table `lb_invoice_item_templates`
--
ALTER TABLE `lb_invoice_item_templates`
 ADD PRIMARY KEY (`lb_record_primary_key`);

--
-- Indexes for table `lb_invoice_totals`
--
ALTER TABLE `lb_invoice_totals`
 ADD PRIMARY KEY (`lb_record_primary_key`);

--
-- Indexes for table `lb_language_user`
--
ALTER TABLE `lb_language_user`
 ADD PRIMARY KEY (`lb_record_primary_key`);

--
-- Indexes for table `lb_modules`
--
ALTER TABLE `lb_modules`
 ADD PRIMARY KEY (`lb_record_primary_key`);

--
-- Indexes for table `lb_next_ids`
--
ALTER TABLE `lb_next_ids`
 ADD PRIMARY KEY (`lb_record_primary_key`);

--
-- Indexes for table `lb_payment`
--
ALTER TABLE `lb_payment`
 ADD PRIMARY KEY (`lb_record_primary_key`);

--
-- Indexes for table `lb_payments`
--
ALTER TABLE `lb_payments`
 ADD PRIMARY KEY (`id`);

--
-- Indexes for table `lb_payment_item`
--
ALTER TABLE `lb_payment_item`
 ADD PRIMARY KEY (`lb_record_primary_key`);

--
-- Indexes for table `lb_payment_vendor`
--
ALTER TABLE `lb_payment_vendor`
 ADD PRIMARY KEY (`lb_record_primary_key`);

--
-- Indexes for table `lb_payment_vendor_invoice`
--
ALTER TABLE `lb_payment_vendor_invoice`
 ADD PRIMARY KEY (`lb_record_primary_key`);

--
-- Indexes for table `lb_payment_voucher`
--
ALTER TABLE `lb_payment_voucher`
 ADD PRIMARY KEY (`lb_record_primary_key`);

--
-- Indexes for table `lb_pv_expenses`
--
ALTER TABLE `lb_pv_expenses`
 ADD PRIMARY KEY (`lb_record_primary_key`);

--
-- Indexes for table `lb_quotation`
--
ALTER TABLE `lb_quotation`
 ADD PRIMARY KEY (`lb_record_primary_key`);

--
-- Indexes for table `lb_quotation_discount`
--
ALTER TABLE `lb_quotation_discount`
 ADD PRIMARY KEY (`lb_record_primary_key`);

--
-- Indexes for table `lb_quotation_item`
--
ALTER TABLE `lb_quotation_item`
 ADD PRIMARY KEY (`lb_record_primary_key`);

--
-- Indexes for table `lb_quotation_tax`
--
ALTER TABLE `lb_quotation_tax`
 ADD PRIMARY KEY (`lb_record_primary_key`);

--
-- Indexes for table `lb_quotation_total`
--
ALTER TABLE `lb_quotation_total`
 ADD PRIMARY KEY (`lb_record_primary_key`);

--
-- Indexes for table `lb_roles`
--
ALTER TABLE `lb_roles`
 ADD PRIMARY KEY (`lb_record_primary_key`);

--
-- Indexes for table `lb_roles_basic_permission`
--
ALTER TABLE `lb_roles_basic_permission`
 ADD PRIMARY KEY (`role_basic_permission_id`);

--
-- Indexes for table `lb_roles_define_permission`
--
ALTER TABLE `lb_roles_define_permission`
 ADD PRIMARY KEY (`role_define_permission_id`);

--
-- Indexes for table `lb_subscription`
--
ALTER TABLE `lb_subscription`
 ADD PRIMARY KEY (`subscription_id`);

--
-- Indexes for table `lb_sys_accounts`
--
ALTER TABLE `lb_sys_accounts`
 ADD PRIMARY KEY (`account_id`);

--
-- Indexes for table `lb_sys_account_invitations`
--
ALTER TABLE `lb_sys_account_invitations`
 ADD PRIMARY KEY (`account_invitation_id`);

--
-- Indexes for table `lb_sys_account_password_reset`
--
ALTER TABLE `lb_sys_account_password_reset`
 ADD PRIMARY KEY (`account_password_reset_id`);

--
-- Indexes for table `lb_sys_account_profiles`
--
ALTER TABLE `lb_sys_account_profiles`
 ADD PRIMARY KEY (`account_profile_id`), ADD UNIQUE KEY `account_id` (`account_id`);

--
-- Indexes for table `lb_sys_account_subscriptions`
--
ALTER TABLE `lb_sys_account_subscriptions`
 ADD PRIMARY KEY (`account_subscription_id`);

--
-- Indexes for table `lb_sys_account_team_members`
--
ALTER TABLE `lb_sys_account_team_members`
 ADD PRIMARY KEY (`account_team_member_id`);

--
-- Indexes for table `lb_sys_lists`
--
ALTER TABLE `lb_sys_lists`
 ADD PRIMARY KEY (`system_list_item_id`), ADD UNIQUE KEY `system_list_item_code` (`system_list_item_code`);

--
-- Indexes for table `lb_sys_subscription_packages`
--
ALTER TABLE `lb_sys_subscription_packages`
 ADD PRIMARY KEY (`subscription_package_id`);

--
-- Indexes for table `lb_sys_translate`
--
ALTER TABLE `lb_sys_translate`
 ADD PRIMARY KEY (`lb_record_primary_key`);

--
-- Indexes for table `lb_taxes`
--
ALTER TABLE `lb_taxes`
 ADD PRIMARY KEY (`lb_record_primary_key`);

--
-- Indexes for table `lb_user_credit_card`
--
ALTER TABLE `lb_user_credit_card`
 ADD PRIMARY KEY (`user_credit_card_id`);

--
-- Indexes for table `lb_user_list`
--
ALTER TABLE `lb_user_list`
 ADD PRIMARY KEY (`system_list_item_id`);

--
-- Indexes for table `lb_user_payment`
--
ALTER TABLE `lb_user_payment`
 ADD PRIMARY KEY (`user_payment_id`);

--
-- Indexes for table `lb_user_subscription`
--
ALTER TABLE `lb_user_subscription`
 ADD PRIMARY KEY (`user_subscription_id`);

--
-- Indexes for table `lb_vendor`
--
ALTER TABLE `lb_vendor`
 ADD PRIMARY KEY (`lb_record_primary_key`);

--
-- Indexes for table `lb_vendor_discount`
--
ALTER TABLE `lb_vendor_discount`
 ADD PRIMARY KEY (`lb_record_primary_key`);

--
-- Indexes for table `lb_vendor_invoice`
--
ALTER TABLE `lb_vendor_invoice`
 ADD PRIMARY KEY (`lb_record_primary_key`);

--
-- Indexes for table `lb_vendor_item`
--
ALTER TABLE `lb_vendor_item`
 ADD PRIMARY KEY (`lb_record_primary_key`);

--
-- Indexes for table `lb_vendor_tax`
--
ALTER TABLE `lb_vendor_tax`
 ADD PRIMARY KEY (`lb_record_primary_key`);

--
-- Indexes for table `lb_vendor_total`
--
ALTER TABLE `lb_vendor_total`
 ADD PRIMARY KEY (`lb_record_primary_key`);

--
-- Indexes for table `process_checklist`
--
ALTER TABLE `process_checklist`
 ADD PRIMARY KEY (`pc_id`);

--
-- Indexes for table `process_checklist_default`
--
ALTER TABLE `process_checklist_default`
 ADD PRIMARY KEY (`pcdi_id`);

--
-- Indexes for table `process_checklist_item_rel`
--
ALTER TABLE `process_checklist_item_rel`
 ADD PRIMARY KEY (`pcir_id`);

--
-- Indexes for table `yiisession`
--
ALTER TABLE `yiisession`
 ADD PRIMARY KEY (`id`);

--
-- AUTO_INCREMENT for dumped tables
--

--
-- AUTO_INCREMENT for table `lb_account_basic_permission`
--
ALTER TABLE `lb_account_basic_permission`
MODIFY `lb_record_primary_key` int(11) NOT NULL AUTO_INCREMENT;
--
-- AUTO_INCREMENT for table `lb_account_define_permission`
--
ALTER TABLE `lb_account_define_permission`
MODIFY `lb_record_primary_key` int(11) NOT NULL AUTO_INCREMENT;
--
-- AUTO_INCREMENT for table `lb_account_roles`
--
ALTER TABLE `lb_account_roles`
MODIFY `lb_record_primary_key` int(11) NOT NULL AUTO_INCREMENT;
--
-- AUTO_INCREMENT for table `lb_bank_account`
--
ALTER TABLE `lb_bank_account`
MODIFY `lb_record_primary_key` int(11) NOT NULL AUTO_INCREMENT;
--
-- AUTO_INCREMENT for table `lb_basic_permission`
--
ALTER TABLE `lb_basic_permission`
MODIFY `basic_permission_id` int(11) NOT NULL AUTO_INCREMENT;
--
-- AUTO_INCREMENT for table `lb_comment`
--
ALTER TABLE `lb_comment`
MODIFY `lb_record_primary_key` int(11) NOT NULL AUTO_INCREMENT,AUTO_INCREMENT=4;
--
-- AUTO_INCREMENT for table `lb_contracts`
--
ALTER TABLE `lb_contracts`
MODIFY `lb_record_primary_key` int(11) NOT NULL AUTO_INCREMENT;
--
-- AUTO_INCREMENT for table `lb_contract_document`
--
ALTER TABLE `lb_contract_document`
MODIFY `lb_record_primary_key` int(11) NOT NULL AUTO_INCREMENT;
--
-- AUTO_INCREMENT for table `lb_contract_invoice`
--
ALTER TABLE `lb_contract_invoice`
MODIFY `lb_record_primary_key` int(11) NOT NULL AUTO_INCREMENT;
--
-- AUTO_INCREMENT for table `lb_core_entities`
--
ALTER TABLE `lb_core_entities`
MODIFY `lb_record_primary_key` int(11) NOT NULL AUTO_INCREMENT,AUTO_INCREMENT=2191;
--
-- AUTO_INCREMENT for table `lb_customers`
--
ALTER TABLE `lb_customers`
MODIFY `lb_record_primary_key` int(11) NOT NULL AUTO_INCREMENT;
--
-- AUTO_INCREMENT for table `lb_customer_addresses`
--
ALTER TABLE `lb_customer_addresses`
MODIFY `lb_record_primary_key` int(11) NOT NULL AUTO_INCREMENT;
--
-- AUTO_INCREMENT for table `lb_customer_address_contacts`
--
ALTER TABLE `lb_customer_address_contacts`
MODIFY `lb_record_primary_key` int(11) NOT NULL AUTO_INCREMENT;
--
-- AUTO_INCREMENT for table `lb_customer_contacts`
--
ALTER TABLE `lb_customer_contacts`
MODIFY `lb_record_primary_key` int(11) NOT NULL AUTO_INCREMENT;
--
-- AUTO_INCREMENT for table `lb_default_note`
--
ALTER TABLE `lb_default_note`
MODIFY `lb_record_primary_key` int(11) NOT NULL AUTO_INCREMENT,AUTO_INCREMENT=2;
--
-- AUTO_INCREMENT for table `lb_define_permission`
--
ALTER TABLE `lb_define_permission`
MODIFY `define_permission_id` int(11) NOT NULL AUTO_INCREMENT;
--
-- AUTO_INCREMENT for table `lb_documents`
--
ALTER TABLE `lb_documents`
MODIFY `lb_record_primary_key` int(11) NOT NULL AUTO_INCREMENT;
--
-- AUTO_INCREMENT for table `lb_employee`
--
ALTER TABLE `lb_employee`
MODIFY `lb_record_primary_key` int(11) NOT NULL AUTO_INCREMENT,AUTO_INCREMENT=67;
--
-- AUTO_INCREMENT for table `lb_employee_benefits`
--
ALTER TABLE `lb_employee_benefits`
MODIFY `lb_record_primary_key` int(11) NOT NULL AUTO_INCREMENT,AUTO_INCREMENT=60;
--
-- AUTO_INCREMENT for table `lb_employee_payment`
--
ALTER TABLE `lb_employee_payment`
MODIFY `lb_record_primary_key` int(11) NOT NULL AUTO_INCREMENT,AUTO_INCREMENT=433;
--
-- AUTO_INCREMENT for table `lb_employee_salary`
--
ALTER TABLE `lb_employee_salary`
MODIFY `lb_record_primary_key` int(11) NOT NULL AUTO_INCREMENT,AUTO_INCREMENT=61;
--
-- AUTO_INCREMENT for table `lb_expenses`
--
ALTER TABLE `lb_expenses`
MODIFY `lb_record_primary_key` int(11) NOT NULL AUTO_INCREMENT,AUTO_INCREMENT=4;
--
-- AUTO_INCREMENT for table `lb_expenses_customer`
--
ALTER TABLE `lb_expenses_customer`
MODIFY `lb_record_primary_key` int(11) NOT NULL AUTO_INCREMENT,AUTO_INCREMENT=151;
--
-- AUTO_INCREMENT for table `lb_expenses_invoice`
--
ALTER TABLE `lb_expenses_invoice`
MODIFY `lb_record_primary_key` int(11) NOT NULL AUTO_INCREMENT,AUTO_INCREMENT=92;
--
-- AUTO_INCREMENT for table `lb_expenses_tax`
--
ALTER TABLE `lb_expenses_tax`
MODIFY `lb_record_primary_key` int(11) NOT NULL AUTO_INCREMENT;
--
-- AUTO_INCREMENT for table `lb_genera`
--
ALTER TABLE `lb_genera`
MODIFY `lb_record_primary_key` int(11) NOT NULL AUTO_INCREMENT,AUTO_INCREMENT=35;
--
-- AUTO_INCREMENT for table `lb_invoices`
--
ALTER TABLE `lb_invoices`
MODIFY `lb_record_primary_key` int(11) NOT NULL AUTO_INCREMENT,AUTO_INCREMENT=2;
--
-- AUTO_INCREMENT for table `lb_invoice_items`
--
ALTER TABLE `lb_invoice_items`
MODIFY `lb_record_primary_key` int(11) NOT NULL AUTO_INCREMENT,AUTO_INCREMENT=3;
--
-- AUTO_INCREMENT for table `lb_invoice_item_templates`
--
ALTER TABLE `lb_invoice_item_templates`
MODIFY `lb_record_primary_key` int(11) NOT NULL AUTO_INCREMENT,AUTO_INCREMENT=2;
--
-- AUTO_INCREMENT for table `lb_invoice_totals`
--
ALTER TABLE `lb_invoice_totals`
MODIFY `lb_record_primary_key` int(11) NOT NULL AUTO_INCREMENT,AUTO_INCREMENT=2;
--
-- AUTO_INCREMENT for table `lb_language_user`
--
ALTER TABLE `lb_language_user`
MODIFY `lb_record_primary_key` int(11) NOT NULL AUTO_INCREMENT,AUTO_INCREMENT=9;
--
-- AUTO_INCREMENT for table `lb_modules`
--
ALTER TABLE `lb_modules`
MODIFY `lb_record_primary_key` int(11) NOT NULL AUTO_INCREMENT,AUTO_INCREMENT=8;
--
-- AUTO_INCREMENT for table `lb_next_ids`
--
ALTER TABLE `lb_next_ids`
MODIFY `lb_record_primary_key` int(11) NOT NULL AUTO_INCREMENT,AUTO_INCREMENT=2;
--
-- AUTO_INCREMENT for table `lb_payment`
--
ALTER TABLE `lb_payment`
MODIFY `lb_record_primary_key` int(11) unsigned NOT NULL AUTO_INCREMENT;
--
-- AUTO_INCREMENT for table `lb_payments`
--
ALTER TABLE `lb_payments`
MODIFY `id` int(11) NOT NULL AUTO_INCREMENT;
--
-- AUTO_INCREMENT for table `lb_payment_item`
--
ALTER TABLE `lb_payment_item`
MODIFY `lb_record_primary_key` int(11) unsigned NOT NULL AUTO_INCREMENT;
--
-- AUTO_INCREMENT for table `lb_payment_vendor`
--
ALTER TABLE `lb_payment_vendor`
MODIFY `lb_record_primary_key` int(11) NOT NULL AUTO_INCREMENT;
--
-- AUTO_INCREMENT for table `lb_payment_vendor_invoice`
--
ALTER TABLE `lb_payment_vendor_invoice`
MODIFY `lb_record_primary_key` int(11) NOT NULL AUTO_INCREMENT;
--
-- AUTO_INCREMENT for table `lb_payment_voucher`
--
ALTER TABLE `lb_payment_voucher`
MODIFY `lb_record_primary_key` int(11) NOT NULL AUTO_INCREMENT,AUTO_INCREMENT=3;
--
-- AUTO_INCREMENT for table `lb_pv_expenses`
--
ALTER TABLE `lb_pv_expenses`
MODIFY `lb_record_primary_key` int(11) NOT NULL AUTO_INCREMENT,AUTO_INCREMENT=4;
--
-- AUTO_INCREMENT for table `lb_quotation`
--
ALTER TABLE `lb_quotation`
MODIFY `lb_record_primary_key` int(11) NOT NULL AUTO_INCREMENT;
--
-- AUTO_INCREMENT for table `lb_quotation_discount`
--
ALTER TABLE `lb_quotation_discount`
MODIFY `lb_record_primary_key` int(11) NOT NULL AUTO_INCREMENT;
--
-- AUTO_INCREMENT for table `lb_quotation_item`
--
ALTER TABLE `lb_quotation_item`
MODIFY `lb_record_primary_key` int(11) NOT NULL AUTO_INCREMENT;
--
-- AUTO_INCREMENT for table `lb_quotation_tax`
--
ALTER TABLE `lb_quotation_tax`
MODIFY `lb_record_primary_key` int(11) NOT NULL AUTO_INCREMENT;
--
-- AUTO_INCREMENT for table `lb_quotation_total`
--
ALTER TABLE `lb_quotation_total`
MODIFY `lb_record_primary_key` int(11) NOT NULL AUTO_INCREMENT;
--
-- AUTO_INCREMENT for table `lb_roles`
--
ALTER TABLE `lb_roles`
MODIFY `lb_record_primary_key` int(11) NOT NULL AUTO_INCREMENT;
--
-- AUTO_INCREMENT for table `lb_roles_basic_permission`
--
ALTER TABLE `lb_roles_basic_permission`
MODIFY `role_basic_permission_id` int(11) NOT NULL AUTO_INCREMENT;
--
-- AUTO_INCREMENT for table `lb_roles_define_permission`
--
ALTER TABLE `lb_roles_define_permission`
MODIFY `role_define_permission_id` int(11) NOT NULL AUTO_INCREMENT;
--
-- AUTO_INCREMENT for table `lb_subscription`
--
ALTER TABLE `lb_subscription`
MODIFY `subscription_id` int(11) NOT NULL AUTO_INCREMENT;
--
-- AUTO_INCREMENT for table `lb_sys_accounts`
--
ALTER TABLE `lb_sys_accounts`
MODIFY `account_id` int(11) NOT NULL AUTO_INCREMENT,AUTO_INCREMENT=9;
--
-- AUTO_INCREMENT for table `lb_sys_account_invitations`
--
ALTER TABLE `lb_sys_account_invitations`
MODIFY `account_invitation_id` int(11) NOT NULL AUTO_INCREMENT;
--
-- AUTO_INCREMENT for table `lb_sys_account_password_reset`
--
ALTER TABLE `lb_sys_account_password_reset`
MODIFY `account_password_reset_id` int(11) NOT NULL AUTO_INCREMENT,AUTO_INCREMENT=4;
--
-- AUTO_INCREMENT for table `lb_sys_account_profiles`
--
ALTER TABLE `lb_sys_account_profiles`
MODIFY `account_profile_id` int(11) NOT NULL AUTO_INCREMENT,AUTO_INCREMENT=2;
--
-- AUTO_INCREMENT for table `lb_sys_account_subscriptions`
--
ALTER TABLE `lb_sys_account_subscriptions`
MODIFY `account_subscription_id` int(11) NOT NULL AUTO_INCREMENT,AUTO_INCREMENT=9;
--
-- AUTO_INCREMENT for table `lb_sys_account_team_members`
--
ALTER TABLE `lb_sys_account_team_members`
MODIFY `account_team_member_id` int(11) NOT NULL AUTO_INCREMENT;
--
-- AUTO_INCREMENT for table `lb_sys_lists`
--
ALTER TABLE `lb_sys_lists`
MODIFY `system_list_item_id` int(11) NOT NULL AUTO_INCREMENT;
--
-- AUTO_INCREMENT for table `lb_sys_subscription_packages`
--
ALTER TABLE `lb_sys_subscription_packages`
MODIFY `subscription_package_id` int(11) NOT NULL AUTO_INCREMENT;
--
-- AUTO_INCREMENT for table `lb_sys_translate`
--
ALTER TABLE `lb_sys_translate`
MODIFY `lb_record_primary_key` int(11) NOT NULL AUTO_INCREMENT,AUTO_INCREMENT=137;
--
-- AUTO_INCREMENT for table `lb_taxes`
--
ALTER TABLE `lb_taxes`
MODIFY `lb_record_primary_key` int(11) NOT NULL AUTO_INCREMENT,AUTO_INCREMENT=9;
--
-- AUTO_INCREMENT for table `lb_user_credit_card`
--
ALTER TABLE `lb_user_credit_card`
MODIFY `user_credit_card_id` int(11) NOT NULL AUTO_INCREMENT;
--
-- AUTO_INCREMENT for table `lb_user_list`
--
ALTER TABLE `lb_user_list`
MODIFY `system_list_item_id` int(11) NOT NULL AUTO_INCREMENT,AUTO_INCREMENT=17;
--
-- AUTO_INCREMENT for table `lb_user_payment`
--
ALTER TABLE `lb_user_payment`
MODIFY `user_payment_id` int(11) NOT NULL AUTO_INCREMENT;
--
-- AUTO_INCREMENT for table `lb_user_subscription`
--
ALTER TABLE `lb_user_subscription`
MODIFY `user_subscription_id` int(11) NOT NULL AUTO_INCREMENT;
--
-- AUTO_INCREMENT for table `lb_vendor`
--
ALTER TABLE `lb_vendor`
MODIFY `lb_record_primary_key` int(11) NOT NULL AUTO_INCREMENT,AUTO_INCREMENT=11;
--
-- AUTO_INCREMENT for table `lb_vendor_discount`
--
ALTER TABLE `lb_vendor_discount`
MODIFY `lb_record_primary_key` int(11) NOT NULL AUTO_INCREMENT,AUTO_INCREMENT=13;
--
-- AUTO_INCREMENT for table `lb_vendor_invoice`
--
ALTER TABLE `lb_vendor_invoice`
MODIFY `lb_record_primary_key` int(11) NOT NULL AUTO_INCREMENT,AUTO_INCREMENT=5;
--
-- AUTO_INCREMENT for table `lb_vendor_item`
--
ALTER TABLE `lb_vendor_item`
MODIFY `lb_record_primary_key` int(11) NOT NULL AUTO_INCREMENT,AUTO_INCREMENT=15;
--
-- AUTO_INCREMENT for table `lb_vendor_tax`
--
ALTER TABLE `lb_vendor_tax`
MODIFY `lb_record_primary_key` int(11) NOT NULL AUTO_INCREMENT,AUTO_INCREMENT=12;
--
-- AUTO_INCREMENT for table `lb_vendor_total`
--
ALTER TABLE `lb_vendor_total`
MODIFY `lb_record_primary_key` int(11) NOT NULL AUTO_INCREMENT,AUTO_INCREMENT=15;
--
-- AUTO_INCREMENT for table `process_checklist`
--
ALTER TABLE `process_checklist`
MODIFY `pc_id` int(11) NOT NULL AUTO_INCREMENT;
--
-- AUTO_INCREMENT for table `process_checklist_default`
--
ALTER TABLE `process_checklist_default`
MODIFY `pcdi_id` int(11) NOT NULL AUTO_INCREMENT;
--
-- AUTO_INCREMENT for table `process_checklist_item_rel`
--
ALTER TABLE `process_checklist_item_rel`
MODIFY `pcir_id` int(11) NOT NULL AUTO_INCREMENT;
/*!40101 SET CHARACTER_SET_CLIENT=@OLD_CHARACTER_SET_CLIENT */;
/*!40101 SET CHARACTER_SET_RESULTS=@OLD_CHARACTER_SET_RESULTS */;
/*!40101 SET COLLATION_CONNECTION=@OLD_COLLATION_CONNECTION */;
